FVC file = HN_Cal_2014.fvc, Simulation Execution: 14/02/2020 17:01:03
Nodestring coordinates,X,Y,ZB,Chain,Length,LeftCellID,RightCellID,NSID,ID
, 0.31208690000000E+06, 0.63096101000000E+07,  0.0000000E+00,  0.0000000E+00,  0.6206185E+02,        4658,           0,           1,           1
, 0.31211400000000E+06, 0.63095900000000E+07,  0.0000000E+00,  0.3374048E+02,  0.6206185E+02,        4659,           0,           1,           1
, 0.31213730000000E+06, 0.63095739000000E+07,  0.0000000E+00,  0.6206185E+02,  0.6206185E+02,,,           1,           1
, 0.29693364000000E+06, 0.62992746400000E+07,  0.0000000E+00,  0.0000000E+00,  0.7616548E+02,        5816,           0,           2,           2
, 0.29695172700000E+06, 0.62993081500000E+07,  0.0000000E+00,  0.3807965E+02,  0.7616548E+02,        5815,           0,           2,           2
, 0.29697105000000E+06, 0.62993409700000E+07,  0.0000000E+00,  0.7616548E+02,  0.7616548E+02,,,           2,           2
, 0.28598920000000E+06, 0.62785455000000E+07,  0.0000000E+00,  0.0000000E+00,  0.5961963E+02,        7957,           0,           3,           3
, 0.28594490000000E+06, 0.62785854000000E+07,  0.0000000E+00,  0.5961963E+02,  0.5961963E+02,,,           3,           3
, 0.29204835000000E+06, 0.62103242700000E+07,  0.1258888E+03,  0.0000000E+00,  0.5960672E+02,       10530,           0,           4,           4
, 0.29199121000000E+06, 0.62103073000000E+07,  0.0000000E+00,  0.5960672E+02,  0.5960672E+02,,,           4,           4
, 0.27909140000000E+06, 0.62493758000000E+07,  0.1214205E+02,  0.0000000E+00,  0.5061472E+02,        9722,           0,           5,           5
, 0.27906920000000E+06, 0.62493879500000E+07,  0.1242447E+02,  0.2530736E+02,  0.5061472E+02,        9721,           0,           5,           5
, 0.27904700000000E+06, 0.62494001000000E+07,  0.0000000E+00,  0.5061472E+02,  0.5061472E+02,,,           5,           5
, 0.34641200000000E+06, 0.62868030000000E+07,  0.0000000E+00,  0.0000000E+00,  0.3724476E+04,           2,           0,           6,           6
, 0.34617166700000E+06, 0.62862306700000E+07,  0.0000000E+00,  0.6207427E+03,  0.3724476E+04,           3,           0,           6,           6
, 0.34593133300000E+06, 0.62856583300000E+07,  0.0000000E+00,  0.1241495E+04,  0.3724476E+04,           4,           0,           6,           6
, 0.34569100000000E+06, 0.62850860000000E+07,  0.0000000E+00,  0.1862238E+04,  0.3724476E+04,           5,           0,           6,           6
, 0.34545066700000E+06, 0.62845136700000E+07,  0.0000000E+00,  0.2482980E+04,  0.3724476E+04,           6,           0,           6,           6
, 0.34521033300000E+06, 0.62839413300000E+07,  0.0000000E+00,  0.3103733E+04,  0.3724476E+04,           7,           0,           6,           6
, 0.34497000000000E+06, 0.62833690000000E+07,  0.0000000E+00,  0.3724476E+04,  0.3724476E+04,,,           6,           6
, 0.34164200000000E+06, 0.62802240000000E+07,  0.0000000E+00,  0.0000000E+00,  0.1346291E+03,         221,           0,           7,           7
, 0.34161700000000E+06, 0.62802865000000E+07,  0.0000000E+00,  0.6731456E+02,  0.1346291E+03,         220,           0,           7,           7
, 0.34159200000000E+06, 0.62803490000000E+07,  0.0000000E+00,  0.1346291E+03,  0.1346291E+03,,,           7,           7
, 0.34488300000000E+06, 0.62786660000000E+07,  0.0000000E+00,  0.0000000E+00,  0.1654630E+03,         315,           0,           8,           8
, 0.34482450000000E+06, 0.62786075000000E+07,  0.0000000E+00,  0.8273149E+02,  0.1654630E+03,         317,           0,           8,           8
, 0.34476600000000E+06, 0.62785490000000E+07,  0.0000000E+00,  0.1654630E+03,  0.1654630E+03,,,           8,           8
, 0.34032500000000E+06, 0.62768490000000E+07,  0.0000000E+00,  0.0000000E+00,  0.3020546E+03,         410,           0,           9,           9
, 0.34022950000000E+06, 0.62769660000000E+07,  0.0000000E+00,  0.1510273E+03,  0.3020546E+03,         409,           0,           9,           9
, 0.34013400000000E+06, 0.62770830000000E+07,  0.0000000E+00,  0.3020546E+03,  0.3020546E+03,,,           9,           9
, 0.34032500000000E+06, 0.62751910000000E+07,  0.0000000E+00,  0.0000000E+00,  0.3077028E+03,         659,           0,          10,          10
, 0.34017950000000E+06, 0.62751410000000E+07,  0.0000000E+00,  0.1538514E+03,  0.3077028E+03,         658,           0,          10,          10
, 0.34003400000000E+06, 0.62750910000000E+07,  0.0000000E+00,  0.3077028E+03,  0.3077028E+03,,,          10,          10
, 0.34325000000000E+06, 0.62739580000000E+07,  0.0000000E+00,  0.0000000E+00,  0.4580699E+03,         693,           0,          11,          11
, 0.34309733300000E+06, 0.62739606700000E+07,  0.0000000E+00,  0.1526904E+03,  0.4580699E+03,         694,           0,          11,          11
, 0.34294466700000E+06, 0.62739633300000E+07,  0.0000000E+00,  0.3053795E+03,  0.4580699E+03,         695,           0,          11,          11
, 0.34279200000000E+06, 0.62739660000000E+07,  0.0000000E+00,  0.4580699E+03,  0.4580699E+03,,,          11,          11
, 0.32584600000000E+06, 0.62870140000000E+07,  0.0000000E+00,  0.0000000E+00,  0.1755591E+03,        2168,           0,          12,          12
, 0.32581100000000E+06, 0.62870945000000E+07,  0.0000000E+00,  0.8777956E+02,  0.1755591E+03,        2167,           0,          12,          12
, 0.32577600000000E+06, 0.62871750000000E+07,  0.0000000E+00,  0.1755591E+03,  0.1755591E+03,,,          12,          12
, 0.32604900000000E+06, 0.62785730000000E+07,  0.0000000E+00,  0.0000000E+00,  0.1475805E+03,        3006,           0,          13,          13
, 0.32598300000000E+06, 0.62785400000000E+07,  0.0000000E+00,  0.7379025E+02,  0.1475805E+03,        3005,           0,          13,          13
, 0.32591700000000E+06, 0.62785070000000E+07,  0.0000000E+00,  0.1475805E+03,  0.1475805E+03,,,          13,          13
, 0.32484900000000E+06, 0.62819640000000E+07,  0.0000000E+00,  0.0000000E+00,  0.1342721E+03,        2715,           0,          14,          14
, 0.32473900000000E+06, 0.62820410000000E+07,  0.0000000E+00,  0.1342721E+03,  0.1342721E+03,,,          14,          14
, 0.33420200000000E+06, 0.62839690000000E+07,  0.0000000E+00,  0.0000000E+00,  0.3862188E+03,         726,           0,          15,          15
, 0.33421500000000E+06, 0.62843550000000E+07,  0.0000000E+00,  0.3862188E+03,  0.3862188E+03,,,          15,          15
, 0.33856700000000E+06, 0.62934240000000E+07,  0.0000000E+00,  0.0000000E+00,  0.1126987E+03,        1302,           0,          16,          16
, 0.33866800000000E+06, 0.62933740000000E+07,  0.0000000E+00,  0.1126987E+03,  0.1126987E+03,,,          16,          16
, 0.32972000000000E+06, 0.62745750000000E+07,  0.4998316E+00,  0.0000000E+00,  0.2155696E+03,        1867,           0,          17,          17
, 0.32963778400000E+06, 0.62745053000000E+07,  0.0000000E+00,  0.1077848E+03,  0.2155696E+03,        1866,           0,          17,          17
, 0.32955556800000E+06, 0.62744356000000E+07,  0.0000000E+00,  0.2155696E+03,  0.2155696E+03,,,          17,          17
, 0.33419549900000E+06, 0.62764513800000E+07,  0.0000000E+00,  0.0000000E+00,  0.1700270E+03,        1570,           0,          18,          18
, 0.33415225000000E+06, 0.62763781900000E+07,  0.0000000E+00,  0.8501324E+02,  0.1700270E+03,        1571,           0,          18,          18
, 0.33410900000000E+06, 0.62763050000000E+07,  0.0000000E+00,  0.1700270E+03,  0.1700270E+03,,,          18,          18
, 0.33652107700000E+06, 0.62762261800000E+07,  0.0000000E+00,  0.0000000E+00,  0.1310851E+03,        1518,           0,          19,          19
, 0.33646703800000E+06, 0.62761890900000E+07,  0.0000000E+00,  0.6554298E+02,  0.1310851E+03,        1519,           0,          19,          19
, 0.33641300000000E+06, 0.62761520000000E+07,  0.0000000E+00,  0.1310851E+03,  0.1310851E+03,,,          19,          19
, 0.33799100000000E+06, 0.62981750000000E+07,  0.0000000E+00,  0.0000000E+00,  0.8475848E+02,        2312,           0,          20,          20
, 0.33796300000000E+06, 0.62980950000000E+07,  0.0000000E+00,  0.8475848E+02,  0.8475848E+02,,,          20,          20
, 0.32268200000000E+06, 0.62890910000000E+07,  0.5000000E+00,  0.0000000E+00,  0.1531176E+03,        2437,           0,          21,          21
, 0.32268800000000E+06, 0.62892440000000E+07,  0.0000000E+00,  0.1531176E+03,  0.1531176E+03,,,          21,          21
, 0.33239700000000E+06, 0.63000830000000E+07,  0.0000000E+00,  0.0000000E+00,  0.2602787E+03,        3157,           0,          22,          22
, 0.33231800000000E+06, 0.62998350000000E+07,  0.0000000E+00,  0.2602787E+03,  0.2602787E+03,,,          22,          22
, 0.32781200000000E+06, 0.63022020000000E+07,  0.0000000E+00,  0.0000000E+00,  0.2660000E+03,        3137,           0,          23,          23
, 0.32807800000000E+06, 0.63022020000000E+07,  0.0000000E+00,  0.2660000E+03,  0.2660000E+03,,,          23,          23
, 0.34526261200000E+06, 0.62893723900000E+07,  0.0000000E+00,  0.0000000E+00,  0.4670260E+03,         113,           0,          24,          24
, 0.34572000000000E+06, 0.62892780000000E+07,  0.0000000E+00,  0.4670260E+03,  0.4670260E+03,,,          24,          24
, 0.29922830000000E+06, 0.62735030000000E+07,  0.0000000E+00,  0.0000000E+00,  0.1281913E+02,        7929,           0,          25,          25
, 0.29921550000000E+06, 0.62735037000000E+07,  0.0000000E+00,  0.1281913E+02,  0.1281913E+02,,,          25,          25
, 0.29742510000000E+06, 0.62714257000000E+07,  0.0000000E+00,  0.0000000E+00,  0.2629239E+02,        8139,           0,          26,          26
, 0.29741760000000E+06, 0.62714509000000E+07,  0.0000000E+00,  0.2629239E+02,  0.2629239E+02,,,          26,          26
, 0.28514687000000E+06, 0.62082499800000E+07,  0.1329999E+03,  0.0000000E+00,  0.4558037E+02,       10646,           0,          27,          27
, 0.28510397000000E+06, 0.62082345800000E+07,  0.0000000E+00,  0.4558037E+02,  0.4558037E+02,,,          27,          27
, 0.32841100000000E+06, 0.62908580000000E+07,  0.0000000E+00,  0.0000000E+00,  0.6828088E+03,        1933,        1954,          28,          28
, 0.32856819800000E+06, 0.62908569600000E+07,  0.0000000E+00,  0.1572014E+03,  0.6828088E+03,        1934,        1955,          28,          28
, 0.32866548100000E+06, 0.62908666400000E+07,  0.0000000E+00,  0.2549649E+03,  0.6828088E+03,        1935,        1941,          28,          28
, 0.32873318800000E+06, 0.62908829800000E+07,  0.0000000E+00,  0.3246157E+03,  0.6828088E+03,        1917,        1939,          28,          28
, 0.32880104400000E+06, 0.62908998300000E+07,  0.0000000E+00,  0.3945325E+03,  0.6828088E+03,        1915,        1937,          28,          28
, 0.32886843900000E+06, 0.62908694000000E+07,  0.0000000E+00,  0.4684789E+03,  0.6828088E+03,        1914,        1936,          28,          28
, 0.32893620900000E+06, 0.62908910100000E+07,  0.0000000E+00,  0.5396109E+03,  0.6828088E+03,        1916,        1938,          28,          28
, 0.32900413900000E+06, 0.62909131300000E+07,  0.0000000E+00,  0.6110516E+03,  0.6828088E+03,        1918,        1940,          28,          28
, 0.32907223100000E+06, 0.62909357700000E+07,  0.0000000E+00,  0.6828088E+03,  0.6828088E+03,,,          28,          28
, 0.32170619300000E+06, 0.62961496500000E+07,  0.0000000E+00,  0.0000000E+00,  0.5247333E+03,        3304,        3308,          29,          29
, 0.32182652500000E+06, 0.62962019000000E+07,  0.0000000E+00,  0.1311863E+03,  0.5247333E+03,        3305,        3309,          29,          29
, 0.32194685700000E+06, 0.62962541400000E+07,  0.0000000E+00,  0.2623687E+03,  0.5247333E+03,        3306,        3310,          29,          29
, 0.32206718900000E+06, 0.62963063800000E+07,  0.0000000E+00,  0.3935510E+03,  0.5247333E+03,        3307,        3311,          29,          29
, 0.32218752100000E+06, 0.62963586200000E+07,  0.0000000E+00,  0.5247333E+03,  0.5247333E+03,,,          29,          29
, 0.31320322600000E+06, 0.63031613700000E+07,  0.0000000E+00,  0.0000000E+00,  0.3538237E+03,        3900,        3904,          30,          30
, 0.31330649100000E+06, 0.63031880400000E+07,  0.0000000E+00,  0.1066534E+03,  0.3538237E+03,        3901,        3905,          30,          30
, 0.31339220900000E+06, 0.63032101800000E+07,  0.0000000E+00,  0.1951845E+03,  0.3538237E+03,        3902,        3906,          30,          30
, 0.31347792900000E+06, 0.63032323000000E+07,  0.0000000E+00,  0.2837125E+03,  0.3538237E+03,        3903,        3907,          30,          30
, 0.31354658300000E+06, 0.63032465200000E+07,  0.0000000E+00,  0.3538237E+03,  0.3538237E+03,,,          30,          30
, 0.30597089800000E+06, 0.63002190300000E+07,  0.0000000E+00,  0.0000000E+00,  0.2683850E+03,        4760,        4764,          31,          31
, 0.30596283500000E+06, 0.63002856400000E+07,  0.0000000E+00,  0.6709623E+02,  0.2683850E+03,        4761,        4765,          31,          31
, 0.30595477100000E+06, 0.63003522500000E+07,  0.0000000E+00,  0.1341926E+03,  0.2683850E+03,        4762,        4766,          31,          31
, 0.30594670800000E+06, 0.63004188600000E+07,  0.0000000E+00,  0.2012888E+03,  0.2683850E+03,        4763,        4767,          31,          31
, 0.30593864500000E+06, 0.63004854700000E+07,  0.0000000E+00,  0.2683850E+03,  0.2683850E+03,,,          31,          31
, 0.30346180600000E+06, 0.62919732900000E+07,  0.0000000E+00,  0.0000000E+00,  0.2310240E+03,        5976,        5980,          32,          32
, 0.30341308100000E+06, 0.62920043000000E+07,  0.0000000E+00,  0.5775592E+02,  0.2310240E+03,        5975,        5979,          32,          32
, 0.30336435600000E+06, 0.62920353100000E+07,  0.0000000E+00,  0.1155118E+03,  0.2310240E+03,        5974,        5978,          32,          32
, 0.30331563100000E+06, 0.62920663200000E+07,  0.0000000E+00,  0.1732677E+03,  0.2310240E+03,        5973,        5977,          32,          32
, 0.30326696300000E+06, 0.62920974200000E+07,  0.0000000E+00,  0.2310240E+03,  0.2310240E+03,,,          32,          32
, 0.29999448500000E+06, 0.62835000400000E+07,  0.0000000E+00,  0.0000000E+00,  0.1633649E+03,        6892,        6895,          33,          33
, 0.29996103000000E+06, 0.62835429500000E+07,  0.0000000E+00,  0.5441052E+02,  0.1633649E+03,        6893,        6896,          33,          33
, 0.29992795400000E+06, 0.62835862500000E+07,  0.0000000E+00,  0.1088982E+03,  0.1633649E+03,        6894,        6897,          33,          33
, 0.29989473000000E+06, 0.62836294100000E+07,  0.0000000E+00,  0.1633649E+03,  0.1633649E+03,,,          33,          33
, 0.28557440000000E+06, 0.62641016000000E+07,  0.1316699E+02,  0.0000000E+00,  0.1166898E+03,        9120,        9125,          34,          34
, 0.28553743300000E+06, 0.62641137000000E+07,  0.1303410E+02,  0.3889690E+02,  0.1166898E+03,        9122,        9126,          34,          34
, 0.28550046700000E+06, 0.62641258000000E+07,  0.1345081E+02,  0.7779286E+02,  0.1166898E+03,        9121,        9127,          34,          34
, 0.28546350000000E+06, 0.62641379000000E+07,  0.0000000E+00,  0.1166898E+03,  0.1166898E+03,,,          34,          34
, 0.28074053000000E+06, 0.62507100400000E+07,  0.2461878E+02,  0.0000000E+00,  0.3003599E+02,        9773,        9775,          35,          35
, 0.28074661500000E+06, 0.62506963100000E+07,  0.2460357E+02,  0.1501799E+02,  0.3003599E+02,        9774,        9776,          35,          35
, 0.28075270000000E+06, 0.62506825800000E+07,  0.0000000E+00,  0.3003599E+02,  0.3003599E+02,,,          35,          35
, 0.27999598000000E+06, 0.62399812100000E+07,  0.4320120E+02,  0.0000000E+00,  0.3190014E+02,       10074,       10075,          36,          36
, 0.27996492400000E+06, 0.62399739200000E+07,  0.0000000E+00,  0.3190014E+02,  0.3190014E+02,,,          36,          36
, 0.28303172000000E+06, 0.62344695300000E+07,  0.4469374E+02,  0.0000000E+00,  0.3913838E+02,       10132,       10133,          37,          37
, 0.28299574300000E+06, 0.62344849400000E+07,  0.0000000E+00,  0.3913838E+02,  0.3913838E+02,,,          37,          37
, 0.28363608000000E+06, 0.62330798200000E+07,  0.4655560E+02,  0.0000000E+00,  0.3117379E+02,       10142,       10143,          38,          38
, 0.28361078500000E+06, 0.62330616000000E+07,  0.0000000E+00,  0.3117379E+02,  0.3117379E+02,,,          38,          38
, 0.28565126000000E+06, 0.62326132700000E+07,  0.4694950E+02,  0.0000000E+00,  0.4414968E+02,       10161,       10162,          39,          39
, 0.28568972000000E+06, 0.62325915900000E+07,  0.0000000E+00,  0.4414968E+02,  0.4414968E+02,,,          39,          39
, 0.28572677000000E+06, 0.62311502600000E+07,  0.4925840E+02,  0.0000000E+00,  0.3637014E+02,       10188,       10189,          40,          40
, 0.28569287200000E+06, 0.62311634400000E+07,  0.0000000E+00,  0.3637014E+02,  0.3637014E+02,,,          40,          40
, 0.28799162000000E+06, 0.62302010600000E+07,  0.5276119E+02,  0.0000000E+00,  0.3742752E+02,       10221,       10222,          41,          41
, 0.28797477000000E+06, 0.62301676400000E+07,  0.0000000E+00,  0.3742752E+02,  0.3742752E+02,,,          41,          41
, 0.29187778000000E+06, 0.62224828800000E+07,  0.5914980E+02,  0.0000000E+00,  0.5012593E+02,       10316,       10317,          42,          42
, 0.29190636000000E+06, 0.62224417000000E+07,  0.0000000E+00,  0.5012593E+02,  0.5012593E+02,,,          42,          42
, 0.28908589500000E+06, 0.62142178600000E+07,  0.6120062E+02,  0.0000000E+00,  0.3113572E+02,       10439,       10441,          43,          43
, 0.28908879900000E+06, 0.62142488600000E+07,  0.0000000E+00,  0.3113572E+02,  0.3113572E+02,,,          43,          43
, 0.28167919000000E+06, 0.62127668300000E+07,  0.8199998E+02,  0.0000000E+00,  0.4499153E+02,       10559,       10560,          44,          44
, 0.28164250000000E+06, 0.62127928700000E+07,  0.0000000E+00,  0.4499153E+02,  0.4499153E+02,,,          44,          44
, 0.27965140000000E+06, 0.62510349000000E+07,  0.1700000E+02,  0.0000000E+00,  0.8406724E+02,        9679,        9685,          45,          45
, 0.27960530000000E+06, 0.62509646000000E+07,  0.0000000E+00,  0.8406724E+02,  0.8406724E+02,,,          45,          45
, 0.28116382000000E+06, 0.62429275300000E+07,  0.2465341E+02,  0.0000000E+00,  0.2856156E+02,       10009,       10011,          46,          46
, 0.28116769500000E+06, 0.62429412800000E+07,  0.2479855E+02,  0.1428559E+02,  0.2856156E+02,       10010,       10014,          46,          46
, 0.28117157000000E+06, 0.62429550200000E+07,  0.0000000E+00,  0.2856156E+02,  0.2856156E+02,,,          46,          46
, 0.28989708500000E+06, 0.62139941900000E+07,  0.6000000E+02,  0.0000000E+00,  0.3710658E+02,       10394,       10395,          47,          47
, 0.28988276000000E+06, 0.62140284200000E+07,  0.0000000E+00,  0.3710658E+02,  0.3710658E+02,,,          47,          47
, 0.28038589000000E+06, 0.62505684400000E+07,  0.2266463E+02,  0.0000000E+00,  0.4175976E+02,        9762,        9764,          48,          48
, 0.28037379500000E+06, 0.62505514200000E+07,  0.2271088E+02,  0.2087988E+02,  0.4175976E+02,        9761,        9763,          48,          48
, 0.28036170000000E+06, 0.62505344000000E+07,  0.0000000E+00,  0.4175976E+02,  0.4175976E+02,,,          48,          48
, 0.28001036500000E+06, 0.62506353000000E+07,  0.2091588E+02,  0.0000000E+00,  0.3907872E+02,        9746,        9748,          49,          49
, 0.28000816400000E+06, 0.62506158800000E+07,  0.2043250E+02,  0.1954433E+02,  0.3907872E+02,        9745,        9747,          49,          49
, 0.28000596300000E+06, 0.62505964700000E+07,  0.0000000E+00,  0.3907872E+02,  0.3907872E+02,,,          49,          49
, 0.27966509000000E+06, 0.62506378300000E+07,  0.1915852E+02,  0.0000000E+00,  0.4202417E+02,        9728,        9730,          50,          50
, 0.27967607000000E+06, 0.62506199200000E+07,  0.1878588E+02,  0.2100782E+02,  0.4202417E+02,        9727,        9729,          50,          50
, 0.27968705000000E+06, 0.62506020000000E+07,  0.0000000E+00,  0.4202417E+02,  0.4202417E+02,,,          50,          50
, 0.28038589000000E+06, 0.62505684400000E+07,  0.2326116E+02,  0.0000000E+00,  0.3811164E+02,        9764,        9765,          51,          51
, 0.28039445000000E+06, 0.62505514200000E+07,  0.2286714E+02,  0.1905135E+02,  0.3811164E+02,        9763,        9766,          51,          51
, 0.28040301000000E+06, 0.62505343900000E+07,  0.0000000E+00,  0.3811164E+02,  0.3811164E+02,,,          51,          51
, 0.27985292100000E+06, 0.62507410200000E+07,  0.2022686E+02,  0.0000000E+00,  0.4101562E+02,        9738,        9740,          52,          52
, 0.27985258100000E+06, 0.62507205200000E+07,  0.1984165E+02,  0.2050282E+02,  0.4101562E+02,        9737,        9739,          52,          52
, 0.27985224200000E+06, 0.62507000100000E+07,  0.0000000E+00,  0.4101562E+02,  0.4101562E+02,,,          52,          52
, 0.33661228100000E+06, 0.62843645700000E+07,  0.0000000E+00,  0.0000000E+00,  0.1412736E+04,         479,         503,          53,          53
, 0.33686228700000E+06, 0.62845302300000E+07,  0.0000000E+00,  0.2999104E+03,  0.1412736E+04,         477,         502,          53,          53
, 0.33706581600000E+06, 0.62846200400000E+07,  0.0000000E+00,  0.5223736E+03,  0.1412736E+04,         476,         501,          53,          53
, 0.33726939000000E+06, 0.62847098700000E+07,  0.0000000E+00,  0.7448861E+03,  0.1412736E+04,         475,         500,          53,          53
, 0.33747300900000E+06, 0.62847997200000E+07,  0.0000000E+00,  0.9674478E+03,  0.1412736E+04,         474,         499,          53,          53
, 0.33767667300000E+06, 0.62848896100000E+07,  0.0000000E+00,  0.1190067E+04,  0.1412736E+04,         473,         498,          53,          53
, 0.33788038300000E+06, 0.62849795200000E+07,  0.0000000E+00,  0.1412736E+04,  0.1412736E+04,,,          53,          53
, 0.33688700000000E+06, 0.62876020000000E+07,  0.0000000E+00,  0.0000000E+00,  0.1064343E+04,         736,         751,          54,          54
, 0.33709820000000E+06, 0.62875754000000E+07,  0.0000000E+00,  0.2128685E+03,  0.1064343E+04,         735,         750,          54,          54
, 0.33730940000000E+06, 0.62875488000000E+07,  0.0000000E+00,  0.4257370E+03,  0.1064343E+04,         734,         749,          54,          54
, 0.33752060000000E+06, 0.62875222000000E+07,  0.0000000E+00,  0.6386055E+03,  0.1064343E+04,         733,         748,          54,          54
, 0.33773180000000E+06, 0.62874956000000E+07,  0.0000000E+00,  0.8514740E+03,  0.1064343E+04,         732,         747,          54,          54
, 0.33794300000000E+06, 0.62874690000000E+07,  0.0000000E+00,  0.1064343E+04,  0.1064343E+04,,,          54,          54
, 0.33569600000000E+06, 0.62873394000000E+07,  0.0000000E+00,  0.0000000E+00,  0.4025847E+03,         722,         740,          55,          55
, 0.33584740100000E+06, 0.62873319000000E+07,  0.0000000E+00,  0.1515867E+03,  0.4025847E+03,         720,         738,          55,          55
, 0.33591941400000E+06, 0.62873801100000E+07,  0.0000000E+00,  0.2382473E+03,  0.4025847E+03,         719,         737,          55,          55
, 0.33598617900000E+06, 0.62874294400000E+07,  0.0000000E+00,  0.3212595E+03,  0.4025847E+03,         721,         739,          55,          55
, 0.33604975800000E+06, 0.62874801500000E+07,  0.0000000E+00,  0.4025847E+03,  0.4025847E+03,,,          55,          55
, 0.33484492000000E+06, 0.62871040000000E+07,  0.0000000E+00,  0.0000000E+00,  0.4162397E+03,        1266,        1292,          56,          56
, 0.33490678500000E+06, 0.62869056000000E+07,  0.0000000E+00,  0.2078217E+03,  0.4162397E+03,        1267,        1293,          56,          56
, 0.33497000000000E+06, 0.62867070000000E+07,  0.0000000E+00,  0.4162397E+03,  0.4162397E+03,,,          56,          56
, 0.33438250000000E+06, 0.62872061000000E+07,  0.0000000E+00,  0.0000000E+00,  0.1027644E+04,         858,         878,          57,          57
, 0.33431799200000E+06, 0.62873647600000E+07,  0.0000000E+00,  0.1712725E+03,  0.1027644E+04,         859,         879,          57,          57
, 0.33425348500000E+06, 0.62875234200000E+07,  0.0000000E+00,  0.3425447E+03,  0.1027644E+04,         860,         880,          57,          57
, 0.33418897700000E+06, 0.62876820800000E+07,  0.0000000E+00,  0.5138172E+03,  0.1027644E+04,         862,         881,          57,          57
, 0.33412446900000E+06, 0.62878407400000E+07,  0.0000000E+00,  0.6850897E+03,  0.1027644E+04,         882,         883,          57,          57
, 0.33405996200000E+06, 0.62879994100000E+07,  0.0000000E+00,  0.8563712E+03,  0.1027644E+04,         884,         902,          57,          57
, 0.33399545400000E+06, 0.62881580700000E+07,  0.0000000E+00,  0.1027644E+04,  0.1027644E+04,,,          57,          57
, 0.33308260700000E+06, 0.62869985700000E+07,  0.0000000E+00,  0.0000000E+00,  0.3421266E+03,         997,        1035,          58,          58
, 0.33290662600000E+06, 0.62869918600000E+07,  0.0000000E+00,  0.1761089E+03,  0.3421266E+03,         998,        1036,          58,          58
, 0.33274080300000E+06, 0.62869838200000E+07,  0.0000000E+00,  0.3421266E+03,  0.3421266E+03,,,          58,          58
, 0.33256856700000E+06, 0.62872939500000E+07,  0.0000000E+00,  0.0000000E+00,  0.8027698E+03,        1032,        1062,          59,          59
, 0.33260320600000E+06, 0.62874231900000E+07,  0.0000000E+00,  0.1338015E+03,  0.8027698E+03,        1033,        1063,          59,          59
, 0.33263784400000E+06, 0.62875524200000E+07,  0.0000000E+00,  0.2675930E+03,  0.8027698E+03,        1034,        1064,          59,          59
, 0.33267248300000E+06, 0.62876816500000E+07,  0.0000000E+00,  0.4013849E+03,  0.8027698E+03,        1037,        1065,          59,          59
, 0.33270712200000E+06, 0.62878108900000E+07,  0.0000000E+00,  0.5351864E+03,  0.8027698E+03,        1039,        1068,          59,          59
, 0.33274176000000E+06, 0.62879401200000E+07,  0.0000000E+00,  0.6689780E+03,  0.8027698E+03,        1069,        1070,          59,          59
, 0.33277639900000E+06, 0.62880693500000E+07,  0.0000000E+00,  0.8027698E+03,  0.8027698E+03,,,          59,          59
, 0.33164857400000E+06, 0.62880382800000E+07,  0.0000000E+00,  0.0000000E+00,  0.1271112E+04,        1203,        1227,          60,          60
, 0.33174649200000E+06, 0.62881448900000E+07,  0.0000000E+00,  0.1447537E+03,  0.1271112E+04,        1204,        1228,          60,          60
, 0.33184441000000E+06, 0.62882515100000E+07,  0.0000000E+00,  0.2895147E+03,  0.1271112E+04,        1205,        1229,          60,          60
, 0.33194232800000E+06, 0.62883581200000E+07,  0.0000000E+00,  0.4342684E+03,  0.1271112E+04,        1207,        1230,          60,          60
, 0.33204024600000E+06, 0.62884647300000E+07,  0.0000000E+00,  0.5790220E+03,  0.1271112E+04,        1206,        1231,          60,          60
, 0.33213816400000E+06, 0.62885713400000E+07,  0.0000000E+00,  0.7237757E+03,  0.1271112E+04,        1208,        1232,          60,          60
, 0.33223608200000E+06, 0.62886779600000E+07,  0.0000000E+00,  0.8685367E+03,  0.1271112E+04,        1209,        1233,          60,          60
, 0.33233400000000E+06, 0.62887845700000E+07,  0.0000000E+00,  0.1013290E+04,  0.1271112E+04,        1210,        1234,          60,          60
, 0.33246686500000E+06, 0.62888037800000E+07,  0.0000000E+00,  0.1147537E+04,  0.1271112E+04,        1211,        1212,          60,          60
, 0.33258962300000E+06, 0.62887895900000E+07,  0.0000000E+00,  0.1271112E+04,  0.1271112E+04,,,          60,          60
, 0.33105658700000E+06, 0.62891223900000E+07,  0.0000000E+00,  0.0000000E+00,  0.1146314E+04,        1367,        1393,          61,          61
, 0.33110539100000E+06, 0.62891619300000E+07,  0.0000000E+00,  0.6281116E+02,  0.1146314E+04,        1366,        1392,          61,          61
, 0.33115419600000E+06, 0.62892014600000E+07,  0.0000000E+00,  0.1256168E+03,  0.1146314E+04,        1364,        1391,          61,          61
, 0.33120300000000E+06, 0.62892410000000E+07,  0.0000000E+00,  0.1884280E+03,  0.1146314E+04,        1363,        1388,          61,          61
, 0.33131060100000E+06, 0.62892676500000E+07,  0.0000000E+00,  0.2992801E+03,  0.1146314E+04,        1362,        1387,          61,          61
, 0.33141708700000E+06, 0.62893251200000E+07,  0.0000000E+00,  0.4202845E+03,  0.1146314E+04,        1365,        1389,          61,          61
, 0.33152357400000E+06, 0.62893825900000E+07,  0.0000000E+00,  0.5412898E+03,  0.1146314E+04,        1368,        1373,          61,          61
, 0.33163006000000E+06, 0.62894400600000E+07,  0.0000000E+00,  0.6622942E+03,  0.1146314E+04,        1347,        1372,          61,          61
, 0.33173654600000E+06, 0.62894975300000E+07,  0.0000000E+00,  0.7832986E+03,  0.1146314E+04,        1346,        1371,          61,          61
, 0.33184303300000E+06, 0.62895550000000E+07,  0.0000000E+00,  0.9043039E+03,  0.1146314E+04,        1345,        1370,          61,          61
, 0.33194951900000E+06, 0.62896124700000E+07,  0.0000000E+00,  0.1025308E+04,  0.1146314E+04,        1344,        1369,          61,          61
, 0.33205600600000E+06, 0.62896699400000E+07,  0.0000000E+00,  0.1146314E+04,  0.1146314E+04,,,          61,          61
, 0.32939400000000E+06, 0.62880800000000E+07,  0.0000000E+00,  0.0000000E+00,  0.1108727E+04,        1781,        1783,          62,          62
, 0.32928684800000E+06, 0.62881786900000E+07,  0.0000000E+00,  0.1456752E+03,  0.1108727E+04,        1779,        1782,          62,          62
, 0.32919166000000E+06, 0.62882757700000E+07,  0.0000000E+00,  0.2816358E+03,  0.1108727E+04,        1778,        1802,          62,          62
, 0.32896091400000E+06, 0.62884348500000E+07,  0.0000000E+00,  0.5619038E+03,  0.1108727E+04,        1780,        1803,          62,          62
, 0.32878281000000E+06, 0.62886410800000E+07,  0.0000000E+00,  0.8343958E+03,  0.1108727E+04,        1784,        1804,          62,          62
, 0.32861228100000E+06, 0.62888559700000E+07,  0.0000000E+00,  0.1108727E+04,  0.1108727E+04,,,          62,          62
, 0.32757608800000E+06, 0.62885331900000E+07,  0.0000000E+00,  0.0000000E+00,  0.7047825E+03,        1906,        1924,          63,          63
, 0.32765070500000E+06, 0.62886930800000E+07,  0.0000000E+00,  0.1764441E+03,  0.7047825E+03,        1902,        1907,          63,          63
, 0.32774820800000E+06, 0.62888402100000E+07,  0.0000000E+00,  0.3529492E+03,  0.7047825E+03,        1882,        1897,          63,          63
, 0.32788518500000E+06, 0.62889496600000E+07,  0.0000000E+00,  0.5282832E+03,  0.7047825E+03,        1875,        1877,          63,          63
, 0.32802759200000E+06, 0.62890539300000E+07,  0.0000000E+00,  0.7047825E+03,  0.7047825E+03,,,          63,          63
, 0.32723423800000E+06, 0.62872931800000E+07,  0.0000000E+00,  0.0000000E+00,  0.4384567E+03,        2007,        2029,          64,          64
, 0.32729233700000E+06, 0.62871879200000E+07,  0.0000000E+00,  0.1202296E+03,  0.4384567E+03,        2028,        2030,          64,          64
, 0.32736118000000E+06, 0.62871038800000E+07,  0.0000000E+00,  0.2288670E+03,  0.4384567E+03,        2050,        2051,          64,          64
, 0.32745689600000E+06, 0.62870507900000E+07,  0.0000000E+00,  0.3383206E+03,  0.4384567E+03,        2073,        2074,          64,          64
, 0.32754450300000E+06, 0.62870022900000E+07,  0.0000000E+00,  0.4384567E+03,  0.4384567E+03,,,          64,          64
, 0.32804923200000E+06, 0.62864476700000E+07,  0.0000000E+00,  0.0000000E+00,  0.6301741E+03,        2187,        2209,          65,          65
, 0.32817378600000E+06, 0.62864669300000E+07,  0.0000000E+00,  0.1260343E+03,  0.6301741E+03,        2186,        2208,          65,          65
, 0.32829833900000E+06, 0.62864862000000E+07,  0.0000000E+00,  0.2520692E+03,  0.6301741E+03,        2185,        2207,          65,          65
, 0.32842289300000E+06, 0.62865054700000E+07,  0.0000000E+00,  0.3781050E+03,  0.6301741E+03,        2184,        2206,          65,          65
, 0.32854744600000E+06, 0.62865247300000E+07,  0.0000000E+00,  0.5041383E+03,  0.6301741E+03,        2183,        2204,          65,          65
, 0.32867200000000E+06, 0.62865440000000E+07,  0.0000000E+00,  0.6301741E+03,  0.6301741E+03,,,          65,          65
, 0.32605340000000E+06, 0.62946970000000E+07,  0.5000000E+00,  0.0000000E+00,  0.7811579E+03,        2946,        2956,          66,          66
, 0.32625700000000E+06, 0.62948282000000E+07,  0.0000000E+00,  0.2422115E+03,  0.7811579E+03,        2939,        2945,          66,          66
, 0.32631208900000E+06, 0.62949082300000E+07,  0.0000000E+00,  0.3393691E+03,  0.7811579E+03,        2929,        2944,          66,          66
, 0.32636195100000E+06, 0.62949828800000E+07,  0.0000000E+00,  0.4291401E+03,  0.7811579E+03,        2928,        2943,          66,          66
, 0.32640838800000E+06, 0.62950575400000E+07,  0.0000000E+00,  0.5170635E+03,  0.7811579E+03,        2927,        2942,          66,          66
, 0.32645273700000E+06, 0.62951334500000E+07,  0.0000000E+00,  0.6049791E+03,  0.7811579E+03,        2926,        2941,          66,          66
, 0.32649713300000E+06, 0.62952094700000E+07,  0.0000000E+00,  0.6930135E+03,  0.7811579E+03,        2925,        2940,          66,          66
, 0.32654157600000E+06, 0.62952855900000E+07,  0.0000000E+00,  0.7811579E+03,  0.7811579E+03,,,          66,          66
, 0.31257500000000E+06, 0.63048400000000E+07,  0.0000000E+00,  0.0000000E+00,  0.3899446E+03,        3981,        3988,          67,          67
, 0.31251800300000E+06, 0.63049190900000E+07,  0.0000000E+00,  0.9748788E+02,  0.3899446E+03,        3982,        3989,          67,          67
, 0.31246100500000E+06, 0.63049981700000E+07,  0.0000000E+00,  0.1949682E+03,  0.3899446E+03,        3983,        3990,          67,          67
, 0.31240400800000E+06, 0.63050772600000E+07,  0.0000000E+00,  0.2924561E+03,  0.3899446E+03,        3984,        3991,          67,          67
, 0.31234701000000E+06, 0.63051563500000E+07,  0.0000000E+00,  0.3899446E+03,  0.3899446E+03,,,          67,          67
, 0.30923118800000E+06, 0.62992615300000E+07,  0.0000000E+00,  0.0000000E+00,  0.2606853E+03,        4368,        4374,          68,          68
, 0.30923260700000E+06, 0.62993263100000E+07,  0.0000000E+00,  0.6479554E+02,  0.2606853E+03,        4369,        4375,          68,          68
, 0.30923339600000E+06, 0.62993914400000E+07,  0.0000000E+00,  0.1299303E+03,  0.2606853E+03,        4370,        4376,          68,          68
, 0.30923418500000E+06, 0.62994565700000E+07,  0.0000000E+00,  0.1950651E+03,  0.2606853E+03,        4371,        4377,          68,          68
, 0.30923401800000E+06, 0.62995221900000E+07,  0.0000000E+00,  0.2606853E+03,  0.2606853E+03,,,          68,          68
, 0.30264604900000E+06, 0.62913219800000E+07,  0.0000000E+00,  0.0000000E+00,  0.2170961E+03,        5929,        5933,          69,          69
, 0.30268449500000E+06, 0.62912836500000E+07,  0.0000000E+00,  0.5428889E+02,  0.2170961E+03,        5930,        5934,          69,          69
, 0.30272299200000E+06, 0.62912454000000E+07,  0.0000000E+00,  0.1085575E+03,  0.2170961E+03,        5931,        5935,          69,          69
, 0.30276149000000E+06, 0.62912071500000E+07,  0.0000000E+00,  0.1628268E+03,  0.2170961E+03,        5932,        5936,          69,          69
, 0.30279998800000E+06, 0.62911689000000E+07,  0.0000000E+00,  0.2170961E+03,  0.2170961E+03,,,          69,          69
, 0.30411620000000E+06, 0.62846924000000E+07,  0.0000000E+00,  0.0000000E+00,  0.1457518E+03,        6658,        6661,          70,          70
, 0.30406771100000E+06, 0.62846849000000E+07,  0.0000000E+00,  0.4906560E+02,  0.1457518E+03,        6659,        6662,          70,          70
, 0.30401977100000E+06, 0.62846794000000E+07,  0.0000000E+00,  0.9732007E+02,  0.1457518E+03,        6660,        6663,          70,          70
, 0.30397170000000E+06, 0.62846735000000E+07,  0.0000000E+00,  0.1457518E+03,  0.1457518E+03,,,          70,          70
, 0.29943005600000E+06, 0.62830671900000E+07,  0.0000000E+00,  0.0000000E+00,  0.1390987E+03,        6919,        6922,          71,          71
, 0.29938437500000E+06, 0.62830751300000E+07,  0.0000000E+00,  0.4636591E+02,  0.1390987E+03,        6920,        6923,          71,          71
, 0.29933869400000E+06, 0.62830830700000E+07,  0.0000000E+00,  0.9273181E+02,  0.1390987E+03,        6921,        6924,          71,          71
, 0.29929301200000E+06, 0.62830910100000E+07,  0.0000000E+00,  0.1390987E+03,  0.1390987E+03,,,          71,          71
, 0.29727428000000E+06, 0.62794952500000E+07,  0.0000000E+00,  0.0000000E+00,  0.1140071E+03,        7101,        7105,          72,          72
, 0.29729210300000E+06, 0.62795290800000E+07,  0.0000000E+00,  0.3823779E+02,  0.1140071E+03,        7102,        7106,          72,          72
, 0.29730992600000E+06, 0.62795629100000E+07,  0.0000000E+00,  0.7647557E+02,  0.1140071E+03,        7103,        7107,          72,          72
, 0.29732939000000E+06, 0.62795950000000E+07,  0.0000000E+00,  0.1140071E+03,  0.1140071E+03,,,          72,          72
, 0.29140290000000E+06, 0.62835569000000E+07,  0.0000000E+00,  0.0000000E+00,  0.1609953E+03,        7519,        7523,          73,          73
, 0.29138700200000E+06, 0.62836060100000E+07,  0.0000000E+00,  0.5161917E+02,  0.1609953E+03,        7520,        7524,          73,          73
, 0.29136475600000E+06, 0.62836646500000E+07,  0.0000000E+00,  0.1143371E+03,  0.1609953E+03,        7521,        7525,          73,          73
, 0.29134750000000E+06, 0.62837080000000E+07,  0.0000000E+00,  0.1609953E+03,  0.1609953E+03,,,          73,          73
, 0.28847460000000E+06, 0.62812152000000E+07,  0.0000000E+00,  0.0000000E+00,  0.1479356E+03,        7688,        7693,          74,          74
, 0.28843806500000E+06, 0.62812522300000E+07,  0.0000000E+00,  0.5201949E+02,  0.1479356E+03,        7689,        7694,          74,          74
, 0.28839999100000E+06, 0.62812913700000E+07,  0.0000000E+00,  0.1066232E+03,  0.1479356E+03,        7690,        7695,          74,          74
, 0.28836991300000E+06, 0.62813196900000E+07,  0.0000000E+00,  0.1479356E+03,  0.1479356E+03,,,          74,          74
, 0.28664090000000E+06, 0.62783131000000E+07,  0.1750000E+01,  0.0000000E+00,  0.1030809E+03,        7935,        7940,          75,          75
, 0.28660696700000E+06, 0.62783185000000E+07,  0.1750000E+01,  0.3435999E+02,  0.1030809E+03,        7936,        7941,          75,          75
, 0.28657303300000E+06, 0.62783239000000E+07,  0.1750000E+01,  0.6872095E+02,  0.1030809E+03,        7937,        7942,          75,          75
, 0.28653910000000E+06, 0.62783293000000E+07,  0.0000000E+00,  0.1030809E+03,  0.1030809E+03,,,          75,          75
, 0.28314535900000E+06, 0.62719274100000E+07,  0.4632199E+01,  0.0000000E+00,  0.1326741E+03,        8321,        8325,          76,          76
, 0.28310232800000E+06, 0.62719381300000E+07,  0.9165405E+00,  0.4434620E+02,  0.1326741E+03,        8324,        8326,          76,          76
, 0.28305971900000E+06, 0.62719498300000E+07,  0.2856096E+01,  0.8853236E+02,  0.1326741E+03,        8323,        8327,          76,          76
, 0.28301722000000E+06, 0.62719617600000E+07,  0.0000000E+00,  0.1326741E+03,  0.1326741E+03,,,          76,          76
, 0.28323952600000E+06, 0.62679949900000E+07,  0.6250000E+01,  0.0000000E+00,  0.3138493E+03,        8524,        8529,          77,          77
, 0.28315872500000E+06, 0.62679916300000E+07,  0.6249991E+01,  0.8087083E+02,  0.3138493E+03,        8522,        8527,          77,          77
, 0.28307792400000E+06, 0.62679882700000E+07,  0.4998146E+01,  0.1617417E+03,  0.3138493E+03,        8521,        8526,          77,          77
, 0.28302751200000E+06, 0.62679936900000E+07,  0.4134377E+01,  0.2124442E+03,  0.3138493E+03,        8523,        8528,          77,          77
, 0.28297710100000E+06, 0.62679991200000E+07,  0.5365819E+01,  0.2631468E+03,  0.3138493E+03,        8525,        8530,          77,          77
, 0.28292668900000E+06, 0.62680045400000E+07,  0.0000000E+00,  0.3138493E+03,  0.3138493E+03,,,          77,          77
, 0.28395850300000E+06, 0.62652335600000E+07,  0.1690000E+02,  0.0000000E+00,  0.5898397E+03,        8865,        8872,          78,          78
, 0.28393751800000E+06, 0.62651477000000E+07,  0.1690000E+02,  0.8838727E+02,  0.5898397E+03,        8866,        8873,          78,          78
, 0.28390634900000E+06, 0.62650472300000E+07,  0.1390000E+02,  0.1935810E+03,  0.5898397E+03,        8867,        8874,          78,          78
, 0.28390609000000E+06, 0.62649218800000E+07,  0.1390000E+02,  0.3189313E+03,  0.5898397E+03,        8868,        8875,          78,          78
, 0.28388850500000E+06, 0.62648286800000E+07,  0.8813301E+01,  0.4137757E+03,  0.5898397E+03,        8869,        8876,          78,          78
, 0.28387701600000E+06, 0.62647683400000E+07,  0.8878284E+01,  0.4751998E+03,  0.5898397E+03,        8870,        8877,          78,          78
, 0.28387106500000E+06, 0.62647174300000E+07,  0.1390000E+02,  0.5264564E+03,  0.5898397E+03,        8871,        8878,          78,          78
, 0.28386070000000E+06, 0.62646549000000E+07,  0.0000000E+00,  0.5898397E+03,  0.5898397E+03,,,          78,          78
, 0.28548330000000E+06, 0.62638264000000E+07,  0.1095138E+02,  0.0000000E+00,  0.1799043E+03,        9131,        9134,          79,          79
, 0.28543010000000E+06, 0.62638535400000E+07,  0.1287628E+02,  0.5972286E+02,  0.1799043E+03,        9132,        9135,          79,          79
, 0.28537620300000E+06, 0.62638797700000E+07,  0.1388621E+02,  0.1196637E+03,  0.1799043E+03,        9133,        9136,          79,          79
, 0.28532125000000E+06, 0.62639044500000E+07,  0.0000000E+00,  0.1799043E+03,  0.1799043E+03,,,          79,          79
, 0.27856310000000E+06, 0.62511359000000E+07,  0.1171284E+02,  0.0000000E+00,  0.5241374E+02,        9604,        9606,          80,          80
, 0.27856770000000E+06, 0.62511101000000E+07,  0.1355277E+02,  0.2620687E+02,  0.5241374E+02,        9605,        9607,          80,          80
, 0.27857230000000E+06, 0.62510843000000E+07,  0.0000000E+00,  0.5241374E+02,  0.5241374E+02,,,          80,          80
, 0.27914690900000E+06, 0.62506821600000E+07,  0.1093546E+02,  0.0000000E+00,  0.4666330E+02,        9655,        9659,          81,          81
, 0.27912417800000E+06, 0.62506769000000E+07,  0.1317521E+02,  0.2333165E+02,  0.4666330E+02,        9654,        9658,          81,          81
, 0.27910144700000E+06, 0.62506716400000E+07,  0.0000000E+00,  0.4666330E+02,  0.4666330E+02,,,          81,          81
, 0.28132136000000E+06, 0.62512408500000E+07,  0.2337444E+02,  0.0000000E+00,  0.4749639E+02,        9803,        9805,          82,          82
, 0.28130458500000E+06, 0.62512240400000E+07,  0.2383321E+02,  0.2374819E+02,  0.4749639E+02,        9804,        9806,          82,          82
, 0.28128781000000E+06, 0.62512072300000E+07,  0.0000000E+00,  0.4749639E+02,  0.4749639E+02,,,          82,          82
, 0.28088060600000E+06, 0.62427046000000E+07,  0.2670060E+02,  0.0000000E+00,  0.2742490E+02,       10056,       10057,          83,          83
, 0.28085920500000E+06, 0.62427217500000E+07,  0.0000000E+00,  0.2742490E+02,  0.2742490E+02,,,          83,          83
, 0.28375096900000E+06, 0.62327789300000E+07,  0.4627220E+02,  0.0000000E+00,  0.3603179E+02,       10145,       10146,          84,          84
, 0.28372857800000E+06, 0.62327507000000E+07,  0.0000000E+00,  0.3603179E+02,  0.3603179E+02,,,          84,          84
, 0.28559803000000E+06, 0.62307473200000E+07,  0.4982230E+02,  0.0000000E+00,  0.4208328E+02,       10191,       10192,          85,          85
, 0.28555768200000E+06, 0.62307592800000E+07,  0.0000000E+00,  0.4208328E+02,  0.4208328E+02,,,          85,          85
, 0.28648340100000E+06, 0.62299991300000E+07,  0.5168980E+02,  0.0000000E+00,  0.4334035E+02,       10202,       10203,          86,          86
, 0.28650407800000E+06, 0.62299610400000E+07,  0.0000000E+00,  0.4334035E+02,  0.4334035E+02,,,          86,          86
, 0.28705618000000E+06, 0.62308009600000E+07,  0.5173752E+02,  0.0000000E+00,  0.3410094E+02,       10209,       10210,          87,          87
, 0.28708711000000E+06, 0.62307866000000E+07,  0.0000000E+00,  0.3410094E+02,  0.3410094E+02,,,          87,          87
, 0.28814173700000E+06, 0.62293715400000E+07,  0.5345780E+02,  0.0000000E+00,  0.4231050E+02,       10229,       10230,          88,          88
, 0.28809947100000E+06, 0.62293696000000E+07,  0.0000000E+00,  0.4231050E+02,  0.4231050E+02,,,          88,          88
, 0.29154652300000E+06, 0.62224903300000E+07,  0.5626220E+02,  0.0000000E+00,  0.3894912E+02,       10312,       10313,          89,          89
, 0.29152943400000E+06, 0.62224553300000E+07,  0.0000000E+00,  0.3894912E+02,  0.3894912E+02,,,          89,          89
, 0.29076167000000E+06, 0.62154697800000E+07,  0.5913210E+02,  0.0000000E+00,  0.3468428E+02,       10383,       10384,          90,          90
, 0.29073730000000E+06, 0.62154944600000E+07,  0.0000000E+00,  0.3468428E+02,  0.3468428E+02,,,          90,          90
, 0.28188430400000E+06, 0.62128805200000E+07,  0.7960000E+02,  0.0000000E+00,  0.4682276E+02,       10557,       10558,          91,          91
, 0.28186698000000E+06, 0.62129240200000E+07,  0.0000000E+00,  0.4682276E+02,  0.4682276E+02,,,          91,          91
, 0.28169773600000E+06, 0.62122504500000E+07,  0.8300000E+02,  0.0000000E+00,  0.3521625E+02,       10562,       10563,          92,          92
, 0.28166253100000E+06, 0.62122513400000E+07,  0.0000000E+00,  0.3521625E+02,  0.3521625E+02,,,          92,          92
, 0.32579997700000E+06, 0.62821659900000E+07,  0.0000000E+00,  0.0000000E+00,  0.2016740E+03,        2648,        2666,          93,          93
, 0.32573659800000E+06, 0.62822444200000E+07,  0.0000000E+00,  0.1008373E+03,  0.2016740E+03,        2646,        2665,          93,          93
, 0.32567322000000E+06, 0.62823228500000E+07,  0.0000000E+00,  0.2016740E+03,  0.2016740E+03,,,          93,          93
, 0.32831500000000E+06, 0.62946490000000E+07,  0.0000000E+00,  0.0000000E+00,  0.7496661E+03,        2435,        2436,          94,          94
, 0.32836700000000E+06, 0.62945880000000E+07,  0.0000000E+00,  0.8015610E+02,  0.7496661E+03,        2434,        2447,          94,          94
, 0.32845800000000E+06, 0.62945084000000E+07,  0.0000000E+00,  0.2010576E+03,  0.7496661E+03,        2433,        2446,          94,          94
, 0.32854900000000E+06, 0.62944288000000E+07,  0.0000000E+00,  0.3219590E+03,  0.7496661E+03,        2432,        2445,          94,          94
, 0.32864000000000E+06, 0.62943492000000E+07,  0.0000000E+00,  0.4428605E+03,  0.7496661E+03,        2431,        2444,          94,          94
, 0.32873100000000E+06, 0.62942696000000E+07,  0.0000000E+00,  0.5637619E+03,  0.7496661E+03,        2430,        2443,          94,          94
, 0.32888400000000E+06, 0.62941640000000E+07,  0.0000000E+00,  0.7496661E+03,  0.7496661E+03,,,          94,          94
, 0.32126600000000E+06, 0.62970420000000E+07,  0.0000000E+00,  0.0000000E+00,  0.3568028E+03,        3386,        3392,          95,          95
, 0.32120600000000E+06, 0.62970430000000E+07,  0.0000000E+00,  0.6000833E+02,  0.3568028E+03,        3387,        3393,          95,          95
, 0.32114713400000E+06, 0.62970450100000E+07,  0.0000000E+00,  0.1189086E+03,  0.3568028E+03,        3388,        3394,          95,          95
, 0.32108770700000E+06, 0.62970499500000E+07,  0.0000000E+00,  0.1785406E+03,  0.3568028E+03,        3389,        3395,          95,          95
, 0.32102840500000E+06, 0.62970548700000E+07,  0.0000000E+00,  0.2380464E+03,  0.3568028E+03,        3390,        3396,          95,          95
, 0.32096920800000E+06, 0.62970594300000E+07,  0.0000000E+00,  0.2974187E+03,  0.3568028E+03,        3391,        3397,          95,          95
, 0.32091000000000E+06, 0.62970640000000E+07,  0.0000000E+00,  0.3568028E+03,  0.3568028E+03,,,          95,          95
, 0.30984100000000E+06, 0.63068700000000E+07,  0.0000000E+00,  0.0000000E+00,  0.9195339E+02,        4180,        4186,          96,          96
, 0.30984018600000E+06, 0.63069197200000E+07,  0.0000000E+00,  0.4972666E+02,  0.9195339E+02,        4181,        4187,          96,          96
, 0.30983820000000E+06, 0.63069619000000E+07,  0.0000000E+00,  0.9195339E+02,  0.9195339E+02,,,          96,          96
, 0.30388910000000E+06, 0.62982954000000E+07,  0.0000000E+00,  0.0000000E+00,  0.2217855E+03,        4936,        4940,          97,          97
, 0.30385849500000E+06, 0.62983416900000E+07,  0.0000000E+00,  0.5549261E+02,  0.2217855E+03,        4937,        4941,          97,          97
, 0.30382798800000E+06, 0.62983879600000E+07,  0.0000000E+00,  0.1109145E+03,  0.2217855E+03,        4938,        4942,          97,          97
, 0.30379749300000E+06, 0.62984342300000E+07,  0.0000000E+00,  0.1663299E+03,  0.2217855E+03,        4939,        4943,          97,          97
, 0.30376694000000E+06, 0.62984805100000E+07,  0.0000000E+00,  0.2217855E+03,  0.2217855E+03,,,          97,          97
, 0.30166190000000E+06, 0.62990163000000E+07,  0.0000000E+00,  0.0000000E+00,  0.7458234E+02,        5316,        5322,          98,          98
, 0.30168941300000E+06, 0.62990412700000E+07,  0.0000000E+00,  0.3715462E+02,  0.7458234E+02,        5315,        5321,          98,          98
, 0.30171930000000E+06, 0.62990638000000E+07,  0.0000000E+00,  0.7458234E+02,  0.7458234E+02,,,          98,          98
, 0.30279330000000E+06, 0.62850306000000E+07,  0.0000000E+00,  0.0000000E+00,  0.1104154E+03,        6787,        6790,          99,          99
, 0.30279250000000E+06, 0.62850665500000E+07,  0.0000000E+00,  0.3595890E+02,  0.1104154E+03,        6788,        6791,          99,          99
, 0.30279318600000E+06, 0.62851040500000E+07,  0.0000000E+00,  0.7346518E+02,  0.1104154E+03,        6789,        6792,          99,          99
, 0.30279330000000E+06, 0.62851410000000E+07,  0.0000000E+00,  0.1104154E+03,  0.1104154E+03,,,          99,          99
, 0.29820560000000E+06, 0.62792013000000E+07,  0.0000000E+00,  0.0000000E+00,  0.3016521E+02,        7282,        7286,         100,         100
, 0.29817610000000E+06, 0.62792076000000E+07,  0.0000000E+00,  0.3016521E+02,  0.3016521E+02,,,         100,         100
, 0.28386560000000E+06, 0.62735192000000E+07,  0.1047332E+01,  0.0000000E+00,  0.1712263E+03,        8192,        8196,         101,         101
, 0.28382283700000E+06, 0.62735170000000E+07,  0.1914012E+01,  0.4281955E+02,  0.1712263E+03,        8191,        8195,         101,         101
, 0.28378007300000E+06, 0.62735148000000E+07,  0.5000000E+01,  0.8564011E+02,  0.1712263E+03,        8194,        8197,         101,         101
, 0.28373733600000E+06, 0.62735126000000E+07,  0.5000000E+01,  0.1284337E+03,  0.1712263E+03,        8193,        8198,         101,         101
, 0.28369460000000E+06, 0.62735104000000E+07,  0.0000000E+00,  0.1712263E+03,  0.1712263E+03,,,         101,         101
, 0.28329026800000E+06, 0.62655791600000E+07,  0.1420000E+02,  0.0000000E+00,  0.5763575E+03,        8739,        8749,         102,         102
, 0.28323767800000E+06, 0.62655124700000E+07,  0.1420000E+02,  0.8493094E+02,  0.5763575E+03,        8750,        8751,         102,         102
, 0.28318582900000E+06, 0.62654420000000E+07,  0.1119999E+02,  0.1724200E+03,  0.5763575E+03,        8752,        8763,         102,         102
, 0.28310882500000E+06, 0.62653604800000E+07,  0.1119999E+02,  0.2845589E+03,  0.5763575E+03,        8753,        8765,         102,         102
, 0.28303480000000E+06, 0.62652770000000E+07,  0.7935789E+01,  0.3961322E+03,  0.5763575E+03,        8754,        8766,         102,         102
, 0.28301760000000E+06, 0.62652436000000E+07,  0.8190000E+01,  0.4337008E+03,  0.5763575E+03,        8757,        8767,         102,         102
, 0.28297250000000E+06, 0.62651858000000E+07,  0.7307669E+01,  0.5070142E+03,  0.5763575E+03,        8759,        8769,         102,         102
, 0.28295003000000E+06, 0.62651593900000E+07,  0.7597414E+01,  0.5416897E+03,  0.5763575E+03,        8760,        8771,         102,         102
, 0.28292756000000E+06, 0.62651329900000E+07,  0.0000000E+00,  0.5763575E+03,  0.5763575E+03,,,         102,         102
, 0.28318640000000E+06, 0.62613790000000E+07,  0.1090550E+02,  0.0000000E+00,  0.1538806E+03,        9233,        9236,         103,         103
, 0.28314486700000E+06, 0.62614091000000E+07,  0.8465063E+01,  0.5129327E+02,  0.1538806E+03,        9234,        9237,         103,         103
, 0.28310333300000E+06, 0.62614392000000E+07,  0.1018779E+02,  0.1025874E+03,  0.1538806E+03,        9235,        9238,         103,         103
, 0.28306180000000E+06, 0.62614693000000E+07,  0.0000000E+00,  0.1538806E+03,  0.1538806E+03,,,         103,         103
, 0.28123756000000E+06, 0.62587620000000E+07,  0.9827909E+01,  0.0000000E+00,  0.1000439E+03,        9342,        9345,         104,         104
, 0.28120729000000E+06, 0.62587759900000E+07,  0.1743669E+01,  0.3334656E+02,  0.1000439E+03,        9343,        9346,         104,         104
, 0.28117702000000E+06, 0.62587899900000E+07,  0.9778436E+01,  0.6669731E+02,  0.1000439E+03,        9344,        9347,         104,         104
, 0.28114675000000E+06, 0.62588039800000E+07,  0.0000000E+00,  0.1000439E+03,  0.1000439E+03,,,         104,         104
, 0.29279235000000E+06, 0.62181031200000E+07,  0.5962840E+02,  0.0000000E+00,  0.3301249E+02,       10354,       10355,         105,         105
, 0.29276013000000E+06, 0.62180959300000E+07,  0.0000000E+00,  0.3301249E+02,  0.3301249E+02,,,         105,         105
