Date_Time,DO_mg/L,DOsat,Temp _DegC,pH,Cond_uS/cm,TSS_mg/L,Turbidity,FP_mg/L,TP_mg/L,NOx_mg/L,NH_mg/L,TKN_mg/L,TN_mg/L,TOC_mg/L,DOC_mg/L,Chla_mg/m3,SiO2_mg/L,ENT_cfu/100mL,FC_cfu/100mL
30/11/1983 00:00,8,97,22.7,8.2,401,11,46,0.01,0.23,0.22,0.04,2.1,2.32,11,,294.17,1.28,,
08/12/1983 00:00,,,,,,,,,,,,,,,,,,,
15/12/1983 00:00,,,,,,,,,,,,,,,,,,,
22/12/1983 00:00,,,,,,,,,,,,,,,,,,,
05/01/1984 00:00,,,,,,,,,,,,,,,,,,,
12/01/1984 00:00,6,87,26.3,7.2,25.8,,23,0.02,0.06,0.15,0.002,0.4,0.55,,,39.94,3.85,,
19/01/1984 00:00,6,77,23,6.7,22.4,,53,0.023,0.071,0.42,0.01,0.55,0.97,,,11.93,7.27,,
09/02/1984 00:00,,,,,,,,,,,,,,,,,,,
07/03/1984 00:00,,,24.3,,14.7,,20,,,,,,,,,,,,
15/03/1984 00:00,,75,24.1,6.8,19.4,,30,0.024,0.07,,,,,,,9.07,6.2,,
05/12/1984 00:00,,,,,,,,,,,,,,,,,,,
09/01/1985 00:00,6,85,26.6,7.4,386,,94,0.006,0.06,0.01,0.01,0.6,0.61,,,12.18,1.28,,
14/03/1985 00:00,7,93,25,7.6,685,,12.6,0.007,0.033,0.01,0.02,0.45,0.46,,,34.43,1.28,,
18/09/1985 00:00,7,85,16.4,,517,,,,,,,,,,,,,,
03/01/1986 00:00,7,87,25.2,7.1,42,13,24,,0.043,0.12,0.01,0.7,0.82,,,6.79,0.43,,
29/01/1986 00:00,7,90,25.2,,28.6,,,,,,,,,,,,,,
26/02/1986 00:00,6,80,26,7.2,377,29,49,0.018,0.085,0.63,0.03,0.8,1.43,,,15.56,2.35,,
30/04/1986 00:00,,,,,924,,,,,,,,,,,,,,
29/05/1986 00:00,7,88,17.3,,686,,,,,,,,,,,13.29,,,
29/05/1986 00:00,8,88,17.3,,564,,,,,,,,,,,9.59,,,
04/07/1986 00:00,9,96,13,7.4,823,2,9.3,0.004,0.02,0.15,0.01,0.45,0.6,,,5.88,2.99,,
25/11/1986 00:00,,,19,,,15,30,,,,,,,,,,,,
18/12/1986 00:00,8,97,24.2,7.2,34.1,96,16,0.009,0.025,0.33,0.01,0.45,0.78,,,15.27,8.13,,
29/01/1987 00:00,,,,,,,,,,,,,,,,,,,
11/02/1987 00:00,6,88,26.8,7.4,1010,,7.4,0.002,0.015,0.06,0.01,0.4,0.46,,,10.63,3.42,,
11/02/1987 00:00,,,26.8,,1165,,,,,,,,,,,,,,
25/02/1987 00:00,7,99,26.2,7.2,940,,11.7,0.003,0.019,0.03,0.01,0.45,0.48,,,11.66,2.14,,
26/03/1987 00:00,6,82,23.4,6.7,28,,22,0.031,0.049,0.29,0.01,0.55,0.84,,,4.28,9.41,,
29/04/1987 00:00,8,94,20.7,7.2,364,,16,0.003,0.019,0.16,0.01,0.35,0.51,,,13.58,0.86,,
26/05/1987 00:00,10,109,18,7.4,165,,10,0.01,0.022,0.05,0.01,0.35,0.4,,,19.84,1.5,,
23/06/1987 00:00,,,,,,,,,,,,,,,,,,,
18/08/1987 00:00,10,106,14.2,7.2,20.3,,9.4,0.005,0.029,0.74,0.01,0.4,1.14,,,43.59,6.2,,
29/09/1987 00:00,7,81,19.9,6.8,21.3,,14.5,0.025,0.046,0.3,0.01,0.3,0.6,,,4.69,10.48,,
18/01/1988 00:00,6,81,26.4,7.1,23.1,,66,,0.035,0.15,0.02,0.4,0.55,,,41.33,,,100
01/03/1988 00:00,6,77,25.8,6.8,24.5,,18,,0.052,0.49,0.01,0.56,1.05,,,5.87,,,
07/04/1988 00:00,7,87,21.2,6.8,20.9,,59,,0.065,0.42,0.01,0.67,1.09,,,8.78,,,
18/05/1988 00:00,7,76,18,,16,9,,,0.025,0.15,0.01,0.92,1.07,9,,,,,
18/05/1988 00:00,7,79,17.9,6.8,15,5,10,,0.023,0.16,0.01,0.94,1.1,5,,4,,,4
08/06/1988 00:00,7,78,15.3,6.9,23.1,,23,,0.069,0.67,,0.94,1.61,,,4.04,,,60
27/07/1988 00:00,,,13.6,6.4,14,,,,0.013,0.34,,,0.69,,,2.9,,,11
27/07/1988 00:00,9,90,13.6,6.4,14,,3,,,,0.01,0.35,0.35,,,2.89,,,10
13/09/1988 00:00,,,17.2,7.5,28,,,,0.036,0.4,,,1.08,,,42.8,,,21
13/09/1988 00:00,10,110,17.2,7.5,28,,8,,,,0.02,0.68,0.68,,,42.8,,,20
11/10/1988 00:00,,,20.1,7.1,34,,,,0.035,0.21,,,0.56,,,14.1,,,21
11/10/1988 00:00,8,93,20.1,7.1,34,,9,,,,0.01,0.35,0.35,,,14.1,,,20
02/11/1988 00:00,,,24.6,7.3,125,,,,0.016,0.09,,,0.72,,,16.4,,,21
02/11/1988 00:00,8,102,24.6,7.3,125,,11,,,,0.04,0.63,0.63,,,16.4,,,20
06/12/1988 00:00,,,,,,,,,,,,,,,,,,,
15/12/1988 00:00,,,,,,,,,,,,,,,,,,,
10/01/1989 00:00,,,24.4,6.8,16,,,0.022,0.079,,,,1.09,,,17.2,,,91
10/01/1989 00:00,7,87,24.4,6.8,16,,54,,,0.19,0.03,0.9,1.09,,,17.2,,,90
07/02/1989 00:00,,,24.1,7.1,18,,,,0.021,,,,0.44,,,15.2,,,11
07/02/1989 00:00,7,89,24.1,7.1,18,,9,,,0.01,,0.43,0.44,,,15.24,,,10
03/03/1989 00:00,,,26.2,7.3,30,,,,,,,,,,,21.2,,,
03/03/1989 00:00,8,104,26.2,7.3,30,,7,,,,,,,,,21.19,,,
16/03/1989 00:00,,,25,7.3,21,,,0.006,0.018,,,,0.46,,,25.6,,,220
16/03/1989 00:00,7,95,25,7.3,21,,10,,,0.04,0.03,0.42,0.46,,,25.63,,,220
13/11/1989 00:00,,,21.4,7.3,564,,,,0.017,,,,0.51,,,13.1,,,11
13/11/1989 00:00,7,92,21.4,7.3,564,13,4,,,0.24,0.05,0.27,0.51,,,13.1,,,10
28/11/1989 00:00,,,23.6,7.5,320,,,,0.016,,,,0.62,,,40.7,,,
28/11/1989 00:00,7,94,23.6,7.5,320,13,4,,,0.07,0.04,0.55,0.62,,,40.7,,,
15/12/1989 00:00,,,25,7.3,34,,,,,,,,,,,14.5,,,
15/12/1989 00:00,7,95,25,7.3,34,,8,,,,,,,,,14.5,,,
16/01/1990 00:00,,,25.2,7.1,30,,,,0.024,,,,0.5,,,19.3,,,
16/01/1990 00:00,7,88,25.2,7.1,30,6,8,,,0.21,0.11,0.29,0.5,,,19.3,,,
30/05/1991 00:00,,,17.6,7.2,440,,,,0.009,,,,0.29,,,21.3,,,5
30/05/1991 00:00,7,84,17.6,7.2,440,9,3,,,0.02,0.03,0.27,0.29,,,21.3,,,4
13/06/1991 00:00,,,14.4,6.1,10,,,0.042,0.056,,,,1.05,,,,,,2500
13/06/1991 00:00,,,14.4,6.1,10,158,380,,,0.56,0.02,0.49,1.05,,,,5.99,,2500
28/06/1991 00:00,,,14.4,7.1,15,,,0.049,0.057,,,,1.07,,,1.6,,,81
28/06/1991 00:00,8,84,14.4,7.1,15,19,50,,,0.66,0.02,0.41,1.07,,,1.6,8.34,,80
12/07/1991 00:00,,,13.3,6.9,18,,,0.031,0.035,,,,0.81,,,0.7,,,21
12/07/1991 00:00,8,78,13.3,6.9,18,10,18,,,0.5,0.06,0.31,0.81,,,0.7,8.98,,20
26/07/1991 00:00,,,12.5,7,15,,,0.012,0.017,,,,0.58,,,1.1,,,29
26/07/1991 00:00,10,96,12.5,7,15,1,9,,,0.28,0.02,0.3,0.58,,,1.1,10.7,,28
09/08/1991 00:00,,,12,7.5,17,,,0.014,0.026,,,,0.8,,,1,,,3
09/08/1991 00:00,9,92,12,7.5,17,5,12,,,0.42,0.02,0.38,0.8,5,,1,10.27,,2
23/08/1991 00:00,,,12.9,7.6,20,,,0.011,0.021,,,,0.67,,,15.1,,,5
23/08/1991 00:00,10,101,12.9,7.6,20,,8,,,0.39,0.01,0.28,0.67,,,15.1,7.7,,4
04/09/1991 00:00,,,15.8,8.3,21,,,0.006,0.024,,,,0.97,,,54.6,,,13
04/09/1991 00:00,11,122,15.8,8.3,21,9,10,,,0.49,0.01,0.48,0.97,,,54.6,1.07,,12
16/09/1991 00:00,,,15.3,7.8,22,,,0.005,0.011,,,,0.72,,,8,,,
16/09/1991 00:00,9,101,15.3,7.8,22,1,3,,,0.46,0.01,0.26,0.72,,,8,0.43,,
04/10/1991 00:00,,,18,7.7,42,,,0.006,0.012,,,,0.58,,,3.7,,,3
04/10/1991 00:00,8,93,18,7.7,42,1,3,,,0.36,0.03,0.22,0.58,,,3.7,0.86,,2
17/10/1991 00:00,,,21.2,7.7,194,,,0.005,0.007,,,,0.8,,,3.5,,,3
17/10/1991 00:00,,,21.2,7.7,194,6,2,,,0.41,0.05,0.39,0.8,,,3.5,0.43,,2
01/11/1991 00:00,,,21,7.1,725,,,0.003,0.008,,,,0.5,,,1.6,,,3
01/11/1991 00:00,7,88,21,7.1,725,3,1,,,0.25,0.02,0.25,0.5,,,1.6,1.07,,2
13/11/1991 00:00,,,22.5,8,,,,0.005,0.01,,,,0.69,,,11.2,,,3
13/11/1991 00:00,8,104,22.5,8,,5,2,,,0.23,0.05,0.46,0.69,,,11.2,1.28,,2
26/11/1991 00:00,,,23.9,9.2,679,,,0.003,0.011,,,,0.48,,,16.5,,,3
26/11/1991 00:00,8,97,23.9,9.2,679,1,5,,,0.12,0.02,0.36,0.48,,,16.5,1.07,,2
09/12/1991 00:00,,,24.1,7.9,544,,,0.002,0.007,,,,0.35,,,7.2,,,3
09/12/1991 00:00,8,101,24.1,7.9,544,2,2,,,0.05,0.02,0.3,0.35,,,7.2,1.28,,2
23/12/1991 00:00,,,21.9,6.8,17,,,0.009,0.031,,,,0.79,,,3.2,,,23
23/12/1991 00:00,5,68,21.9,6.8,17,10,24,,,0.33,0.07,0.46,0.79,,,3.2,6.84,,22
08/01/1992 00:00,,,24.7,8.8,19,,,0.014,0.035,,,,0.61,,,29.4,,,5
08/01/1992 00:00,7,92,24.7,8.8,19,2,11,,,0.21,0.01,0.4,0.61,,,29.4,1.28,,4
23/01/1992 00:00,,,27.4,8.1,22,,,0.007,0.02,,,,0.54,,,27.5,,,9
23/01/1992 00:00,8,111,27.4,8.1,22,1,5,,,0.18,0.01,0.36,0.54,,,27.5,0.43,,8
01/02/1992 00:00,,,,,,,,,,,,,,,,,,,
07/02/1992 00:00,,,26.1,7.8,25,,,0.002,0.021,,,,0.68,,,,,,9
07/02/1992 00:00,7,90,26.1,7.8,25,5,5,,,0.23,0.03,0.45,0.68,,,,2.14,,8
17/02/1992 00:00,,,22.9,6.3,11,,,0.084,0.108,,,,0.79,,,0.9,,,41
17/02/1992 00:00,,,22.9,6.3,11,8,26,,,0.2,0.06,0.59,0.79,,,0.9,10.7,,40
03/03/1992 00:00,,,23.7,7.1,14,,,0.009,0.019,,,,0.57,,,,,,11
03/03/1992 00:00,6,83,23.7,7.1,14,6,13,,,0.25,0.02,0.32,0.57,,,,10.91,,10
18/03/1992 00:00,,,24.3,6.1,23,,,0.017,0.028,,,,0.67,,,3.5,,,17
18/03/1992 00:00,6,73,24.3,6.1,23,1,10,,,0.25,0.01,0.42,0.67,,,3.5,11.98,,16
02/04/1992 00:00,,,22.6,6.4,14,,,0.008,0.018,,,,0.31,,,4.1,,,11
02/04/1992 00:00,7,84,22.6,6.4,14,3,14,,,0.14,0.01,0.17,0.31,,,4.1,9.2,,10
15/04/1992 00:00,,,21.4,8,15,,,0.007,0.015,,,,0.78,,,3,,,3
15/04/1992 00:00,6,80,21.4,8,15,,9,,,0.27,0.01,0.51,0.78,,,3,10.27,,2
01/05/1992 00:00,,,19.9,7,22,,,0.007,0.008,,,,0.6,,,12.6,,,15
01/05/1992 00:00,8,95,19.9,7,22,4,4,,,0.32,0.01,0.28,0.6,,,12.6,3.64,,14
11/05/1992 00:00,,,19.8,7.7,18,,,0.006,0.015,,,,0.48,,,14.6,,,11
11/05/1992 00:00,9,104,19.8,7.7,18,3,4,,,0.21,0.01,0.27,0.48,,,14.6,0.21,,10
26/05/1992 00:00,,,17.2,7.5,19,,,0.004,0.012,,,,0.63,,,3,,,3
26/05/1992 00:00,8,91,17.2,7.5,19,3,2,,,0.38,0.01,0.25,0.63,,,3,0.21,,2
10/06/1992 00:00,,,14.9,7.9,57,,,0.003,0.011,,,,0.71,,,4.8,,,13
10/06/1992 00:00,9,95,14.9,7.9,57,1,2,,,0.41,0.01,0.3,0.71,,,4.8,0.11,,12
23/06/1992 00:00,,,13.7,8,29,,,0.002,0.009,,,,0.73,,,14.3,,,5
23/06/1992 00:00,9,94,13.7,8,29,,1,,,0.48,0.02,0.25,0.73,,,14.3,0.21,,4
10/07/1992 00:00,,,12.9,7.7,24,,,0.004,0.009,,,,0.57,,,5,,,3
10/07/1992 00:00,9,96,12.9,7.7,24,1,2,,,0.22,0.01,0.35,0.57,,,5,0.56,,2
23/07/1992 00:00,,,12.2,7.6,24,,,0.002,0.006,,,,1.09,,,4.6,,,3
23/07/1992 00:00,10,101,12.2,7.6,24,1,2,,,0.84,0.01,0.25,1.09,,,4.6,1.93,,2
06/08/1992 00:00,,,12.9,7.8,41,,,0.002,0.011,,,,1.32,,,9.6,,,3
06/08/1992 00:00,10,104,12.9,7.8,41,,3,,,0.87,0.03,0.45,1.32,,,9.6,1.5,,2
17/08/1992 00:00,,,13.2,7.9,141,,,0.005,0.011,,,,,,,9.6,,,3
17/08/1992 00:00,11,108,13.2,7.9,141,,3,,,,0.03,0.55,0.55,,,9.6,0.43,,2
02/09/1992 00:00,,,13.9,7.8,92,,,0.002,0.011,,,,1.22,,,12.6,,,3
02/09/1992 00:00,10,102,13.9,7.8,92,,4,,,0.77,0.03,0.45,1.22,,,12.6,0.21,,2
15/09/1992 00:00,,,14.7,7.5,512,,,0.002,0.01,,,,1.16,,,4.6,,,3
15/09/1992 00:00,9,95,14.7,7.5,512,,4,,,0.61,0.04,0.55,1.16,,,4.6,0.21,,2
02/10/1992 00:00,9,95,17.4,7.6,211,,2,,,,0.06,0.65,0.65,,,8.5,0.21,,2
02/10/1992 00:00,,,17.4,7.6,211,,,0.002,0.011,0.56,,,1.21,,,8.5,,,3
06/10/1992 00:00,,,,,,,,,,,,,,,,,,,
12/10/1992 00:00,,,,,,,,,,,,,,,,,,,
16/10/1992 00:00,,,,,,,,,,,,,,,,,,,
19/10/1992 00:00,,,,,,,,,,,,,,,,,,,
26/10/1992 00:00,,,,,,,,,,,,,,,,,,,
02/11/1992 00:00,,,,,,,,,,,,,,,,,,,
10/11/1992 00:00,,,,,,,,,,,,,,,,,,,
11/11/1992 00:00,,,,,,,,,,,,,,,,,,,
16/11/1992 00:00,,,,,,,,,,,,,,,,,,,
23/11/1992 00:00,,,,,,,,,,,,,,,,,,,
30/11/1992 00:00,,,,,,,,,,,,,,,,,,,
03/12/1992 00:00,,,,,,,,,,,,,,,,,,,
07/12/1992 00:00,,,,,,,,,,,,,,,,,,,
14/12/1992 00:00,,,,,,,,,,,,,,,,,,,
21/12/1992 00:00,,,,,,,,,,,,,,,,,,,
30/12/1992 00:00,,,,,,,,,,,,,,,,,,,
05/01/1993 00:00,,,,,,,,,,,,,,,,,,,
11/01/1993 00:00,,,,,,,,,,,,,,,,,,,
20/01/1993 00:00,,,,,,,,,,,,,,,,,,,
01/02/1993 00:00,,,27.7,7.6,29,,,0.014,0.024,,,,0.52,,,8.8,,,9
01/02/1993 00:00,7,87,27.7,7.6,29,4,9,,,0.15,0.01,0.37,0.52,,,8.8,0.21,,8
08/02/1993 00:00,,,,,,,,,,,,,,,,,,,
15/02/1993 00:00,,,,,,,,,,,,,,,,,,,
24/02/1993 00:00,,,,,,,,,,,,,,,,,,,
01/03/1993 00:00,,,,,,,,,,,,,,,,,,,
15/03/1993 00:00,,,,,,,,,,,,,,,,,,,
31/03/1993 00:00,,,,,67,,,,,,,,0.46,,,17.6,,,5
31/03/1993 00:00,8,107,24.9,7.7,67,23,17,0.002,0.033,0.03,0.01,0.43,0.46,,,17.6,0.21,,4
14/04/1993 00:00,,,,,80,,,,,,,,0.41,,,14.6,,,5
14/04/1993 00:00,9,105,22.5,7.3,80,3,6,0.002,0.023,0.1,0.01,0.31,0.41,,,14.6,0.21,,4
28/04/1993 00:00,,,,,137,,,,,,,,0.4,,,10,,,3
28/04/1993 00:00,9,103,21.6,7.7,137,10,4,0.002,0.008,0.12,0.01,0.28,0.4,,,10,0.51,,2
12/05/1993 00:00,,,,,,,,,,,,,,,,,,,
17/05/1993 00:00,,,,,,,,,,,,,,,,,,,
26/05/1993 00:00,,,,,244,,,,,,,,0.25,,,6.1,,,3
26/05/1993 00:00,8,,17.3,7.8,244,1,2,0.002,0.007,0.03,0.01,0.22,0.25,,,6.1,1.07,,2
10/06/1993 00:00,,,,,209,,,,,,,,0.25,,,8.9,,,3
10/06/1993 00:00,8,,15.6,7.3,209,1,2,0.002,0.008,0.09,0.14,0.16,0.25,,,8.9,1.07,,2
24/06/1993 00:00,,,,,443,,,,,,,,0.26,,,7.6,,,3
24/06/1993 00:00,9,91,13.5,7.6,443,1,2,0.002,0.017,0.07,0.06,0.19,0.26,,,7.6,2.99,,2
08/07/1993 00:00,,,,,374,,,,,,,,0.3,,,11.4,,,3
08/07/1993 00:00,,,13.5,7.4,374,,2,0.002,0.005,0.09,0.04,0.21,0.3,,,11.4,4.28,,2
23/07/1993 00:00,,,,,,,,,,,,,,,,,,,
04/08/1993 00:00,,,,,309,,,,,,,,0.35,,,28.6,,,11
04/08/1993 00:00,8,,13.5,7.8,309,,4,0.002,0.017,0.25,0.02,0.1,0.35,,,28.6,1.28,,10
18/08/1993 00:00,,,,,494,,,,,,,,0.56,,,14.4,,,5
18/08/1993 00:00,9,,13.5,7.7,494,,7,0.002,0.011,0.3,0.02,0.26,0.56,,,14.4,0.43,,4
01/09/1993 00:00,,,,,,,,,,,,,,,,,,,
08/09/1993 00:00,,,,,,,,,,,,,,,,,,,
15/09/1993 00:00,,,,,,,,,,,,,,,,,,,
22/09/1993 00:00,,,,,,,,,,,,,,,,,,,
29/09/1993 00:00,,,,,,,,,,,,,,,,,,,
13/10/1993 00:00,,,,,,,,,,,,,,,,,,,
27/10/1993 00:00,,,,,,,,,,,,,,,,,,,
03/11/1993 00:00,,,,,,,,,,,,,,,,7.36,,,
10/11/1993 00:00,,,,,,,,,,,,,,,,,,,
24/11/1993 00:00,,,,,,,,,,,,,,,,,,,
01/12/1993 00:00,,,,,,,,,,,,,,,,,,,
02/12/1993 00:00,,,,,,,,,,,,,,,,32.2,,,
08/12/1993 00:00,,,,,,,,,,,,,,,,,,,
22/12/1993 00:00,,,,,,,,,,,,,,,,,,,
05/01/1994 00:00,,,,,,,,,,,,,,,,,,,
12/01/1994 00:00,,,,,,,,,,,,,,,,,,,
19/01/1994 00:00,,,,,,,,,,,,,,,,,,,
27/01/1994 00:00,,,,,,,,,,,,,,,,2.29,,,
02/02/1994 00:00,,,,,,,,,,,,,,,,,,,
04/02/1994 00:00,,,,,,,,,,,,,,,,,,,
09/02/1994 00:00,,,,,,,,,,,,,,,,,,,
16/02/1994 00:00,,,,,,,,,,,,,,,,,,,
23/02/1994 00:00,,,,,,,,,,,,,,,,,,,
01/03/1994 00:00,,,,,,,,,,,,,,,,,,,
09/03/1994 00:00,,,,,,,,,,,,,,,,,,,
15/03/1994 00:00,,,,,,,,,,,,,,,,,,,
22/03/1994 00:00,,,,,,,,,,,,,,,,,,,
30/03/1994 00:00,,,,,,,,,,,,,,,,,,,
06/04/1994 00:00,,,,,,,,,,,,,,,,,,,
12/04/1994 00:00,,,,,,,,,,,,,,,,,,,
19/04/1994 00:00,,,,,,,,,,,,,,,,,,,
26/04/1994 00:00,,,,,,,,,,,,,,,,,,,
03/05/1994 00:00,,,,,,,,,,,,,,,,,,,
09/05/1994 00:00,,,,,,,,,,,,,,,,,,,
18/05/1994 00:00,,,,,,,,,,,,,,,,,,,
24/05/1994 00:00,,,,,,,,,,,,,,,,,,,
26/05/1994 00:00,,,16.5,7.9,616,,,0.005,0.01,,,,0.35,,,4.2,,,3
26/05/1994 00:00,7,,16.5,7.9,616,2,4,,,0.16,0.02,0.19,0.35,,,4.2,2.35,,2
01/06/1994 00:00,,,,,,,,,,,,,,,,,,,
06/06/1994 00:00,,,,,,,,,,,,,,,,,,,
14/06/1994 00:00,,,,,,,,,,,,,,,,,,,
20/06/1994 00:00,,,,,,,,,,,,,,,,,,,
28/06/1994 00:00,,,,,,,,,,,,,,,,,,,
29/08/1995 00:00,,,15.7,7.62,961.5,,,0.003,0.01,,0.01,,0.265,,,2.25,,,
29/08/1995 00:00,,94,15.7,7.62,963,,,0.003,0.008,0.06,0.01,,0.26,,,2.2,,,2
29/08/1995 00:00,,94,15.7,7.62,963,,,0.002,0.011,0.06,0.01,,0.27,,,2.3,,,2
26/09/1995 00:00,,100,15.8,7.69,57.6,,,0.006,0.019,0.2,0.01,,0.42,,,,,,4
26/09/1995 00:00,,100,15.8,7.69,57.6,,,0.004,0.018,0.18,0.01,,0.39,,,,,,20
10/10/1995 00:00,,75,18.2,7.35,49.3,,,0.069,0.106,0.84,0.09,,1.36,,,2.8,,,16
10/10/1995 00:00,,75,18.2,7.35,49.3,,,0.059,0.108,0.85,0.08,,1.33,,,1.3,,,44
07/11/1995 00:00,,,,,,,,0.02,0.076,0.65,0.01,,0.97,,,8.8,,,8
07/11/1995 00:00,,,,,,,,0.019,0.052,0.64,0.01,,0.91,,,9.2,,,6
21/11/1995 00:00,,,,,,,,0.007,0.023,0.34,0.01,,0.83,,,5.5,,,20
21/11/1995 00:00,,,,,,,,0.021,0.023,0.33,0.01,,0.84,,,5.1,,,32
05/12/1995 00:00,,,,,,,,0.014,0.04,0.45,0.01,,0.79,,,16.7,,,12
05/12/1995 00:00,,,,,,,,0.017,0.04,0.45,0.005,,0.78,,,15.5,,,12
05/12/1995 00:00,,,,,,,,,,,,,,,,,,,
05/12/1995 00:00,,,,,,,,,,,,,,,,,,,
16/01/1996 00:00,,,,,,,,0.014,0.034,0.45,0.005,,0.81,,,17.4,,,2
16/01/1996 00:00,,,,,,,,0.014,0.037,0.43,0.005,,0.8,,,13.6,,,8
16/01/1996 00:00,,,,,,,,,,,,,,,,,,,
13/02/1996 00:00,,,,,,,,0.018,0.031,0.38,0.03,,0.75,,,7.9,,,4
13/02/1996 00:00,,,,,,,,0.015,0.029,0.38,0.01,,0.71,,,8.8,,,2
12/03/1996 00:00,,,,,,,,0.045,0.017,0.2,0.01,,0.46,,,11.6,,,2
12/03/1996 00:00,,,,,,,,0.007,0.019,0.2,0.01,,0.51,,,10.3,,,2
10/04/1996 00:00,,,,,,,,,,,,,,,,,,,
07/05/1996 00:00,,,,,,,,0.008,0.03,0.72,0.03,,1.08,,,,,92,72
07/05/1996 00:00,,80,20.8,7.4,25,,,0.009,0.029,0.72,0.03,,1.08,,,,,92,80
21/05/1996 00:00,,89,20.1,7.11,208,,,0.016,0.035,0.31,0.03,,0.55,,,4.5,,4,2
21/05/1996 00:00,,,,,,,,0.017,0.035,0.32,0.03,,0.56,,,4.1,,42,6
18/06/1996 00:00,,88,14.8,7.29,145.5,,,0.006,0.022,0.24,0.01,,0.4,,,9.4,,2,2
18/06/1996 00:00,,,,,,,,0.008,0.028,0.28,0.01,,0.54,,,8.9,,2,6
16/07/1996 00:00,9,90,12.8,7.77,194,7.5,7.48,,,0.12,0.01,,0.2,,,9.1,,2,4
16/07/1996 00:00,,,,,,,,0.004,0.01,0.12,0.01,,0.17,,,9.6,,2,2
14/08/1996 00:00,,,,,,,,,,,,,,,,,,,
14/08/1996 00:00,,,,,,,,,,,,,,,,,,,
02/09/1996 00:00,,80,12.5,7,31.7,,,0.034,0.115,1.43,0.03,,2,,,,,1200,2400
02/09/1996 00:00,,80,12.5,7,31.7,,,0.037,0.119,1.46,0.04,,1.93,,,,,920,2200
12/09/1996 00:00,,129,14.3,7,24.3,,,0.032,0.079,0.5,0.09,,0.89,,,0.9,,14,74
12/09/1996 00:00,12,129,14.3,7,24.3,,46.7,,,0.495,0.09,,0.91,,,2.3,,20,59
08/10/1996 00:00,,,,,,,,,,,,,,,,,,,
22/10/1996 00:00,,,,,,,,,,,,,,,,,,,
05/11/1996 00:00,,,,,,,,,,,,,,,,,,,
06/11/1996 00:00,,130.1,21.3,7.92,66.4,,,0.005,0.024,0.14,0.01,,0.33,,,,,2,6
06/11/1996 00:00,,,,,,,,0.004,0.024,0.14,0.01,,0.38,,,,,4,6
14/11/1996 00:00,,,,,,,,,,,,,,,,,,,
14/11/1996 00:00,,,,,,,,,,,,,,,,,,,
14/11/1996 00:00,,,,,,,,,,,,,,,,,,,
28/11/1996 00:00,,,,,,,,,,,,,,,,,,,
11/12/1996 00:00,,,,,,,,,,,,,,,,,,,
11/12/1996 00:00,,,,,,,,,,,,,,,,,,,
19/12/1996 00:00,,,,,,,,,,,,,,,,,,,
14/01/1997 00:00,,,,,,,,,,,,,,,,,,,
14/01/1997 00:00,,,,,,,,,,,,,,,,,,,
14/01/1997 00:00,,,,,,,,,,,,,,,,,,,
30/01/1997 00:00,,,,,,,,,,,,,,,,,,,
31/01/1997 00:00,,,,,,,,0.017,0.088,0.01,0.06,,0.83,,,,,16,4
31/01/1997 00:00,,84.3,25.2,7.61,42.8,,,0.016,0.093,0.01,0.06,,0.83,,,,,16,6
12/02/1997 00:00,,,,,,,,,,,,,,,,,,,
12/02/1997 00:00,,,,,,,,,,,,,,,,,,,
12/02/1997 00:00,,,,,,,,,,,,,,,,,,,
13/03/1997 00:00,,,,,,,,,,,,,,,,,,,
25/03/1997 00:00,,,,,,,,,,,,,,,,,,,
14/04/1997 00:00,,,,,,,,,,,,,,,,,,,
14/04/1997 00:00,,,,,,,,,,,,,,,,,,,
14/04/1997 00:00,,,,,,,,,,,,,,,,,,,
23/04/1997 00:00,,,,,,,,,,,,,,,,,,,
14/05/1997 00:00,,,,,,,,,,,,,,,,,,,
14/05/1997 00:00,,,,,,,,,,,,,,,,,,,
29/05/1997 00:00,,,,,,,,,,,,,,,,,,,
19/06/1997 00:00,,,,,,,,,,,,,,,,,,,
19/06/1997 00:00,,,,,,,,,,,,,,,,,,,
25/06/1997 00:00,,,,,,,,,,,,,,,,,,,
09/07/1997 00:00,,,,,,,,,,,,,,,,,,,
25/07/1997 00:00,,,,,,,,,,,,,,,,,,,
25/07/1997 00:00,,,,,,,,,,,,,,,,,,,
12/08/1997 00:00,,,,,,,,,,,,,,,,,,,
12/08/1997 00:00,,,,,,,,,,,,,,,,,,,
26/08/1997 00:00,,,,,,,,,,,,,,,,,,,
11/09/1997 00:00,,,,,,,,,,,,,,,,,,,
11/09/1997 00:00,,,,,,,,,,,,,,,,,,,
25/09/1997 00:00,,,,,,,,,,,,,,,,,,,
08/10/1997 00:00,,106.5,18.5,8.09,314,,,0.002,0.012,0.18,0.01,,0.63,,,,,2,8
08/10/1997 00:00,,,,,,,,0.002,0.009,0.15,0.01,,0.58,,,,,2,2
17/10/1997 00:00,,,,,,,,,,,,,,,,,,,
17/10/1997 00:00,,,,,,,,,,,,,,,,,,,
17/10/1997 00:00,,,,,,,,,,,,,,,,,,,
28/10/1997 00:00,,,,,,,,,,,,,,,,,,,
10/11/1997 00:00,,,,,,,,,,,,,,,,,,,
10/11/1997 00:00,,,,,,,,,,,,,,,,,,,
27/11/1997 00:00,,,,,,,,,,,,,,,,,,,
10/12/1997 00:00,,82.2,24.9,7.51,1094,,,0.006,0.022,0.11,0.03,,0.39,,,18.5,,4,5
10/12/1997 00:00,,,,,,,,0.002,0.02,0.12,0.04,,0.39,,,14.9,,2,6
11/12/1997 00:00,,,,,,,,,,,,,,,,,,,
11/12/1997 00:00,,,,,,,,,,,,,,,,,,,
23/12/1997 00:00,,,,,,,,,,,,,,,,,,,
09/01/1998 00:00,,,,,,,,,,,,,,,,,,,
21/01/1998 00:00,,,,,,,,,,,,,,,,,,,
21/01/1998 00:00,,,,,,,,,,,,,,,,,,,
21/01/1998 00:00,,,,,,,,,,,,,,,,,,,
27/01/1998 00:00,,,,,,,,0.002,0.028,0.02,0.02,,0.3,,,,,2,9
27/01/1998 00:00,,88.3,27.3,7.72,1035,,,0.008,0.03,0.02,0.02,,0.31,,,,,3,14
04/02/1998 00:00,,,,,,,,,,,,,,,,,,,
20/02/1998 00:00,,,,,,8,,,,,,,,,,,,,
20/02/1998 00:00,,,,,,,,,,,,,,,,,,,
05/03/1998 00:00,,,,,,,,,,,,,,,,,,,
16/03/1998 00:00,,,,,,,,,,,,,,,,,,,
16/03/1998 00:00,,,,,,,,,,,,,,,,,,,
09/04/1998 00:00,,,,,,,,,,,,,,,,,,,
09/04/1998 00:00,,,,,,,,,,,,,,,,,,,
11/04/1998 00:00,,,,,,,,0.002,0.008,0.23,0.01,,0.44,,,,,4,4
11/04/1998 00:00,,98,23.8,6.84,1560,,,0.002,0.003,0.22,0.01,,0.38,,,,,2,6
28/04/1998 00:00,,,,,,,,,,,,,,,,,,,
15/05/1998 00:00,,,,,,,,,,,,,,,,,,,
15/05/1998 00:00,,,,,,,,,,,,,,,,,,,
02/06/1998 00:00,,,,,,,,,,,,,,,,,,,
14/07/1998 00:00,,,,,,,,,,,,,,,,,,,
07/08/1998 00:00,,95.3,12,7.81,13.3,,19.5,0.007,0.035,0.46,0.02,,0.78,,,,,24,6
07/08/1998 00:00,,,,,,,,0.007,0.037,0.46,0.02,,0.78,,,,,28,26
25/08/1998 00:00,,,,,,,,0.019,0.064,0.28,0.05,,0.6,,,1.2,,2,8
25/08/1998 00:00,,132.1,14.4,6.72,12.06,,28.2,0.02,0.061,0.26,0.05,,0.61,,,1.4,,6,20
24/09/1998 00:00,,98.8,17,7.18,20,,22.8,0.011,0.04,0.55,0.03,,0.86,,,2.2,,4,4
24/09/1998 00:00,,,,,,,,0.01,0.045,0.54,0.03,,0.84,,,2.2,,2,2
06/10/1998 00:00,,,,,,,,0.009,0.05,0.51,0.03,,0.74,,,4,,8,22
06/10/1998 00:00,,85.6,20,7.87,20.4,,22.8,0.009,0.053,0.52,0.03,,0.77,,,4,,20,16
11/11/1998 00:00,,98.3,21.7,7.63,43.5,,6.28,0.002,0.022,0.24,0.02,,0.5,,,6.8,,2,2
11/11/1998 00:00,,,,,,,,0.002,0.022,0.24,0.02,,0.49,,,7.4,,14,5
17/12/1998 00:00,,75,25.7,7.54,608,,,0.004,0.02,0.04,0.03,,0.31,,,5.3,,16,6
17/12/1998 00:00,,,,,,,,0.004,0.02,0.04,0.03,,0.28,,,5.3,,8,10
22/01/1999 00:00,,,,,,,,0.006,0.03,0.1,0.02,,0.38,,,4,,40,20
22/01/1999 00:00,,79.5,27,6.7,844,,19.4,0.006,0.04,0.1,0.02,,0.4,,,6.6,,36,15
15/02/1999 00:00,,,,,,,,0.006,0.039,0.38,0.004,,0.82,,,28,,6,8
15/02/1999 00:00,,105.7,26.6,7.83,41.7,,,0.006,0.042,0.37,0.006,,0.81,,,27,,20,26
17/03/1999 00:00,,,,,,,,0.003,0.033,0.14,0.009,,0.52,,,22,,34,12
17/03/1999 00:00,,91.8,25.6,7.85,171.8,,8.5,0.002,0.033,0.15,0.013,,0.51,,,19,,16,12
22/04/1999 00:00,,,,,,,,0.004,0.033,0.2,0.008,,0.51,,,19,,4,1
22/04/1999 00:00,,93.9,20.8,7.93,25.9,,6.76,0.003,0.029,0.2,0.008,,0.52,,,18,,1,2
04/05/1999 00:00,,92.7,18.7,7.95,32.2,,12.4,0.005,0.032,0.27,0.01,,0.51,,,17,,1,2
04/05/1999 00:00,,,,,,,,0.004,0.034,0.23,0.011,,0.51,,,17,,5,2
15/06/1999 00:00,,81.8,15.4,7.62,438,,10.7,0.006,0.021,0.22,0.024,,0.45,,,6.4,,2,6
15/06/1999 00:00,,,,,,,,0.005,0.025,0.22,0.021,,0.48,,,7.5,,8,2
09/07/1999 00:00,,,,,,,,0.003,0.029,0.21,0.007,,0.47,,,27,,1,1
09/07/1999 00:00,,113.9,13.8,8,45.8,,9.33,0.003,0.027,0.19,0.007,,0.47,,,28,,3,4
15/07/1999 00:00,,97.3,13.9,8.06,29.8,,17,0.003,0.032,0.21,0.012,,0.49,,,,,190,120
15/07/1999 00:00,,,,,,,,0.003,0.033,0.19,0.012,,0.47,,,,,180,140
26/08/1999 00:00,,92.1,15.2,7.43,943,,,0.013,0.04,0.49,0.03,,0.75,,,1.9,,11,16
26/08/1999 00:00,,,,,,,,0.013,0.04,0.46,0.03,,0.75,,,2.3,,6,8
13/09/1999 00:00,,92.7,16.8,7.83,256,,18.2,0.005,0.045,0.25,0.023,,0.59,,,18,,,3
13/09/1999 00:00,,,,,,,,0.004,0.04,0.24,0.022,,0.57,,,8.7,,1,3
20/10/1999 00:00,,,,,,,,0.002,0.019,0.32,0.006,,0.63,,,,,6,10
20/10/1999 00:00,,96.8,21.2,7.8,26.2,,,0.002,0.021,0.31,0.006,,0.66,,,,,6,8
25/10/1999 00:00,,88,19.2,7.52,19.83,,,0.004,0.052,0.28,0.021,,0.65,,,11,,130,100
25/10/1999 00:00,,,,,,,,0.004,0.056,0.27,0.028,,0.67,,,11,,110,120
18/11/1999 00:00,,73.9,21.3,7.22,23.2,,,0.023,0.065,0.36,0.051,,0.82,,,3.5,,5,2
18/11/1999 00:00,,,,,,,,0.025,0.07,0.38,0.05,,0.86,,,4.2,,3,2
06/12/1999 00:00,,,,,,,,0.013,0.066,0.31,0.008,,0.72,,,5.3,,11,10
06/12/1999 00:00,,83,24.1,7.45,53.1,,,0.012,0.079,0.31,0.008,,0.73,,,11,,27,5
05/01/2000 00:00,,,,,,,,0.008,0.044,0.19,0.004,,0.5,,,5,,10,6
05/01/2000 00:00,,84.1,24.4,7.24,107.9,,,0.006,0.044,0.21,0.009,,0.53,,,3.9,,26,14
10/02/2000 00:00,,84.5,27.2,7.64,101,,,0.005,0.033,0.029,0.009,,0.37,,,5,,5,6
10/02/2000 00:00,,,,,,,,0.003,0.035,0.028,0.006,,0.36,,,4.6,,1,1
09/03/2000 00:00,,,,,,,,0.01,0.043,0.13,0.024,,0.4,,,,,44,20
09/03/2000 00:00,,74.8,25,7.81,44.8,,,0.008,0.038,0.13,0.021,,0.41,,,,,60,45
23/03/2000 00:00,,57.2,21.4,6.98,18.88,,,0.021,0.068,0.36,0.05,,0.8,,,1.5,,500,690
23/03/2000 00:00,,,,,,,,0.022,0.073,0.35,0.051,,0.79,,,2,,770,720
04/04/2000 00:00,,,,,,,,0.019,0.046,0.21,0.054,,0.61,,,0.77,,25,6
04/04/2000 00:00,,66.2,21.4,7.49,18.21,,,0.018,0.043,0.2,0.049,,0.57,,,0.75,,19,16
10/05/2000 00:00,,82.4,19.6,7.32,20.5,,,0.008,0.045,0.14,0.016,,0.43,,,3.2,,14,14
10/05/2000 00:00,,,,,,,,0.005,0.041,0.15,0.016,,0.42,,,3.2,,5,6
21/06/2000 00:00,,96.1,13.5,7.48,178.4,,,0.004,0.05,0.22,0.02,,0.48,,,4.2,,1,2
21/06/2000 00:00,,,,,,,,0.004,0.05,0.22,0.02,,0.47,,,4,,1,1
03/07/2000 00:00,,98.3,13.1,7.87,554,,,0.004,0.02,0.18,0.02,,0.43,,,16,,,1
03/07/2000 00:00,,,,,,,,0.004,0.03,0.18,0.02,,0.42,,,17,,3,4
08/08/2000 00:00,,,,,,,,0.004,0.02,0.12,0.02,,0.32,,,8.5,,,1
08/08/2000 00:00,,115.3,13.8,7.48,333,,,0.004,0.02,0.11,0.02,,0.34,,,8.7,,,1
07/09/2000 00:00,,,,,,,,0.002,0.015,0.044,0.012,,0.3,,,12,,,
07/09/2000 00:00,,102.2,14.6,7.75,288,,,0.002,0.014,0.052,0.009,,0.29,,,12,,1,
19/10/2000 00:00,,,,,,,,0.002,0.024,0.095,0.057,,0.38,,,6.8,,1,2
19/10/2000 00:00,,80.6,19.9,7.7,431,,,0.002,0.022,0.12,0.059,,0.4,,,7.2,,,2
06/11/2000 00:00,,95.1,21.77,7.48,580,,,0.005,0.02,0.13,0.02,,0.4,,,11,,2,2
06/11/2000 00:00,,,,,,,,0.004,0.02,0.13,0.02,,0.38,,,11,,5,1
06/12/2000 00:00,,,,,,,,0.017,0.058,0.37,0.023,,0.72,,,13,,3,4
06/12/2000 00:00,,78.5,25,6.85,25.2,,,0.017,0.054,0.37,0.025,,0.72,,,11,,2,1
11/01/2001 00:00,,81.1,26.2,7.7,450,,,0.009,0.047,0.073,0.023,,0.47,,,37,,32,6
11/01/2001 00:00,,,,,,,,0.006,0.039,0.064,0.017,,0.46,,,30,,18,10
22/02/2001 00:00,,,,,,,,0.027,0.07,0.2,0.05,,0.61,,,1.7,,22,18
22/02/2001 00:00,,54.3,26.3,7.9,18.15,,,0.028,0.07,0.19,0.05,,0.64,,,1.4,,14,12
06/03/2001 00:00,,,,,,,,0.021,0.074,0.21,0.028,,0.64,,,2.6,,14,4
06/03/2001 00:00,,65.7,25.99,6.9,67.5,,,0.021,0.068,0.22,0.028,,0.6,,,2.6,,13,14
05/04/2001 00:00,,,,,,,,0.017,0.053,0.24,0.023,,0.57,,,2.7,,4,6
05/04/2001 00:00,,79.5,23.11,7.16,23.8,,,0.018,0.055,0.28,0.025,,0.57,,,2.6,,4,16
17/05/2001 00:00,,86.5,17.8,7.52,28.5,,,0.006,0.027,0.35,0.007,,0.62,,,11,,2,2
17/05/2001 00:00,,,,,,,,0.005,0.026,0.35,0.005,,0.6,,,11,,,
04/06/2001 00:00,,95.3,15.63,7.86,33.5,,,0.004,0.042,0.35,0.015,,0.65,,,14,,,3
04/06/2001 00:00,,,,,,,,0.003,0.036,0.35,0.009,,0.63,,,14,,3,
04/07/2001 00:00,,96.9,14.5,7.7,310,,,0.01,0.015,0.24,0.009,,0.48,,,8.2,,4,1
04/07/2001 00:00,,,,,,,,0.004,0.017,0.26,0.008,,0.5,,,9.7,,3,2
07/08/2001 00:00,,104.2,13.8,7.61,134.2,,,0.002,0.028,0.17,0.007,,0.46,,,17,,3,2
07/08/2001 00:00,,,,,,,,0.002,0.022,0.16,0.008,,0.45,,,17,,1,1
06/09/2001 00:00,,,,,,,,0.004,0.01,0.1,0.02,,0.27,,,5.7,,,1
06/09/2001 00:00,,101.2,14.84,7.84,566.7,,,0.004,0.02,0.1,0.02,,0.29,,,7.6,,,
18/10/2001 00:00,,96.8,21.1,7.5,1237,,,0.004,0.05,0.08,0.02,,0.4,,,11,,2,2
18/10/2001 00:00,,,,,,,,0.004,0.03,0.08,0.02,,0.34,,,12,,6,5
05/11/2001 00:00,,91.3,22.7,7.48,640,,,0.004,0.04,0.05,0.02,,0.38,,,13,,2,1
05/11/2001 00:00,,,,,,,,0.004,0.03,0.04,0.02,,0.33,,,11,,2,1
05/12/2001 00:00,,,,,,,,0.004,0.02,0.02,0.03,,0.28,,,11,,6,4
05/12/2001 00:00,,91.5,24.08,7.53,1000,,,0.004,0.02,0.06,0.02,,0.29,,,9.2,,12,14
10/01/2002 00:00,,88.7,25.71,7.39,1900,,,0.004,0.01,0.13,0.04,,0.37,,,3.9,,15,6
10/01/2002 00:00,,,,,,,,0.004,0.01,0.11,0.04,,0.27,,,4.7,,12,6
05/02/2002 00:00,,,,,,,,0.007,0.052,0.15,0.013,,0.56,,,,,110,62
05/02/2002 00:00,,73,25.8,7.2,249.2,,,0.007,0.051,0.14,0.014,,0.55,,,,,76,57
15/02/2002 00:00,,58.2,22.5,6.6,18.1,,,0.031,0.064,0.35,0.069,,0.88,,,1.8,,5,5
15/02/2002 00:00,,,,,,,,0.031,0.067,0.37,0.069,,0.85,,,1.5,,30,20
05/03/2002 00:00,,,,,,,,0.009,0.052,0.25,0.034,,0.65,,,11,,1,2
05/03/2002 00:00,,61,25.4,6.83,20.9,,,0.01,0.048,0.24,0.031,,0.65,,,9.1,,5,3
31/03/2002 00:00,,78.5,20.9,6.92,24.8,,,0.002,0.054,0.24,0.049,,0.77,,,,,1400,700
31/03/2002 00:00,,,,,,,,0.002,0.05,0.21,0.048,,0.77,,,,,300,700
10/04/2002 00:00,,,,,,,,0.025,0.042,0.26,0.05,,0.6,,,0.7,,6,2
10/04/2002 00:00,,,,,,,,0.024,0.039,0.26,0.05,,0.59,,,1.2,,6,4
10/05/2002 00:00,,,,,,,,0.01,0.047,0.3,0.013,,0.58,,,6.8,,5,2
10/05/2002 00:00,,80,20.54,7.13,451.4,,,0.009,0.041,0.27,0.007,,0.6,,,12,,7,5
03/06/2002 00:00,,,,,,,,0.005,0.034,0.26,0.013,,0.54,,,5.3,,2,
03/06/2002 00:00,,83.6,16.23,7.36,23.3,,,0.006,0.031,0.27,0.016,,0.53,,,5.4,,1,1
15/07/2002 00:00,10.7,99.3,11.9,7.65,,,,,,,,,,,,,,,
15/07/2002 00:00,10.6,98.8,11.88,7.65,,,18.9,0.001,0.032,0.23,0.01,,0.47,,,9.2,,,2
15/07/2002 00:00,10.6,98.8,11.95,7.65,,,,,,,,,,,,,,,
15/07/2002 00:00,,,,,,,,0.002,0.034,0.23,0.01,,0.49,,,6.2,,2,2
14/08/2002 00:00,12,116.4,13.13,8.06,,,,,,,,,,,,,,,
14/08/2002 00:00,11.8,115.4,13.06,8.06,,,9.8,0.003,0.013,0.16,0.01,,0.39,,,10.3,,1,
14/08/2002 00:00,11.7,113.7,13.06,8.06,,,,,,,,,,,,,,,
14/08/2002 00:00,,,,,,,,0.004,0.013,0.16,0.01,,0.4,,,13.2,,3,2
14/08/2002 00:00,,,,,,,,,,,,,,,,,,,
13/09/2002 00:00,10.2,109.2,17.29,7.55,,,,,,,,,,,,,,,
13/09/2002 00:00,10.1,108,16.91,7.55,,,6.2,0.008,0.02,0.12,0.02,,0.33,,,2.55,,1,1
13/09/2002 00:00,9.8,104.4,16.75,7.55,,,,,,,,,,,,,,,
13/09/2002 00:00,,,,,,,,0.009,0.019,0.12,0.02,,0.36,,,7.14,,13,1
25/10/2002 00:00,8.8,106.5,21.5,6.83,,,,,,,,,,,,,,,
25/10/2002 00:00,8.6,105.2,21.5,6.83,,,7.71,0.004,0.011,0.11,0.02,,0.35,,,5.22,,3,2
25/10/2002 00:00,8.4,102.8,21.4,6.83,,,,,,,,,,,,,,,
25/10/2002 00:00,,,,,,,,0.005,0.012,0.11,0.02,,0.36,,,5.38,,3,3
12/11/2002 00:00,7.3,90.1,23.4,7.41,,,,,,,,,,,,,,,
12/11/2002 00:00,7.34,89.8,23.4,7.41,,,7.1,0.005,0.016,0.13,0.01,,0.35,,,6.76,,2,9
12/11/2002 00:00,7.3,89.5,23.4,7.41,,,,,,,,,,,,,,,
12/11/2002 00:00,,,,,,,,0.005,0.014,0.13,0.02,,0.37,,,5.61,,1,2
12/12/2002 00:00,7.8,98,24.4,7.2,,,,,,,,,,,,,,,
12/12/2002 00:00,7.8,98.1,23.5,7.2,,,4.02,0.007,0.012,0.18,0.02,,0.39,,,2.95,,,
12/12/2002 00:00,7.8,95.7,23.4,7.2,,,,,,,,,,,,,,,
12/12/2002 00:00,,,,,,,,0.007,0.014,0.18,0.02,,0.41,,,2.83,,2,1
23/01/2003 00:00,7.8,90.2,26.2,7.41,15.1,,,,,,,,,,,,,,
23/01/2003 00:00,7.7,88.6,26.2,7.41,15100,,10.2,0.008,0.022,0.05,0.005,,0.31,,,14.27,,16,6
23/01/2003 00:00,7.7,88.8,26.2,7.41,15100,,,,,,,,,,,,,,
23/01/2003 00:00,,,,,,,,0.008,0.023,0.05,0.005,,0.3,,,14.28,,20,3
23/01/2003 00:00,,,,,,,,,,,,,,,,,,,
10/02/2003 00:00,,,,,,,,0.006,0.015,0.005,0.01,,0.25,,,9.08,,3,
22/02/2003 00:00,6.9,76.5,26.4,7.16,8950,,,,,,,,,,,,,,
22/02/2003 00:00,7,76.6,26.2,7.16,8940,,6.18,0.009,0.022,0.09,0.04,,0.37,,,,,6,6
22/02/2003 00:00,6.9,75.7,26.2,7.16,8940,,,,,,,,,,,,,,
22/02/2003 00:00,,,,,,,,0.008,0.019,0.08,0.04,,0.36,,,,,11,12
06/03/2003 00:00,6,72.5,24.7,7.37,1185,,,,,,,,,,,,,,
06/03/2003 00:00,6,72.9,24.7,7.37,1185,,8.2,0.012,0.031,0.11,0.03,,0.4,,,7.08,,6,20
06/03/2003 00:00,6,73.1,24.7,7.37,1191,,,,,,,,,,,,,,
06/03/2003 00:00,,,,,,,,0.012,0.031,0.11,0.03,,0.41,,,7.95,,4,10
23/04/2003 00:00,8,92.6,21.4,7.5,3740,,,,,,,,,,,,,,
23/04/2003 00:00,7.3,83.6,21.3,7.5,3710,,12.2,0.013,0.035,0.08,0.005,,0.39,,,6.92,,4,1
23/04/2003 00:00,7.2,82.5,21.1,7.5,3720,,,,,,,,,,,,,,
23/04/2003 00:00,,,,,,,,0.012,0.033,0.08,0.005,,0.39,,,10.73,,8,4
23/04/2003 00:00,,,,,,,,,,,,,,,,,,,
17/05/2003 00:00,8.1,88.3,19.8,7.6,412,,,,,,,,,,,,,,
17/05/2003 00:00,8.1,88.2,18.9,7.6,412,,16,0.012,0.042,0.05,0.01,,0.38,,,,,2,8
17/05/2003 00:00,7.9,85.6,18.9,7.6,412,,,,,,,,,,,,,,
17/05/2003 00:00,,,,,,,,0.012,0.039,0.05,0.01,,0.37,,,,,4,4
29/05/2003 00:00,8.2,84.7,16.9,7.03,335,,,,,,,,,,,,,,
29/05/2003 00:00,8.1,83.7,16.9,7.03,339,,16.5,0.023,0.049,0.82,0.06,,1.08,,,5.26,,1,6
29/05/2003 00:00,7.9,82.2,16.9,7.03,337,,,,,,,,,,,,,,
29/05/2003 00:00,,,,,,,,0.024,0.049,0.82,0.05,,1.08,,,5.15,,3,2
16/06/2003 00:00,9.3,93.5,15.1,7.29,682,,,,,,,,,,,,,,
16/06/2003 00:00,9.3,93.3,15.1,7.29,683,,43.7,0.021,0.071,0.85,0.01,,1.14,,,8.91,,4,6
16/06/2003 00:00,9.3,93.5,15.1,7.29,682,,,,,,,,,,,,,,
16/06/2003 00:00,,,,,,,,0.022,0.078,0.79,0.01,,1.12,,,8.07,,10,7
16/07/2003 00:00,9.3,90.2,13.8,7.63,798,,34.4,0.012,0.053,0.72,0.01,,0.94,,,5.8,,,6
16/07/2003 00:00,9.2,88.8,13.6,7.63,811,,,,,,,,,,,,,,
16/07/2003 00:00,,,,,,,,0.012,0.046,0.72,0.01,,0.91,,,6.3,,2,2
16/07/2003 00:00,9.2,88.9,13.5,7.63,814,,,,,,,,,,,,,,
15/08/2003 00:00,10.1,99.5,13.4,8,6130,,,,,,,,,,,,,,
15/08/2003 00:00,10.1,98.9,13.4,8,6160,,7.6,0.006,0.02,0.51,0.01,,0.67,,,5.7,,,4
15/08/2003 00:00,,,,,,,,0.005,0.019,0.51,0.01,,0.67,,,4.4,,2,4
15/08/2003 00:00,10.1,98.8,13.3,8,6160,,,,,,,,,,,,,,
14/09/2003 00:00,9.9,104,16.1,7.6,8.5,,,,,,,,,,,,,,
14/09/2003 00:00,9.9,103,16.1,7.6,8.6,,14.6,0.005,0.029,0.34,0.01,,0.56,,,3.8,,4,1
14/09/2003 00:00,,,,,,,,0.005,0.026,0.34,0.01,,0.55,,,6.4,,2,6
14/09/2003 00:00,9.8,103,16.1,7.6,8.6,,,,,,,,,,,,,,
08/10/2003 00:00,9.4,105,18.3,7.7,,,,,,,,,,,,,,,
08/10/2003 00:00,9.4,104,18.2,7.7,,,4.26,0.006,0.023,0.29,0.01,,0.5,,,4.9,,1,5
08/10/2003 00:00,,,,,,,,0.006,0.02,0.29,0.01,,0.49,,,3.6,,1,
08/10/2003 00:00,9.4,104,18.1,7.7,,,,,,,,,,,,,,,
13/11/2003 00:00,7.4,88.1,22.2,7.6,,,,,,,,,,,,,,,
13/11/2003 00:00,7.4,88.2,22.2,7.6,,,,0.007,0.023,0.08,0.02,,0.34,,,8.7,,,4
13/11/2003 00:00,,,,,,,,0.007,0.021,0.08,0.02,,0.31,,,8.9,,,5
13/11/2003 00:00,7.4,87.9,22.2,7.6,,,,,,,,,,,,,,,
19/12/2003 00:00,7.5,90.9,25,7.62,,,,,,,,,,,,,,,
19/12/2003 00:00,7.6,92.9,25,7.62,,,,0.009,0.044,0.01,0.01,,0.42,,,10.8,,3,2
19/12/2003 00:00,,,,,,,,0.008,0.041,0.01,0.01,,0.4,,,10.3,,21,4
19/12/2003 00:00,7.5,92,25,7.62,,,,,,,,,,,,,,,
19/12/2003 00:00,,,,,,,,,,,,,,,,,,,
18/01/2004 00:00,6.3,82.6,27.3,7.4,,,,,,,,,,,,,,,
18/01/2004 00:00,6.3,82.2,27.3,7.4,,,,0.005,0.018,0.02,0.01,,0.33,,,5.8,,2,4
18/01/2004 00:00,,,,,,,,0.005,0.017,0.02,0.01,,0.3,,,3.4,,1,6
18/01/2004 00:00,6.2,81.8,27.3,7.4,,,,,,,,,,,,,,,
11/02/2004 00:00,6.6,87.2,27.7,7.36,,,,,,,,,,,,,,,
11/02/2004 00:00,6.3,83.7,27.6,7.36,,,,0.008,0.016,0.04,0.02,,0.29,,,5.3,,2,2
11/02/2004 00:00,,,,,,,,0.008,0.016,0.04,0.02,,0.29,,,4.9,,2,2
11/02/2004 00:00,6.2,82.1,27.6,7.36,,,,,,,,,,,,,,,
27/02/2004 00:00,7.5,96,26,7.5,,,,,,,,,,,,,,,
27/02/2004 00:00,7.6,94.7,26,7.5,,,,0.006,0.024,0.04,0.005,,0.33,,,,,8,4
27/02/2004 00:00,,,,,,,,0.007,0.022,0.04,0.005,,0.31,,,,,6,8
27/02/2004 00:00,6.9,86,26,7.5,,,,,,,,,,,,,,,
12/03/2004 00:00,7.5,92.3,25.2,7.44,,,,,,,,,,,,,,,
12/03/2004 00:00,7.6,93.1,25.1,7.44,,,,0.007,0.025,0.01,0.005,,0.31,,,8.1,,2,3
12/03/2004 00:00,,,,,,,,0.008,0.021,0.01,0.005,,0.29,,,11.1,,2,4
12/03/2004 00:00,7.4,90,25,7.44,,,,,,,,,,,,,,,
12/03/2004 00:00,,,,,,,,,,,,,,,,,,,
05/04/2004 00:00,7.1,87.8,24.2,7.5,,,,,,,,,,,,,,,
05/04/2004 00:00,6.9,86.9,24.2,7.5,,,,0.008,0.013,0.03,0.02,,0.27,,,4.2,,12,14
05/04/2004 00:00,,,,,,,,0.008,0.013,0.03,0.02,,0.28,,,4.1,,4,10
05/04/2004 00:00,6.9,86.8,24.2,7.5,,,,,,,,,,,,,,,
17/05/2004 00:00,8.9,98.2,17.9,7.7,,,,,,,,,,,,,,,
17/05/2004 00:00,8.6,94.9,17.9,7.7,,,,0.008,0.017,0.07,0.01,,0.3,,,5.2,,,1
17/05/2004 00:00,,,,,,,,0.008,0.02,0.07,0.01,,0.29,,,4.8,,,
17/05/2004 00:00,8.5,94.5,17.9,7.7,,,,,,,,,,,,,,,
10/06/2004 00:00,10.2,106,15.2,7.73,,,,,,,,,,,,,,,
10/06/2004 00:00,10.2,105,15.2,7.73,,,,0.005,0.02,0.03,0.005,,0.25,,,9.2,,,2
10/06/2004 00:00,,,,,,,,0.006,0.02,0.03,0.005,,0.26,,,9.4,,,2
10/06/2004 00:00,10.2,104,15.2,7.73,,,,,,,,,,,,,,,
26/07/2004 00:00,11.3,110,12.2,7.64,,,,,,,,,,,,,,,
26/07/2004 00:00,11.2,109,12.2,7.64,,,,0.009,0.011,0.005,0.005,,0.25,,,10,,1,
26/07/2004 00:00,11.2,110,12.2,7.64,,,,,,,,,,,,,,,
26/07/2004 00:00,,,,,,,,,,,,,,,,10.1,,,
18/08/2004 00:00,10.2,104,13.1,7.73,,,,,,,,,,,,,,,
18/08/2004 00:00,10.2,104,13.1,7.73,,,,0.006,0.017,0.01,0.01,,0.25,,,8.1,,1,
18/08/2004 00:00,,,,,,,,0.006,0.018,0.01,0.01,,0.26,,,6.4,,1,1
18/08/2004 00:00,10.2,104,13.1,7.73,,,,,,,,,,,,,,,
23/09/2004 00:00,10.3,111,17.7,7.82,,,,,,,,,,,,,,,
23/09/2004 00:00,,,,,,,,0.004,0.024,0.005,0.005,,0.31,,,22.6,,,
23/09/2004 00:00,10.5,113,17.7,7.82,,,,,,,,,,,,,,,
23/09/2004 00:00,,,,,,,,,,,,,,,,22.7,,,
02/10/2004 00:00,8.1,92.3,18.6,7.53,,,,,,,,,,,,,,,
02/10/2004 00:00,8.1,91.7,18.5,7.53,,,,0.011,0.022,0.05,0.05,,0.33,,,,,34,50
02/10/2004 00:00,,,,,,,,0.01,0.024,0.05,0.05,,0.31,,,,,44,40
02/10/2004 00:00,8,91.8,18.5,7.53,,,,,,,,,,,,,,,
11/10/2004 00:00,9.6,110,20.7,7.77,,,,,,,,,,,,,,,
11/10/2004 00:00,9.6,111,20.5,7.77,,,,0.005,0.021,0.005,0.005,,0.38,,,18,,,
11/10/2004 00:00,9.6,111,20.6,7.77,,,,,,,,,,,,,,,
11/10/2004 00:00,,,,,,,,,,,,,,,,18.7,,,
22/11/2004 00:00,,,,,,,,,,,,,,,,,,,
22/11/2004 00:00,,,,,,,,,,,,,,,,,,,
22/11/2004 00:00,,,,,,,,,,,,,,,,,,,
22/11/2004 00:00,,,,,,,,,,,,,,,,,,,
22/11/2004 00:00,7.1,83.1,23.1,7.37,,,,,,,,,,,,,,,
22/11/2004 00:00,6.9,81.4,23.1,7.37,,,,0.018,0.069,0.52,0.02,,0.98,,,20.7,,2,6
22/11/2004 00:00,6.9,80.7,23.1,7.37,,,,,,,,,,,,,,,
22/11/2004 00:00,,,,,,,,,,,,,,,,25.5,,,
05/01/2005 00:00,7.4,91.3,25.6,7.42,,,,,,,,,,,,,,,
05/01/2005 00:00,7.4,91.1,25.6,7.42,,,,0.008,0.04,0.04,0.005,,0.41,,,9.5,,10,7
05/01/2005 00:00,7.3,90.8,25.6,7.42,,,,,,,,,,,,,,,
05/01/2005 00:00,,,,,,,,,,,,,,,,14.6,,,
21/01/2005 00:00,7.8,101,27,7.75,,,,,,,,,,,,,,,
21/01/2005 00:00,,,,,,,,0.006,0.024,0.07,0.005,,0.4,,,11.4,,,1
21/01/2005 00:00,7.9,102,26.9,7.75,,,,,,,,,,,,,,,
21/01/2005 00:00,,,,,,,,,,,,,,,,13.3,,,
04/02/2005 00:00,8,101,19.2,7.6,,,,,,,,,,,,,,,
04/02/2005 00:00,7.9,99.7,19,7.6,,,,0.008,0.034,0.005,0.005,,0.43,,,,,14,6
04/02/2005 00:00,,,,,,,,0.008,0.033,0.005,0.005,,0.43,,,,,18,1
04/02/2005 00:00,7.9,99,19,7.6,,,,,,,,,,,,,,,
14/02/2005 00:00,7.2,88.7,25.8,7.2,,,,,,,,,,,,,,,
14/02/2005 00:00,7.2,89.3,25.7,7.2,,,,0.012,0.031,0.08,0.005,,0.47,,,23.3,,2,4
14/02/2005 00:00,7.2,88.2,25.6,7.2,,,,,,,,,,,,,,,
14/02/2005 00:00,,,,,,,,,,,,,,,,24.9,,,
10/03/2005 00:00,,,,,,,,,,,,,,,,,,,
10/03/2005 00:00,,,,,,,,,,,,,,,,,,,
10/03/2005 00:00,,,,,,,,,,,,,,,,,,,
10/03/2005 00:00,,,,,,,,,,,,,,,,,,,
10/03/2005 00:00,7.1,86.3,26,7.4,,,,,,,,,,,,,,,
10/03/2005 00:00,,,,,,,,0.016,0.042,0.14,0.005,,0.57,,,23.9,,6,18
10/03/2005 00:00,6.9,86.2,25.8,7.4,,,,,,,,,,,,,,,
10/03/2005 00:00,,,,,,,,,,,,,,,,,,,
10/03/2005 00:00,,,,,,,,,,,,,,,,24.1,,,
21/04/2005 00:00,7.5,89,22.7,7.63,,,,,,,,,,,,,,,
21/04/2005 00:00,7.5,88.6,22.6,7.63,,,,0.006,0.018,0.06,0.01,,0.33,,,6.6,,3,5
21/04/2005 00:00,,,,,,,,0.006,0.017,0.06,0.01,,0.32,,,7.2,,,4
21/04/2005 00:00,7.5,88.7,22.7,7.63,,,,,,,,,,,,,,,
27/05/2005 00:00,8.3,90.7,17.8,6.34,,,,,,,,,,,,,,,
27/05/2005 00:00,8.3,90.7,17.7,6.34,,,,0.007,0.019,0.08,0.005,,0.3,,,6.6,,2,3
27/05/2005 00:00,,,,,,,,0.008,0.02,0.1,0.005,,0.34,,,5.6,,,
27/05/2005 00:00,8.2,89.7,17.7,6.34,,,,,,,,,,,,,,,
20/06/2005 00:00,10.1,106,15.2,6.99,,,,,,,,,,,,,,,
20/06/2005 00:00,10,103,15.2,6.99,,,,0.006,0.012,0.09,0.005,,0.32,,,5.3,,,1
20/06/2005 00:00,,,,,,,,0.006,0.014,0.09,0.005,,0.32,,,6.3,,2,3
20/06/2005 00:00,9.8,103,15.2,6.99,,,,,,,,,,,,,,,
02/07/2005 00:00,9.5,92.1,13.4,6.92,,,,,,,,,,,,,,,
02/07/2005 00:00,9.4,91.9,13.4,6.92,,,,0.006,0.044,0.11,0.04,,0.68,,,,,300,230
02/07/2005 00:00,,,,,,,,0.006,0.044,0.11,0.04,,0.68,,,,,300,260
02/07/2005 00:00,9.3,90.7,13.4,6.92,,,,,,,,,,,,,,,
20/07/2005 00:00,9.2,85.5,12.4,6.28,,,,,,,,,,,,,,,
20/07/2005 00:00,8.9,84.6,12.4,6.28,,,,0.008,0.029,0.54,0.05,,0.81,,,3.1,,4,4
20/07/2005 00:00,,,,,,,,0.01,0.025,0.55,0.05,,0.83,,,5.6,,2,3
20/07/2005 00:00,9,84.4,12.3,6.28,,,,,,,,,,,,,,,
19/08/2005 00:00,,,,,,,,,,,,,,,,,,,
19/08/2005 00:00,,,,,,,,,,,,,,,,,,,
19/08/2005 00:00,,,,,,,,,,,,,,,,,,,
19/08/2005 00:00,,,,,,,,,,,,,,,,,,,
19/08/2005 00:00,,,,,,,,,,,,,,,,,,,
19/08/2005 00:00,,,,,,,,,,,,,,,,,,,
19/08/2005 00:00,,,,,,,,,,,,,,,,,,,
19/08/2005 00:00,,,,,,,,,,,,,,,,,,,
24/09/2005 00:00,,,,,,,,,,,,,,,,,,,
24/09/2005 00:00,,,,,,,,,,,,,,,,,,,
24/09/2005 00:00,,,,,,,,,,,,,,,,,,,
24/09/2005 00:00,,,,,,,,,,,,,,,,,,,
30/10/2005 00:00,7.3,88.2,22.3,7.4,,,,,,,,,,,,,,,
30/10/2005 00:00,7.2,87,22.3,7.4,,,,0.004,0.011,0.07,0.01,,0.34,,,7.6,,6,4
30/10/2005 00:00,,,,,,,,0.003,0.01,0.07,0.01,,0.35,,,7.5,,5,15
30/10/2005 00:00,7.1,86.6,22.3,7.4,,,,,,,,,,,,,,,
29/11/2005 00:00,7.1,85.8,23.8,7.42,,,,,,,,,,,,,,,
29/11/2005 00:00,,,,,,,,0.007,0.023,0.03,0.02,,0.3,,,11.4,,15,6
29/11/2005 00:00,7.2,85.7,22.8,7.42,,,,,,,,,,,,,,,
29/11/2005 00:00,,,,,,,,,,,,,,,,11.7,,,
17/12/2005 00:00,6.5,80.8,25.9,7.86,56.5,,,,,,,,,,,,,,
17/12/2005 00:00,,,,,,,,0.009,0.048,0.01,0.01,,0.47,,,28.9,,4,2
17/12/2005 00:00,6.5,79.8,25.8,7.86,57.1,,,,,,,,,,,,,,
17/12/2005 00:00,,,,,,,,,,,,,,,,28.9,,,
16/01/2006 00:00,5.2,67,27.5,7.39,4.8,,,,,,,,,,,,,,
16/01/2006 00:00,5.2,66.8,27.5,7.39,4.8,,,0.017,0.029,0.17,0.005,,0.44,,,7.4,,3,5
16/01/2006 00:00,,,,,,,,0.015,0.033,0.17,0.005,,0.44,,,8.2,,5,6
16/01/2006 00:00,5.1,66.4,27.5,7.39,4.7,,,,,,,,,,,,,,
15/02/2006 00:00,5.7,73.5,26.9,7.92,4.5,,,,,,,,,,,,,,
15/02/2006 00:00,5.8,73.9,26.9,7.92,4.6,,,0.01,0.026,0.08,0.01,,0.42,,,9.7,,4,2
15/02/2006 00:00,,,,,,,,0.009,0.029,0.08,0.01,,0.42,,,9.5,,5,3
15/02/2006 00:00,5.8,73.9,26.9,7.92,4.5,,,,,,,,,,,,,,
23/03/2006 00:00,6.5,81.1,25.5,7.78,3.6,,,,,,,,,,,,,,
23/03/2006 00:00,,,,,,,,0.007,0.024,0.06,0.005,,0.37,,,14.1,,9,1
23/03/2006 00:00,6.5,80.8,25.5,7.78,3.6,,,,,,,,,,,,,,
23/03/2006 00:00,,,,,,,,,,,,,,,,14.3,,,
10/04/2006 00:00,,,,,,,,,,,,,,,,,,,
10/04/2006 00:00,,,,,,,,,,,,,,,,,,,
10/04/2006 00:00,,,,,,,,,,,,,,,,,,,
10/04/2006 00:00,,,,,,,,,,,,,,,,,,,
10/04/2006 00:00,7.1,89.5,22.5,7.44,14.5,,,,,,,,,,,,,,
10/04/2006 00:00,7.1,89,22.5,7.44,14.5,,,0.007,0.015,0.1,0.005,,0.38,,,6.5,,2,1
10/04/2006 00:00,,,,,,,,0.008,0.014,0.1,0.005,,0.42,,,7.2,,5,1
10/04/2006 00:00,7.2,88.9,22.4,7.44,14.5,,,,,,,,,,,,,,
10/05/2006 00:00,8.5,96.7,18.4,7.57,16.7,,,,,,,,,,,,,,
10/05/2006 00:00,8.5,96.4,18.4,7.57,16.7,,,0.005,0.014,0.11,0.01,,0.33,,,5.1,,,
10/05/2006 00:00,,,,,,,,0.005,0.015,0.11,0.01,,0.38,,,5.8,,,1
10/05/2006 00:00,8.5,96.1,18.4,7.57,16.8,,,,,,,,,,,,,,
15/06/2006 00:00,9.2,95,14.3,6.82,14,,,,,,,,,,,,,,
15/06/2006 00:00,9.2,94.8,14.3,6.82,18.7,,,0.003,0.015,0.06,0.01,,0.29,,,9.7,,,2
15/06/2006 00:00,,,,,,,,0.003,0.015,0.06,0.01,,0.3,,,9.8,,2,2
15/06/2006 00:00,9.2,94.8,14.3,6.82,23.6,,,,,,,,,,,,,,
10/07/2006 00:00,9.2,95.1,13,7.72,15.6,,,,,,,,,,,,,,
10/07/2006 00:00,9.4,97.1,13,7.72,15.7,,,0.005,0.011,0.09,0.02,,0.34,,,2.4,,3,
10/07/2006 00:00,,,,,,,,0.007,0.012,0.09,0.02,,0.34,,,4,,2,2
10/07/2006 00:00,9.4,96,13,7.72,15.7,,,,,,,,,,,,,,
09/08/2006 00:00,9.9,100,13.2,7.46,15,,,,,,,,,,,,,,
09/08/2006 00:00,9.9,99.7,13.2,7.46,14.9,,,0.005,0.011,0.09,0.01,,0.28,,,4.9,,1,1
09/08/2006 00:00,,,,,,,,0.006,0.012,0.09,0.01,,0.32,,,6.5,,1,
09/08/2006 00:00,9.8,99.5,13.2,7.46,14.3,,,,,,,,,,,,,,
08/09/2006 00:00,8.9,95.1,16,7.65,12.3,,,,,,,,,,,,,,
08/09/2006 00:00,8.9,95.1,16,7.65,12.3,,,0.01,0.028,0.07,0.02,,0.33,,,,,9,3
08/09/2006 00:00,,,,,,,,0.01,0.028,0.07,0.01,,0.31,,,,,6,4
08/09/2006 00:00,,,,,,,,,,,,,,,,,,,
14/09/2006 00:00,10.1,105,17.1,8.03,871,,,,,,,,,,,,,,
14/09/2006 00:00,10.2,106,16.7,8.03,841,,,0.003,0.02,0.29,0.005,,0.64,,,31.3,,2,
14/09/2006 00:00,,,,,,,,0.003,0.022,0.29,0.005,,0.66,,,33.1,,4,4
14/09/2006 00:00,10.2,105,16.5,8.03,842,,,,,,,,,,,,,,
08/10/2006 00:00,8.2,98.2,20.8,7.34,10.5,,,,,,,,,,,,,,
08/10/2006 00:00,8.1,96.7,20.8,7.34,10.5,,,0.007,0.033,0.14,0.01,,0.43,,,11.9,,4,2
08/10/2006 00:00,,,,,,,,0.007,0.034,0.14,0.01,,0.44,,,9.5,,6,1
08/10/2006 00:00,8,96.3,20.8,7.34,10.5,,,,,,,,,,,,,,
07/11/2006 00:00,6.3,75,21.2,7.31,13.8,,,,,,,,,,,,,,
07/11/2006 00:00,6.4,76.1,21.2,7.31,13.9,,,0.008,0.021,0.16,0.03,,0.46,,,5.8,,5,6
07/11/2006 00:00,,,,,,,,0.009,0.025,0.16,0.03,,0.48,,,6.6,,9,8
07/11/2006 00:00,6.4,76,21.2,7.31,13.9,,,,,,,,,,,,,,
07/12/2006 00:00,6.8,85.8,23.9,7.42,15.5,,,,,,,,,,,,,,
07/12/2006 00:00,6.8,86.2,23.9,7.42,15.5,,,0.007,0.024,0.09,0.04,,0.45,,,7.1,,5,1
07/12/2006 00:00,,,,,,,,0.008,0.022,0.09,0.03,,0.44,,,7.3,,2,5
07/12/2006 00:00,6.8,85.8,23.9,7.42,15.5,,,,,,,,,,,,,,
12/01/2007 00:00,6.5,84.9,26.3,7.14,14.1,,,,,,,,,,,,,,
12/01/2007 00:00,6.1,85.1,26.3,7.14,14.1,,,0.002,0.008,0.05,0.02,,0.33,,,5.5,,1,1
12/01/2007 00:00,,,,,,,,0.002,0.009,0.05,0.02,,0.33,,,5.4,,5,4
12/01/2007 00:00,6.2,85.3,26.3,7.14,14.2,,,,,,,,,,,,,,
05/02/2007 00:00,5.3,71.7,27.3,7.16,16.7,,,,,,,,,,,,,,
05/02/2007 00:00,5.4,72.3,27.3,7.16,16.8,,,0.014,0.021,0.22,0.005,,0.52,,,3.8,,7,3
05/02/2007 00:00,,,,,,,,0.015,0.022,0.23,0.005,,0.53,,,3.8,,14,5
05/02/2007 00:00,5.4,72.6,27.3,7.16,16.8,,,,,,,,,,,,,,
13/02/2007 00:00,,,,,,,,,,,,,,,,,,,
13/02/2007 00:00,6.2,80.5,26.8,7.33,11.8,,,0.008,0.019,0.19,0.02,,0.48,,,,,120,270
13/02/2007 00:00,,,,,,,,0.008,0.02,0.19,0.02,,0.47,,,,,130,200
13/02/2007 00:00,,,,,,,,,,,,,,,,,,,
07/03/2007 00:00,6.5,81.6,26.1,7.51,,,,,,,,,,,,,,,
07/03/2007 00:00,6.6,82.3,26.1,7.51,,,,0.01,0.062,0.3,0.02,,0.7,,,23,,18,20
07/03/2007 00:00,,,,,,,,0.01,0.061,0.3,0.02,,0.71,,,19.8,,9,10
07/03/2007 00:00,6.6,82.3,26,7.51,,,,,,,,,,,,,,,
12/04/2007 00:00,8.8,103,23,7.9,,,,,,,,,,,,,,,
12/04/2007 00:00,8.8,103,22.9,7.9,,,,0.004,0.031,0.02,0.005,,0.34,,,24.2,,5,5
12/04/2007 00:00,,,,,,,,0.005,0.029,0.02,0.005,,0.33,,,24.2,,5,3
12/04/2007 00:00,8.8,103,22.9,7.9,,,,,,,,,,,,,,,
18/05/2007 00:00,7.1,80.8,20.2,7.43,6.6,,,,,,,,,,,,,,
18/05/2007 00:00,7.2,90.1,20.1,7.43,6.4,,,0.013,0.03,0.12,0.01,,0.41,,,8.4,,11,4
18/05/2007 00:00,,,,,,,,0.01,0.033,0.12,0.01,,0.4,,,7.9,,6,5
18/05/2007 00:00,7.2,89.1,20.1,7.43,6.5,,,,,,,,,,,,,,
05/06/2007 00:00,8.9,93.1,16.9,7.72,3.9,,,,,,,,,,,,,,
05/06/2007 00:00,8.9,93.7,16.9,7.72,4,,,0.006,0.024,0.03,0.005,,0.35,,,12.1,,3,0.5
05/06/2007 00:00,,,,,,,,0.005,0.026,0.03,0.005,,0.36,,,13.9,,4,3
05/06/2007 00:00,8.9,93.9,16.9,7.72,4.1,,,,,,,,,,,,,,
25/07/2007 00:00,9.3,85,11.1,7.26,,,,,,,,,,,,,,,
25/07/2007 00:00,9.3,84.6,11,7.26,,,,0.023,0.04,0.6,0.09,,0.96,,,1.6,,0.5,1
25/07/2007 00:00,,,,,,,,0.022,0.04,0.6,0.09,,0.97,,,1.6,,0.5,1
25/07/2007 00:00,9.3,84.3,11,7.26,,,,,,,,,,,,,,,
16/08/2007 00:00,9.2,86.7,12.7,7.46,,,,,,,,,,,,,,,
16/08/2007 00:00,9.1,86.5,12.7,7.46,,,,0.014,0.048,0.53,0.04,,0.85,,,4.2,,5,0.5
16/08/2007 00:00,,,,,,,,0.014,0.056,0.53,0.05,,0.87,,,4.7,,3,2
16/08/2007 00:00,9.1,86.5,12.7,7.46,,,,,,,,,,,,,,,
03/09/2007 00:00,8.2,83.6,15.9,7.37,,,,,,,,,,,,,,,
03/09/2007 00:00,8.3,83.7,15.8,7.37,,,,0.023,0.056,0.52,0.06,,0.94,,,8.4,,3,2
03/09/2007 00:00,,,,,,,,0.023,0.057,0.52,0.06,,0.94,,,8.6,,4,6
03/09/2007 00:00,8.3,83.9,15.8,7.37,,,,,,,,,,,,,,,
03/10/2007 00:00,9.7,107,19.6,7.58,7.9,,,,,,,,,,,,,,
03/10/2007 00:00,9.5,104,19,7.58,1240,,,0.005,0.038,0.4,0.01,,0.73,,,15.2,,0.5,0.5
03/10/2007 00:00,,,,,,,,0.005,0.038,0.4,0.01,,0.74,,,14.9,,0.5,1
03/10/2007 00:00,9.5,103,19,7.58,1260,,,,,,,,,,,,,,
02/11/2007 00:00,,,,,,,,,,,,,,,,,,,
02/11/2007 00:00,,,,,,,,,,,,,,,,,,,
02/11/2007 00:00,,,,,,,,,,,,,,,,,,,
02/11/2007 00:00,,,,,,,,,,,,,,,,,,,
08/12/2007 00:00,7.4,89.4,24.4,7.18,0.3,,,,,,,,,,,,,,
08/12/2007 00:00,7.4,88.8,24.4,7.18,0.3,,,0.007,0.028,0.09,0.005,,0.46,,,25.3,,24,17
08/12/2007 00:00,,,,,,,,0.007,0.028,0.09,0.005,,0.46,,,19.5,,31,12
08/12/2007 00:00,7.3,88.5,24.4,7.18,0.3,,,,,,,,,,,,,,
07/01/2008 00:00,6.8,84.8,26.4,7,1.8,,,,,,,,,,,,,,
07/01/2008 00:00,6.7,84.3,26.4,7,1.8,,,0.007,0.04,0.12,0.01,,0.49,,,18.8,,23,15
07/01/2008 00:00,,,,,,,,0.008,0.04,0.12,0.01,,0.49,,,16.4,,17,15
07/01/2008 00:00,6.7,84.1,26.4,7,1.8,,,,,,,,,,,,,,
06/02/2008 00:00,,,,,,,,,,,,,,,,,,,
06/02/2008 00:00,5.2,63.2,24.6,7,0.3,,,0.048,0.102,0.57,0.09,,1.2,,,,,340,440
06/02/2008 00:00,,,,,,,,0.048,0.105,0.57,0.09,,1.21,,,,,320,400
06/02/2008 00:00,,,,,,,,,,,,,,,,,,,
24/02/2008 00:00,4.7,55.9,23.2,6.82,0.2,,,,,,,,,,,,,,
24/02/2008 00:00,4.8,55.6,23.2,6.82,0.2,,,0.044,0.085,0.22,0.06,,0.8,,,2.7,,15,7
24/02/2008 00:00,,,,,,,,0.044,0.085,0.22,0.06,,0.81,,,2,,14,11
24/02/2008 00:00,4.6,55.1,23.3,6.82,0.2,,,,,,,,,,,,,,
07/03/2008 00:00,5.2,61.9,24,6.78,,,,,,,,,,,,,,,
07/03/2008 00:00,5.1,61.3,24,6.78,,,,0.027,0.062,0.22,0.01,,0.61,,,5.2,,18,15
07/03/2008 00:00,,,,,,,,0.022,0.063,0.23,0.01,,0.61,,,5.3,,20,17
07/03/2008 00:00,5.1,61,24,6.78,,,,,,,,,,,,,,,
31/03/2008 00:00,7.4,88.7,23.8,7.41,,,,,,,,,,,,,,,
31/03/2008 00:00,7.4,88.5,23.8,7.41,,,,0.012,0.041,0.13,0.005,,0.63,,,19.3,,8,5
31/03/2008 00:00,,,,,,,,0.013,0.045,0.13,0.005,,0.64,,,10.8,,15,3
31/03/2008 00:00,7.4,88.9,23.8,7.41,,,,,,,,,,,,,,,
30/04/2008 00:00,7.4,105,18.7,7.45,308,,,,,,,,,,,,,,
30/04/2008 00:00,7.4,103,18.6,7.45,307,,,0.006,0.028,0.04,0.005,,0.52,,,22.5,,5,0.5
30/04/2008 00:00,,,,,,,,0.007,0.028,0.04,0.005,,0.51,,,23.3,,3,3
30/04/2008 00:00,7.4,104,18.6,7.45,310,,,,,,,,,,,,,,
30/05/2008 00:00,10.7,110,16.5,7.51,,,,,,,,,,,,,,,
30/05/2008 00:00,10.7,110,16.5,7.51,,,,0.004,0.02,0.01,0.005,,0.39,,,22.6,,1,0.5
30/05/2008 00:00,,,,,,,,0.004,0.021,0.01,0.005,,0.38,,,21,,1,0.5
30/05/2008 00:00,10.7,110,16.5,7.51,,,,,,,,,,,,,,,
06/06/2008 00:00,9.5,96.4,16.1,7.87,0.3,,,,,,,,,,,,,,
06/06/2008 00:00,9.5,97,16.1,7.87,0.3,,,0.009,0.021,0.16,0.01,,0.5,,,,,25,28
06/06/2008 00:00,,,,,,,,0.005,0.022,0.17,0.01,,0.5,,,,,32,20
06/06/2008 00:00,9.5,96.6,16,7.87,0.3,,,,,,,,,,,,,,
23/06/2008 00:00,8.7,85.7,14.7,7.49,,,,,,,,,,,,,,,
23/06/2008 00:00,8.5,84.7,14.7,7.49,,,,0.012,0.034,0.54,0.03,,0.86,,,11,,5,4
23/06/2008 00:00,,,,,,,,0.012,0.03,0.54,0.03,,0.86,,,11,,5,3
23/06/2008 00:00,8.5,84.3,14.7,7.49,,,,,,,,,,,,,,,
10/07/2008 00:00,10.2,96.3,12.7,7.65,,,8.15,0.007,0.028,0.38,0.005,,0.63,,,17,,,
10/07/2008 00:00,,,,,,,,0.006,0.028,0.37,0.005,,0.64,,,17.1,,,
29/07/2008 00:00,11,103.9,12.2,7.8,,,11.9,0.006,0.034,0.25,0.01,,0.6,,,26,,,
29/07/2008 00:00,,,,,,,,0.005,0.03,0.25,0.01,,0.58,,,25.9,,,
12/08/2008 00:00,11.8,110.7,12.1,7.92,,,5.12,0.004,0.017,0.16,0.005,,0.48,,,17.1,,,
12/08/2008 00:00,,,,,,,,0.004,0.018,0.16,0.005,,0.48,,,17.9,,,
03/09/2008 00:00,10.7,105.9,13.8,7.67,4.5,,6.3,0.006,0.026,0.08,0.005,,0.37,,,12.4,,,
03/09/2008 00:00,,,,,,,,0.005,0.025,0.08,0.005,,0.37,,,11.7,,,
23/09/2008 00:00,9.1,95,17.9,7.7,,,7.44,0.006,0.021,0.3,0.01,,0.59,,,17.3,,,
23/09/2008 00:00,,,,,,,,0.006,0.022,0.3,0.01,,0.6,,,16.1,,,
14/10/2008 00:00,8.2,94.4,20.1,7.45,,,6.12,0.006,0.026,0.14,0.04,,0.47,,,26.6,,,
14/10/2008 00:00,,,,,,,,0.005,0.023,0.15,0.04,,0.45,,,23.8,,,
05/11/2008 00:00,9.2,106.4,22.4,8.17,,,4.06,0.004,0.02,0.005,0.005,,0.32,,,20.4,,,
05/11/2008 00:00,,,,,,,,0.004,0.021,0.005,0.005,,0.32,,,19.6,,,
25/11/2008 00:00,7.1,85,23,7.53,8.2,,5.5,0.004,0.017,0.04,0.005,,0.29,,,13.4,,,
25/11/2008 00:00,,,,,,,,0.004,0.017,0.03,0.005,,0.28,,,13.2,,,
16/12/2008 00:00,8,96.5,24.5,7.76,,,8.48,0.005,0.034,0.005,0.005,,0.44,,,29.2,,,
16/12/2008 00:00,,,,,,,,0.006,0.035,0.005,0.005,,0.46,,,29.3,,,
16/12/2008 00:00,,,,,,,,,,,,,,,,,,,
16/12/2008 00:00,,,,,,,,,,,,,,,,,,,
06/01/2009 00:00,7,87.5,26.3,7.4,,,9.66,0.005,0.036,0.005,0.005,,0.36,,,16.8,,,
06/01/2009 00:00,,,,,,,,0.004,0.039,0.005,0.005,,0.38,,,19.8,,,
27/01/2009 00:00,6.2,81.5,27.1,7.41,12.1,,11.2,0.004,0.024,0.03,0.005,,0.33,,,13.6,,,
27/01/2009 00:00,,,,,,,,0.004,0.02,0.03,0.005,,0.33,,,14,,,
17/02/2009 00:00,7,84.7,24.3,7.55,,,5.36,0.005,0.036,0.04,0.03,,0.53,,,43.3,,,
17/02/2009 00:00,,,,,,,,0.005,0.037,0.04,0.03,,0.54,,,47.2,,,
10/03/2009 00:00,6.7,81.7,24.7,7.3,,,15.4,0.011,0.046,0.08,0.01,,0.53,,,21.7,,,
10/03/2009 00:00,,,,,,,,0.01,0.037,0.08,0.01,,0.48,,,19.4,,,
01/04/2009 00:00,6.7,80.7,24.6,7.42,,,7.48,0.009,0.032,0.01,0.01,,0.4,,,17.9,,,
01/04/2009 00:00,,,,,,,,0.009,0.031,0.01,0.01,,0.4,,,17.9,,,
21/04/2009 00:00,6.7,75,20.5,7.63,,,10.7,0.015,0.046,0.19,0.03,,0.55,,,12.5,,,
21/04/2009 00:00,,,,,,,,0.015,0.038,0.19,0.02,,0.56,,,14,,,
12/05/2009 00:00,9,96.6,18.2,7.44,,,14.4,0.009,0.053,0.06,0.005,,0.47,,,26.6,,,
12/05/2009 00:00,,,,,,,,0.009,0.046,0.06,0.005,,0.46,,,19.4,,,
01/06/2009 00:00,8.3,83,15.1,7.57,,,15.7,0.012,0.031,0.16,0.03,,0.42,,,5,,,
01/06/2009 00:00,,,,,,,,0.012,0.032,0.17,0.03,,0.45,,,4.5,,,
24/06/2009 00:00,9.4,91.5,14.1,7.17,,,12.5,0.011,0.034,0.18,0.005,,0.43,,,11.3,,,
24/06/2009 00:00,,,,,,,,0.012,0.032,0.18,0.005,,0.41,,,13,,,
13/07/2009 00:00,11.4,108.5,12.8,7.82,,,9.69,0.007,0.024,0.14,0.01,,0.41,,,19.8,,,
13/07/2009 00:00,,,,,,,,0.007,0.026,0.14,0.01,,0.4,,,19.9,,,
07/08/2009 00:00,10.9,105.8,12.9,7.61,,,6.97,0.004,0.02,0.1,0.005,,0.36,,,14.3,,,
07/08/2009 00:00,,,,,,,,0.004,0.02,0.1,0.005,,0.35,,,13.5,,,
27/08/2009 00:00,10.7,108.1,15.4,7.71,,,5.62,0.004,0.016,0.06,0.005,,0.36,,,14.2,,,
27/08/2009 00:00,,,,,,,,0.003,0.018,0.06,0.005,,0.34,,,11.7,,,
14/09/2009 00:00,,,,,,,,,,,,,,,,,,,
14/09/2009 00:00,,,,,,,,,,,,,,,,,,,
17/09/2009 00:00,10.1,111,17.9,7.64,,,6.43,0.008,0.02,0.005,0.005,,0.25,,,10.9,,,
17/09/2009 00:00,,,,,,,,0.008,0.018,0.005,0.005,,0.28,,,11.5,,,
07/10/2009 00:00,7.9,87.9,18.8,7.66,,,6.25,0.005,0.019,0.03,0.03,,0.33,,,9.4,,,
07/10/2009 00:00,,,,,,,,0.004,0.019,0.03,0.03,,0.3,,,9.3,,,
07/10/2009 00:00,,,,,,,,,,,,,,,,,,,
07/10/2009 00:00,,,,,,,,,,,,,,,,,,,
29/10/2009 00:00,5.7,90.6,20.9,7.26,,,5.91,0.008,0.019,0.01,0.02,,0.29,,,12.3,,,
29/10/2009 00:00,,,,,,,,0.01,0.018,0.01,0.02,,0.3,,,11.1,,,
19/11/2009 00:00,7.5,94.4,24.8,7.38,,,20.4,0.004,0.033,0.01,0.01,,0.25,,,15.9,,,
19/11/2009 00:00,,,,,,,,0.005,0.033,0.01,0.01,,0.28,,,17.6,,,
08/12/2009 00:00,7,89.7,26.5,7.27,,,4.69,0.003,0.013,0.04,0.01,,0.29,,,6.6,,,
08/12/2009 00:00,,,,,,,,0.004,0.015,0.04,0.01,,0.28,,,9.6,,,
22/12/2009 00:00,7.1,92,26.8,7.36,,,4.68,0.005,0.014,0.03,0.03,,0.29,,,9,,,
22/12/2009 00:00,,,,,,,,0.006,0.017,0.03,0.04,,0.3,,,11.1,,,
18/01/2010 00:00,6.3,82,27.4,7.07,,,13.8,0.007,0.024,0.05,0.01,,0.33,,,11.3,,,
18/01/2010 00:00,,,,,,,,0.008,0.029,0.05,0.01,,0.35,,,10.1,,,
18/01/2010 00:00,,,,,,,,,,,,,,,,,,,
18/01/2010 00:00,,,,,,,,,,,,,,,,,,,
13/02/2010 00:00,5.6,66.5,24.1,6.33,,,19.7,0.018,0.038,0.17,0.05,,0.54,,,0.2,,,
13/02/2010 00:00,,,,,,,,0.018,0.032,0.17,0.05,,0.56,,,1,,,
02/03/2010 00:00,4.9,58.8,24.5,6.56,,,20.1,0.03,0.056,0.23,0.07,,0.66,,,3.2,,,
02/03/2010 00:00,,,,,,,,0.031,0.055,0.23,0.07,,0.67,,,2.5,,,
25/03/2010 00:00,7.1,87.1,25.6,7.06,,,13.5,0.01,0.058,0.23,0.01,,0.67,,,26.8,,,
25/03/2010 00:00,,,,,,,,0.01,0.057,0.22,0.005,,0.68,,,28.1,,,
13/04/2010 00:00,6.8,82.3,23.5,7.16,,,5.89,0.007,0.022,0.15,0.01,,0.46,,,9,,,
13/04/2010 00:00,,,,,,,,0.007,0.022,0.15,0.01,,0.46,,,9.5,,,
06/05/2010 00:00,7.8,87.3,20.6,7.24,,,5.2,0.007,0.022,0.04,0.01,,0.39,,,11.6,,,
06/05/2010 00:00,,,,,,,,0.007,0.021,0.04,0.01,,0.37,,,10.5,,,
27/05/2010 00:00,7.9,85.3,17.3,7.23,,,8.21,0.007,0.02,0.07,0.03,,0.41,,,7.7,,,
27/05/2010 00:00,,,,,,,,0.006,0.02,0.07,0.03,,0.4,,,7.4,,,
18/06/2010 00:00,10.2,99.3,13.9,7.75,,,6.94,0.005,0.025,0.37,0.01,,0.68,,,22.9,,,
18/06/2010 00:00,,,,,,,,0.005,0.024,0.37,0.01,,0.68,,,20.3,,,
08/07/2010 00:00,11.1,105.4,12.7,7.77,,,10.7,0.007,0.031,0.4,0.01,,0.74,,,21.6,,,
08/07/2010 00:00,,,,,,,,0.007,0.031,0.4,0.01,,0.73,,,18.8,,,
29/07/2010 00:00,10.2,98,13.2,7.66,,,15.7,0.006,0.035,0.35,0.02,,0.7,,,13.5,,,
29/07/2010 00:00,,,,,,,,0.006,0.039,0.35,0.02,,0.69,,,16.4,,,
29/07/2010 00:00,,,,,,,,,,,,,,,,,,,
29/07/2010 00:00,,,,,,,,,,,,,,,,,,,
16/08/2010 00:00,10.8,103,13,7.9,,,6.65,0.005,0.022,0.23,0.005,,0.53,,,21.2,,,
16/08/2010 00:00,,,,,,,,0.006,0.023,0.23,0.005,,0.54,,,22.1,,,
06/09/2010 00:00,10.4,103.6,14.9,7.72,,,11.8,0.004,0.03,0.16,0.02,,0.47,,,22.2,,,
06/09/2010 00:00,,,,,,,,0.004,0.03,0.16,0.02,,0.46,,,21.3,,,
27/09/2010 00:00,10.4,110.1,17.8,7.89,,,26.3,0.004,0.047,0.09,0.005,,0.46,,,29,,,
27/09/2010 00:00,,,,,,,,0.004,0.034,0.09,0.005,,0.45,,,25.5,,,
19/10/2010 00:00,8.5,94.5,19.6,7.79,,,9.01,0.005,0.03,0.005,0.005,,0.36,,,22.5,,,
19/10/2010 00:00,,,,,,,,0.004,0.031,0.005,0.005,,0.36,,,22.9,,,
12/11/2010 00:00,9.8,114.5,22.9,7.8,,,4.29,0.004,0.022,0.005,0.005,,0.36,,,15.6,,,
12/11/2010 00:00,,,,,,,,0.004,0.019,0.005,0.005,,0.36,,,15,,,
30/11/2010 00:00,7.5,89.9,24.3,7.45,,,9.53,0.007,0.03,0.01,0.02,,0.43,,,29.5,,,
30/11/2010 00:00,,,,,,,,0.007,0.03,0.01,0.02,,0.42,,,29.1,,,
22/12/2010 00:00,5.9,70.9,23.9,6.92,,,18.6,0.012,0.033,0.28,0.03,,0.65,,,8.1,,,
22/12/2010 00:00,,,,,,,,0.012,0.033,0.27,0.04,,0.67,,,8.1,,,
12/01/2011 00:00,6.2,75.3,25,7.13,,,13.8,0.009,0.022,0.08,0.03,,0.46,,,9.3,,,
12/01/2011 00:00,,,,,,,,0.009,0.023,0.08,0.03,,0.47,,,8.8,,,
02/02/2011 00:00,8.6,111.2,28.4,7.62,,,10.6,0.008,0.027,0.005,0.005,,0.34,,,14.9,,,
02/02/2011 00:00,,,,,,,,0.008,0.028,0.005,0.005,,0.33,,,17.4,,,
23/02/2011 00:00,6.6,82.4,26.6,7.22,,,6.44,0.005,0.024,0.005,0.005,,0.34,,,11.8,,,
23/02/2011 00:00,,,,,,,,0.005,0.023,0.005,0.005,,0.32,,,17.2,,,
16/03/2011 00:00,6.4,81.2,25.6,7.16,,,6.36,0.004,0.019,0.05,0.005,,0.32,,,14.4,,,
16/03/2011 00:00,,,,,,,,0.004,0.02,0.05,0.005,,0.34,,,14.4,,,
08/04/2011 00:00,8.6,99.2,22.1,7.51,,,7.96,0.007,0.028,0.1,0.01,,0.41,,,25.2,,,
08/04/2011 00:00,,,,,,,,0.008,0.025,0.1,0.01,,0.4,,,23.6,,,
27/04/2011 00:00,8.2,90.5,20,7.72,,,4.72,0.006,0.025,0.02,0.005,,0.32,,,15.8,,,
27/04/2011 00:00,,,,,,,,0.006,0.025,0.02,0.01,,0.31,,,15.3,,,
16/05/2011 00:00,9.3,96.4,16.6,8.59,,,8.35,0.004,0.023,0.005,0.005,,0.27,,,12.6,,,
16/05/2011 00:00,,,,,,,,0.003,0.023,0.005,0.005,,0.27,,,10,,,
16/05/2011 00:00,,,,,,,,,,,,,,,,,,,
16/05/2011 00:00,,,,,,,,,,,,,,,,,,,
08/06/2011 00:00,10.6,105.8,15.2,7.75,,,15.9,0.005,0.035,0.26,0.01,,0.61,,,16,,,
08/06/2011 00:00,,,,,,,,0.005,0.033,0.26,0.01,,0.59,,,12.9,,,
29/06/2011 00:00,10.1,93.9,11.9,7.89,,,9.48,0.006,0.019,0.28,0.01,,0.54,,,7.5,,,
29/06/2011 00:00,,,,,,,,0.006,0.02,0.29,0.01,,0.57,,,8.6,,,
22/07/2011 00:00,14.2,132.6,12.1,8.27,,,6.85,0.005,0.019,0.24,0.01,,0.45,,,17.9,,,
22/07/2011 00:00,,,,,,,,0.004,0.017,0.25,0.005,,0.46,,,17.9,,,
10/08/2011 00:00,12.8,123.7,13.8,8.15,,,10.5,0.006,0.033,0.23,0.005,,0.54,,,45,,,
10/08/2011 00:00,,,,,,,,0.006,0.028,0.23,0.005,,0.54,,,38.7,,,
01/09/2011 00:00,10.7,107.5,15.5,8.04,,,17.1,0.006,0.035,0.28,0.01,,0.62,,,29.8,,,
01/09/2011 00:00,,,,,,,,0.006,0.045,0.28,0.01,,0.63,,,25.6,,,
01/09/2011 00:00,,,,,,,,,,,,,,,,,,,
01/09/2011 00:00,,,,,,,,,,,,,,,,,,,
21/09/2011 00:00,10.4,111.5,18.2,7.8,,,4.09,0.004,0.015,0.11,0.005,,0.37,,,14.2,,,
21/09/2011 00:00,,,,,,,,0.004,0.016,0.11,0.005,,0.39,,,16.8,,,
12/10/2011 00:00,10.1,110.1,18.9,7.53,,,11.6,0.005,0.027,0.13,0.005,,0.5,,,23.3,,,
12/10/2011 00:00,,,,,,,,0.005,0.025,0.13,0.005,,0.5,,,22.4,,,
02/11/2011 00:00,9.4,108.2,22,7.53,,,5.09,0.005,0.023,0.11,0.005,,0.44,,,16.5,,,
02/11/2011 00:00,,,,,,,,0.005,0.022,0.11,0.005,,0.44,4.7,4.1,18.3,,,
24/11/2011 00:00,6.8,79.3,22.8,7.29,,,15.1,0.006,0.032,0.04,0.03,,0.44,,,20.4,,,
24/11/2011 00:00,,,,,,,,0.005,0.036,0.04,0.03,,0.44,,,21.2,,,
24/11/2011 00:00,,,,,,,,,,,,,,,,,,,
24/11/2011 00:00,,,,,,,,,,,,,,,,,,,
24/11/2011 00:00,,,,,,,,,,,,,,6.8,6,,,,
14/12/2011 00:00,7.1,78.2,20.1,6.75,,,22.4,0.011,0.034,0.2,0.02,,0.64,,,6.3,,,
14/12/2011 00:00,,,,,,,,0.011,0.034,0.2,0.01,,0.64,,,6.3,,,
14/12/2011 00:00,,,,,,,,,,,,,,,,,,,
14/12/2011 00:00,,,,,,,,,,,,,,,,,,,
14/12/2011 00:00,,,,,,,,,,,,,,10.1,9.3,,,,
06/01/2012 00:00,7.3,90.2,25.4,7.25,,,11.2,0.008,0.031,0.14,0.01,,0.56,,,17,,,
06/01/2012 00:00,,,,,,,,0.009,0.03,0.14,0.01,,0.55,,,16.7,,,
06/01/2012 00:00,,,,,,,,,,,,,,,,,,,
06/01/2012 00:00,,,,,,,,,,,,,,,,,,,
06/01/2012 00:00,,,,,,,,,,,,,,16,15.1,,,,
24/01/2012 00:00,7.3,89.7,25.2,7.13,,,13.5,0.009,0.041,0.07,0.01,,0.46,,,20.8,,,
24/01/2012 00:00,,,,,,,,0.009,0.041,0.07,0.01,,0.46,,,19.6,,,
24/01/2012 00:00,,,,,,,,,,,,,,,,,,,
24/01/2012 00:00,,,,,,,,,,,,,,,,,,,
24/01/2012 00:00,,,,,,,,,,,,,,6.3,5.5,,,,
15/02/2012 00:00,,,,,,,,,,,,,,,,,,,
17/02/2012 00:00,6.4,74.4,22.4,6.6,,,22.7,0.027,0.053,0.15,0.04,,0.42,,,2.6,,,
17/02/2012 00:00,,,,,,,,0.027,0.056,0.16,0.04,,0.54,,,2.7,,,
17/02/2012 00:00,,,,,,,,,,,,,,,,,,,
17/02/2012 00:00,,,,,,,,,,,,,,,,,,,
17/02/2012 00:00,,,,,,,,,,,,,,9.4,8.9,,,,
15/03/2012 00:00,,,,,,,,,,,,,,,,,,,
16/03/2012 00:00,,,,,,,,,,,,,,,,,,,
16/03/2012 00:00,,,,,,,,,,,,,,,,,,,
28/03/2012 00:00,7,80.3,21.8,7.05,,,7.82,0.023,0.039,0.14,0.02,,0.53,,,5.1,,,
28/03/2012 00:00,,,,,,,,0.023,0.037,0.14,0.02,,0.51,,,10.6,,,
28/03/2012 00:00,,,,,,,,,,,,,,7.7,7.2,,,,
17/04/2012 00:00,7.1,81.1,21.8,7.13,,,9.25,0.011,0.028,0.18,0.005,,0.49,,,11.9,,,
17/04/2012 00:00,,,,,,,,0.008,0.03,0.18,0.005,,0.51,,,12.6,,,
17/04/2012 00:00,,,,,,,,,,,,,,6.9,6.1,,,,
11/05/2012 00:00,7.9,84.3,18,7.23,,,9.58,0.015,0.039,0.22,0.01,,0.59,,,13.1,,,
11/05/2012 00:00,,,,,,,,0.014,0.038,0.22,0.01,,0.58,,,13.2,,,
11/05/2012 00:00,,,,,,,,,,,,,,,,,,,
11/05/2012 00:00,,,,,,,,,,,,,,,,,,,
01/06/2012 00:00,10.1,101.7,15.7,7.72,,,7.58,0.007,0.026,0.13,0.01,,0.51,,,26.6,,,
01/06/2012 00:00,,,,,,,,0.008,0.026,0.14,0.01,,0.52,,,27.1,,,
20/06/2012 00:00,9.3,89.6,13.2,7.44,,,16.4,0.025,0.053,0.54,0.08,,0.96,,,9.1,,,
20/06/2012 00:00,,,,,,,,0.025,0.052,0.53,0.08,,0.95,,,8.8,,,
10/07/2012 00:00,10.2,95.5,12,7.84,,,10.7,0.012,0.037,0.43,0.01,,0.74,,,15.9,,,
10/07/2012 00:00,,,,,,,,0.012,0.034,0.43,0.01,,0.72,,,10.8,,,
01/08/2012 00:00,12.3,115.2,12.1,7.93,,,5.47,0.007,0.027,0.33,0.005,,0.75,,,48.1,,,
01/08/2012 00:00,,,,,,,,0.006,0.028,0.34,0.005,,0.74,,,50.1,,,
02/08/2012 00:00,,,,,,,,,,,,,,,,,,,
02/08/2012 00:00,,,,,,,,,,,,,,,,,,,
21/08/2012 00:00,11.5,109.5,12.7,7.93,,,8.42,0.005,0.03,0.14,0.01,,0.48,,,29.6,,,
21/08/2012 00:00,,,,,,,,0.005,0.031,0.14,0.01,,0.49,,,28.8,,,
13/09/2012 00:00,11.1,115.9,16.3,8.08,,,4.07,0.004,0.017,0.01,0.005,,0.33,,,16.4,,,
13/09/2012 00:00,,,,,,,,0.004,0.017,0.01,0.005,,0.32,,,15.8,,,
04/10/2012 00:00,8.9,97.5,19.3,7.51,,,7.16,0.005,0.026,0.005,0.01,,0.29,,,17.8,,,
04/10/2012 00:00,,,,,,,,0.005,0.025,0.005,0.005,,0.31,,,17.8,,,
24/10/2012 00:00,8.4,94.9,21,7.49,,,6.72,0.005,0.023,0.01,0.005,,0.34,,,16.9,,,
24/10/2012 00:00,,,,,,,,0.005,0.024,0.01,0.005,,0.34,,,15.3,,,
13/11/2012 00:00,7.8,94.8,23.1,7.4,,,8.9,0.006,0.022,0.005,0.005,,0.28,,,13,,,
13/11/2012 00:00,,,,,,,,0.006,0.023,0.005,0.005,,0.29,,,13,,,
07/12/2012 00:00,7.6,93.6,25.1,7.34,,,7.9,0.005,0.019,0.005,0.005,,0.29,,,13.1,,,
07/12/2012 00:00,,,,,,,,0.005,0.017,0.005,0.005,,0.28,,,13.3,,,
18/12/2012 00:00,7.2,88.4,24.9,7.29,,,5.47,0.005,0.013,0.02,0.01,,0.28,,,7.1,,,
18/12/2012 00:00,7.2,88.4,24.9,7.29,,,5.47,0.005,0.012,0.02,0.01,,0.26,,,7.3,,,
17/01/2013 00:00,6.7,86.2,27.2,7.22,,,4.54,0.005,0.016,0.02,0.005,,0.26,,,9.5,,,
17/01/2013 00:00,,,,,,,,0.005,0.018,0.02,0.005,,0.26,,,12.6,,,
08/02/2013 00:00,5.2,62.4,24.3,7.01,,,12.3,0.023,0.041,0.54,0.09,,1.04,,,6,,,
08/02/2013 00:00,,,,,,,,0.023,0.039,0.54,0.09,,1.02,,,5.4,,,
01/03/2013 00:00,7,80.2,22.1,6.74,,,18.2,0.016,0.034,0.21,0.04,,0.64,,,2.4,,,
01/03/2013 00:00,,,,,,,,0.016,0.034,0.21,0.04,,0.65,,,3.2,,,
19/03/2013 00:00,6,70.7,23.9,7.31,,,4.5,0.015,0.025,0.2,0.03,,0.56,,,6.6,,,
19/03/2013 00:00,,,,,,,,0.014,0.024,0.2,0.03,,0.54,,,5.9,,,
11/04/2013 00:00,6.8,80.2,23.4,7.11,,,4.68,0.015,0.026,0.11,0.03,,0.43,,,6.4,,,
11/04/2013 00:00,,,,,,,,0.014,0.026,0.11,0.03,,0.42,,,6.3,,,
01/05/2013 00:00,8.9,101.6,21.5,7.62,,,5.57,0.009,0.023,0.01,0.005,,0.35,,,19.4,,,
01/05/2013 00:00,,,,,,,,0.008,0.022,0.01,0.005,,0.36,,,19.1,,,
23/05/2013 00:00,8.2,87.2,17.3,7.46,,,3.33,0.005,0.019,0.01,0.005,,0.29,,,14,,,
23/05/2013 00:00,,,,,,,,0.006,0.021,0.01,0.005,,0.29,,,13.9,,,
14/06/2013 00:00,10.2,103,15.5,7.7,,,4.6,0.003,0.02,0.02,0.005,,0.38,,,28,,,
14/06/2013 00:00,,,,,,,,0.003,0.02,0.02,0.005,,0.38,,,29.6,,,
05/07/2013 00:00,9.9,95.6,13.7,7.35,,,15,0.024,0.048,0.28,0.03,,0.66,,,1.8,,,
05/07/2013 00:00,,,,,,,,0.023,0.047,0.29,0.04,,0.65,,,1.7,,,
25/07/2013 00:00,9.5,91.1,13.4,7.32,,,7.8,0.008,0.024,0.28,0.01,,0.62,,,11.9,,,
25/07/2013 00:00,,,,,,,,0.008,0.022,0.27,0.005,,0.62,,,11.4,,,
16/08/2013 00:00,10.5,101.5,13.8,7.68,,,8,0.006,0.018,0.17,0.005,,0.5,,,20.5,,,
16/08/2013 00:00,,,,,,,,0.005,0.017,0.17,0.005,,0.5,,,20.3,,,
02/09/2013 00:00,9.8,99.5,15.8,7.68,,,4.5,0.004,0.014,0.13,0.01,,0.39,,,8.6,,,
02/09/2013 00:00,,,,,,,,0.004,0.015,0.12,0.01,,0.38,,,8.7,,,
24/09/2013 00:00,8.8,95.5,18.8,7.49,,,12,0.005,0.02,0.06,0.01,,0.33,,,11.8,,,
24/09/2013 00:00,,,,,,,,0.005,0.02,0.06,0.01,,0.34,,,11.1,,,
17/10/2013 00:00,9.1,106.9,21.5,7.45,,,4.4,0.002,0.02,0.005,0.005,,0.28,,,12.1,,,
17/10/2013 00:00,,,,,,,,0.003,0.021,0.005,0.005,,0.28,,,12.6,,,
08/11/2013 00:00,7.7,91.9,22.6,7.2,,,3.4,0.004,0.011,0.01,0.01,,0.26,,,9.7,,,
08/11/2013 00:00,,,,,,,,0.003,0.011,0.01,0.01,,0.27,,,8.3,,,
28/11/2013 00:00,9.8,117,24,7.97,,,6.6,0.005,0.03,0.02,0.005,,0.5,,,31.4,,,
28/11/2013 00:00,,,,,,,,0.005,0.033,0.01,0.005,,0.48,,,32.4,,,
19/12/2013 00:00,7.7,95.6,25.9,7.47,,,18,0.005,0.038,0.005,0.005,,0.41,,,26.7,,,
19/12/2013 00:00,,,,,,,,0.006,0.04,0.005,0.005,,0.47,,,27,,,
09/01/2014 00:00,5.7,71.7,26.6,7.08,,,11,0.004,0.028,0.02,0.04,,0.38,,,17.4,,,
09/01/2014 00:00,,,,,,,,0.005,0.031,0.02,0.04,,0.4,,,17.4,,,
30/01/2014 00:00,6.9,89.2,26.6,7.29,11.4,,11,0.009,0.033,0.02,0.005,,0.39,,,20.9,,,
30/01/2014 00:00,,,,,,,,0.006,0.026,0.02,0.01,,0.37,,,20.5,,,
21/02/2014 00:00,4.6,58.7,26.3,6.92,3.2,,4.3,0.008,0.019,0.04,0.07,,0.37,,,4.2,,,
21/02/2014 00:00,,,,,,,,0.009,0.016,0.04,0.07,,0.36,,,3.7,,,
13/03/2014 00:00,7.1,88.8,25.4,7.47,,,5.5,0.006,0.026,0.01,0.005,,0.32,,,21.7,,,
13/03/2014 00:00,,,,,,,,0.007,0.037,0.01,0.005,,0.37,,,29.8,,,
03/04/2014 00:00,8.8,104.6,23.8,7.64,,,7.3,0.006,0.033,0.005,0.005,,0.33,,,44.9,,,
03/04/2014 00:00,,,,,,,,0.005,0.033,0.005,0.005,,0.33,,,44.1,,,
30/04/2014 00:00,8.1,90.7,20.4,7.2,,,16,0.01,0.04,0.27,0.01,,0.59,,,26.1,,,
30/04/2014 00:00,,,,,,,,0.01,0.035,0.27,0.01,,0.59,,,22.5,,,
14/05/2014 00:00,7.6,82.9,18.5,7.41,,,7.7,0.006,0.024,0.18,0.01,,0.48,,,11.9,,,
14/05/2014 00:00,,,,,,,,0.006,0.027,0.18,0.01,,0.49,,,13.2,,,
05/06/2014 00:00,8.4,87.9,17.4,7.73,,,6.5,0.005,0.021,0.09,0.01,,0.34,,,15.4,,,
05/06/2014 00:00,,,,,,,,0.005,0.021,0.08,0.01,,0.34,,,15.7,,,
24/06/2014 00:00,,,,,,,,,,,,,,,,,,,
24/06/2014 00:00,,,,,,,,,,,,,,,,,,,
26/06/2014 00:00,9,90.9,14.9,7.54,5.2,,9.7,0.004,0.018,0.06,0.005,,0.33,,,12.5,,,
26/06/2014 00:00,,,,,,,,0.004,0.019,0.06,0.005,,0.34,,,13.2,,,
15/07/2014 00:00,9.3,89.3,12.4,7.94,,,12,0.005,0.02,0.04,0.02,,0.29,,,10,,,
15/07/2014 00:00,,,,,,,,0.005,0.023,0.04,0.02,,0.29,,,9.5,,,
05/08/2014 00:00,10.5,100.8,12.8,7.75,,,6.7,0.001,0.016,0.03,0.01,,0.26,,,16,,,
05/08/2014 00:00,,,,,,,,0.001,0.015,0.03,0.01,,0.25,,,16.4,,,
26/08/2014 00:00,9.9,97.2,14.6,7.68,,,10,0.008,0.027,0.36,0.005,,0.66,,,20,,,
26/08/2014 00:00,,,,,,,,0.004,0.027,0.35,0.005,,0.66,,,25.5,,,
16/09/2014 00:00,,,,,,,,0.018,0.033,0.51,0.04,,0.78,,,16,,,
16/09/2014 00:00,8.4,87.5,16.9,7.26,,,14,0.017,0.035,0.52,0.04,,0.77,,,18.3,,,
08/10/2014 00:00,7,79,20.7,7.22,,,31,0.011,0.058,0.49,0.03,,0.83,,,6.5,,,
08/10/2014 00:00,,,,,,,,0.011,0.05,0.49,0.04,,0.84,,,6.1,,,
28/10/2014 00:00,9.3,108.7,22.9,8.07,,,7.4,0.007,0.037,0.04,0.005,,0.46,,,26.5,,,
28/10/2014 00:00,,,,,,,,0.006,0.026,0.04,0.005,,0.41,,,16,,,
19/11/2014 00:00,7.5,92.8,24.7,7.31,,,4.6,0.004,0.012,0.08,0.01,,0.34,,,10.9,,,
19/11/2014 00:00,,,,,,,,0.004,0.022,0.07,0.01,,0.4,,,15.1,,,
11/12/2014 00:00,,,,,,,,0.008,0.037,0.005,0.01,,0.43,,,21.7,,,
11/12/2014 00:00,6.1,76.8,26.8,7.16,,,9.7,0.009,0.041,0.005,0.01,,0.45,,,26.9,,,
08/01/2015 00:00,6.4,83.9,28.3,7.24,,,18,0.01,0.076,0.2,0.005,,0.63,,,,,,
08/01/2015 00:00,,,,,,,,0.011,0.04,0.19,0.005,,0.62,,,23.9,,,
21/01/2015 00:00,5.6,72.7,27.6,7.12,,,36,0.009,0.066,0.13,0.03,,0.68,,,21.3,,,
21/01/2015 00:00,,,,,,,,0.009,0.066,0.13,0.03,,0.68,,,19.5,,,
13/02/2015 00:00,,,,,,,,0.006,0.027,0.005,0.005,,0.35,,,20.4,,,
13/02/2015 00:00,8.1,100.3,26.1,7.52,,,11,0.006,0.027,0.005,0.005,,0.39,,,19.4,,,
03/03/2015 00:00,7.4,92,26.2,7.48,,,10,0.009,0.041,0.005,0.005,,0.41,,,25.1,,,
03/03/2015 00:00,,,,,,,,0.008,0.046,0.005,0.005,,0.45,,,28.7,,,
27/03/2015 00:00,6.7,80.9,24.7,7.43,,,6.7,0.007,0.028,0.005,0.005,,0.37,,,18.7,,,
27/03/2015 00:00,,,,,,,,0.008,0.03,0.005,0.005,,0.36,,,18.9,,,
16/04/2015 00:00,8.3,95,21.6,7.37,,,8.1,0.006,0.032,0.005,0.01,,0.36,,,26.3,,,
16/04/2015 00:00,,,,,,,,0.006,0.03,0.005,0.01,,0.35,,,26.5,,,
08/05/2015 00:00,7.7,80.7,17.3,6.89,,,23,0.033,0.06,0.43,0.07,,0.93,,,0.9,,,
08/05/2015 00:00,,,,,,,,0.033,0.058,0.43,0.07,,0.92,,,0.8,,,
29/05/2015 00:00,6.8,69.6,16.1,7.26,,,9.6,0.026,0.056,0.29,0.04,,0.78,,,2.1,,,
29/05/2015 00:00,,,,,,,,0.026,0.051,0.29,0.04,,0.73,,,2.1,,,
25/06/2015 00:00,9.7,94.9,14.2,7.51,,,7.8,0.01,0.028,0.5,0.01,,0.84,,,16.2,,,
25/06/2015 00:00,,,,,,,,0.01,0.031,0.5,0.01,,0.83,,,18.4,,,
07/08/2015 00:00,10.2,95.8,12.5,7.86,,,7.6,0.01,0.029,0.4,0.02,,0.75,,,8.3,,,
07/08/2015 00:00,,,,,,,,0.01,0.03,0.4,0.02,,0.77,,,8.2,,,
27/08/2015 00:00,10.6,104.5,14.6,7.83,,,5.1,0.006,0.021,0.32,0.01,,0.73,,,14.6,,,
27/08/2015 00:00,,,,,,,,0.006,0.024,0.32,0.01,,0.74,,,15.3,,,
18/09/2015 00:00,11.2,111,17.4,7.96,,,9.6,0.006,0.019,0.13,0.01,,0.44,,,10.2,,,
18/09/2015 00:00,,,,,,,,0.006,0.023,0.13,0.01,,0.46,,,9.9,,,
14/10/2015 00:00,8.2,93.7,21,7.29,,,7.3,0.005,0.023,0.08,0.01,,0.4,,,17.7,,,
14/10/2015 00:00,,,,,,,,0.006,0.022,0.08,0.01,,0.41,,,11.4,,,
26/10/2015 00:00,8.1,97,22.9,7.38,,,14,0.013,0.019,0.04,0.005,,0.34,,,15.4,,,
26/10/2015 00:00,,,,,,,,0.011,0.023,0.04,0.01,,0.34,,,17,,,
16/11/2015 00:00,8.7,102.6,23.4,7.83,,,8.6,0.005,0.024,0.01,0.005,,0.37,,,24.9,,,
16/11/2015 00:00,,,,,,,,0.004,0.028,0.01,0.005,,0.42,,,24.7,,,
08/12/2015 00:00,8,100,25.8,7.83,,,6.5,0.004,0.024,0.005,0.005,,0.34,,,16.9,,,
08/12/2015 00:00,,,,,,,,0.005,0.023,0.005,0.005,,0.34,,,18.2,,,
08/01/2016 00:00,7.4,81.3,20.2,6.61,,,39,0.033,0.062,0.21,0.01,,0.68,,,1.5,,,
08/01/2016 00:00,,,,,,,,0.034,0.064,0.21,0.01,,0.68,,,1.3,,,
20/01/2016 00:00,4.6,56,26.6,6.51,,,12,0.038,0.062,0.26,0.05,,0.79,,,6.3,,,
20/01/2016 00:00,,,,,,,,0.037,0.06,0.26,0.05,,0.78,,,5.1,,,
20/01/2016 00:00,4.5,56.4,26.2,6.67,,,12,0.038,0.064,0.26,0.05,,0.78,,,8.2,,,
11/02/2016 00:00,4.8,59.8,26.3,6.88,,,24,0.033,0.076,0.34,0.04,,0.86,,,22.4,,,
11/02/2016 00:00,,,,,,,,0.033,0.074,0.34,0.04,,0.85,,,21.1,,,
11/02/2016 00:00,4.8,59,26.1,6.95,,,24,0.032,0.073,0.35,0.04,,0.86,,,20.6,,,
02/03/2016 00:00,5.4,69.2,28.1,7.14,,,9.8,0.025,0.049,0.22,0.02,,0.74,,,12.7,,,
02/03/2016 00:00,,,,,,,,0.025,0.049,0.22,0.02,,0.75,,,12.7,,,
02/03/2016 00:00,,,,,,,,,,,,,,,,,,,
21/03/2016 00:00,5.5,69.2,25.8,7.04,,,13,0.014,0.026,0.26,0.01,,0.67,,,11.3,,,
21/03/2016 00:00,,,,,,,,0.016,0.022,0.26,0.01,,0.65,,,11.5,,,
21/03/2016 00:00,,,,,,,,,,,,,,,,,,,
15/04/2016 00:00,6.2,74.3,23.7,7.08,,,13,0.008,0.045,0.11,0.02,,0.59,,,13,,,
15/04/2016 00:00,,,,,,,,0.008,0.043,0.11,0.02,,0.57,,,13,,,
15/04/2016 00:00,,,,,,,,,,,,,,,,,,,
04/05/2016 00:00,7.7,90.3,21.4,7.41,,,6.3,0.006,0.021,0.12,0.005,,0.48,,,17.6,,,
04/05/2016 00:00,,,,,,,,0.005,0.02,0.12,0.005,,0.45,,,14.9,,,
04/05/2016 00:00,,,,,,,,,,,,,,,,,,,
26/05/2016 00:00,8.2,90,17.9,7.45,,,12,0.004,0.024,0.03,0.02,,0.4,,,16.1,,,
26/05/2016 00:00,,,,,,,,0.003,0.021,0.03,0.02,,0.38,,,12.3,,,
26/05/2016 00:00,,,,,,,,,,,,,,,,,,,
16/06/2016 00:00,6.3,62.8,14.5,6.83,,,68,0.06,0.115,0.71,0.12,,1.21,,,1.1,,,
16/06/2016 00:00,,,,,,,,0.06,0.116,0.7,0.12,,1.25,,,0.9,,,
07/07/2016 00:00,8.4,79.3,12.4,7.4,,,28,0.021,0.049,0.71,0.09,,1.05,,,1.9,,,
07/07/2016 00:00,,,,,,,,0.02,0.045,0.72,0.09,,1.03,,,1.8,,,
27/07/2016 00:00,8.9,86.3,13.7,7.44,,,21,0.034,0.063,0.75,0.08,,1.23,,,7.3,,,
27/07/2016 00:00,,,,,,,,0.033,0.064,0.75,0.08,,1.22,,,7.9,,,
16/08/2016 00:00,9.9,96,14.1,7.48,,,7.1,0.008,0.021,0.36,0.01,,0.67,,,9.5,,,
16/08/2016 00:00,,,,,,,,0.008,0.02,0.36,0.01,,0.67,,,6.2,,,
16/08/2016 00:00,,,14.3,,,5,,,,,,,,,,,,1,4
08/09/2016 00:00,9.5,97.8,16.4,7.5,,,22,0.009,0.023,0.33,0.01,,0.73,,,3.6,,,
08/09/2016 00:00,,,,,,,,0.009,0.023,0.33,0.01,,0.72,,,2.9,,,
08/09/2016 00:00,,,16.3,,,12,,,,,,,,,,,,55,79
27/09/2016 00:00,8.9,94.6,17.8,7.51,,,11,0.01,0.025,0.2,0.01,,0.51,,,8.6,,,
27/09/2016 00:00,,,,,,,,0.009,0.027,0.2,0.01,,0.52,,,7.2,,,
27/09/2016 00:00,,,17.8,,,10,,,,,,,,,,,,3,1
19/10/2016 00:00,8.4,92.8,19.5,7.58,,,14,0.008,0.04,0.11,0.02,,0.49,,,14.4,,,
19/10/2016 00:00,,,,,,,,0.008,0.037,0.11,0.02,,0.48,,,14.7,,,
19/10/2016 00:00,,,19.5,,,18,,,,,,,,,,,,1,2
15/11/2016 00:00,6.9,82.7,23.2,7.29,,,18,0.007,0.028,0.01,0.02,,0.32,,,12.5,,,
15/11/2016 00:00,,,,,,,,0.008,0.024,0.01,0.02,,0.32,,,12,,,
15/11/2016 00:00,,,23.2,,,10,,,,,,,,,,,,3,3
02/12/2016 00:00,6.4,80.2,26.1,7.22,,,12,0.011,0.048,0.03,0.04,,0.37,,,9.1,,,
02/12/2016 00:00,,,,,,,,0.01,0.032,0.02,0.04,,0.33,,,8.7,,,
02/12/2016 00:00,,,26.1,,,20,,,,,,,,,,,,8,6
22/12/2016 00:00,6.2,78.5,26.3,7.31,,,12,0.006,0.029,0.01,0.01,,0.29,,,13.8,,,
22/12/2016 00:00,,,,,,,,0.006,0.025,0.01,0.01,,0.28,,,13.8,,,
22/12/2016 00:00,,,26.3,,,8,,,,,,,,,,,,10,6
13/01/2017 00:00,6.7,87.7,28.5,7.31,7.7,,23,0.008,0.051,0.01,0.005,,0.38,,,20.6,,,
13/01/2017 00:00,,,,,,,,0.01,0.046,0.01,0.005,,0.37,,,21,,,
13/01/2017 00:00,,,28.4,,,31,,,,,,,,,,,,13,16
27/01/2017 00:00,5.2,72.6,27.4,7.09,12.4,,18,0.013,0.027,0.08,0.005,,0.31,,,4,,,
27/01/2017 00:00,,,,,,,,0.008,0.022,0.08,0.005,,0.34,,,5.3,,,
27/01/2017 00:00,,,27.4,,,17,,,,,,,,,,,,10,32
17/02/2017 00:00,6.4,84.7,29.6,7.4,3.2,,5.7,0.009,0.023,0.08,0.005,,0.35,,,7.7,,,
17/02/2017 00:00,,,,,,,,0.009,0.021,0.08,0.005,,0.33,,,8.2,,,
17/02/2017 00:00,,,29.6,,,5,,,,,,,,,,,,2,6
17/03/2017 00:00,6,70.7,23.4,7.32,,,22,,,0.41,0.04,,0.41,,,10.7,,,
17/03/2017 00:00,,,,,,,,,,0.41,0.04,,0.41,,,13.8,,,
17/03/2017 00:00,,,23.3,,,,,,,,,,,,,,,41,66
