Camden Weir Structure Function - post upgrade ,,,,,,,,,,,,,,,,,,,,,,,,,,,,,,,,,,,,,,,,,,,,,,,,,,,,,,,,,,,,,,,,,,,,,,,,,,,,,,,,,,,,,,,,
y2,y1,,,,,,,,,,,,,,,,,,,,,,,,,,,,,,,,,,,,,,,,,,,,,,,,,,,,,,,,,,,,,,,,,,,,,,,,,,,,,,,,,,,,,,,
1,0,55.00,55.20,55.40,55.53,55.60,55.80,56.00,56.20,56.33,56.40,56.53,56.60,56.80,57.00,57.20,57.40,57.60,57.80,58.00,58.20,58.40,58.60,58.80,59.00,59.20,59.40,59.60,59.80,60.00,60.20,60.40,60.53,60.63,60.73,60.83,60.93,61.03,61.13,61.23,61.33,61.43,61.53,61.63,61.73,61.83,61.93,62.03,62.13,62.23,62.33,62.43,62.53,62.63,62.73,62.83,62.93,63.03,63.13,63.23,63.33,63.43,63.53,63.63,63.73,63.83,63.93,64.03,64.13,64.23,64.33,64.43,64.53,64.63,64.73,64.83,64.93,65.03,65.13,65.23,65.33,65.43,65.53,65.63,65.73,65.83,66.00,200.00
0,0.0,0.0,0.1180556,0.1979167,0.2641204,0.2997685,0.3657407,0.4375000,0.4965278,0.5237269,0.6306999,0.9029039,2.5592517,12.1696650,26.8684736,45.7621478,67.5717593,93.6574074,120.6250000,146.6435185,172.9629630,199.1319444,225.6712963,250.9606481,277.1527778,301.9675926,328.3796296,353.9930556,380.2546296,406.5625000,432.0023148,456.7592593,472.9861111,485.5324074,498.0208333,511.0300926,525.1851852,538.9814815,552.1759259,566.5393519,582.1180556,598.3680556,615.0000000,630.6250000,646.3773148,662.2685185,678.4953704,694.8495370,711.3194444,728.6342593,746.7824074,765.1041667,783.5879630,801.7592593,820.0000000,838.3796296,856.8981481,875.5671296,894.3750000,913.3217593,932.4074074,951.6319444,970.9953704,990.0578704,1009.2476852,1028.5648148,1047.9976852,1067.5578704,1087.9398148,1108.7731481,1129.7685185,1150.8912037,1172.1643519,1192.8935185,1213.3449074,1233.9120370,1254.5949074,1275.3819444,1297.2453704,1319.4791667,1341.8402778,1364.3518519,1387.0023148,1414.3865741,1442.0138889,1469.9074074,1500.0000000,1500.0000000
55.00,0.0,0.0,0.1180556,0.1979167,0.2641204,0.2997685,0.3657407,0.4375000,0.4965278,0.5237269,0.6306999,0.9029039,2.5592517,12.1696650,26.8684736,45.7621478,67.5717593,93.6574074,120.6250000,146.6435185,172.9629630,199.1319444,225.6712963,250.9606481,277.1527778,301.9675926,328.3796296,353.9930556,380.2546296,406.5625000,432.0023148,456.7592593,472.9861111,485.5324074,498.0208333,511.0300926,525.1851852,538.9814815,552.1759259,566.5393519,582.1180556,598.3680556,615.0000000,630.6250000,646.3773148,662.2685185,678.4953704,694.8495370,711.3194444,728.6342593,746.7824074,765.1041667,783.5879630,801.7592593,820.0000000,838.3796296,856.8981481,875.5671296,894.3750000,913.3217593,932.4074074,951.6319444,970.9953704,990.0578704,1009.2476852,1028.5648148,1047.9976852,1067.5578704,1087.9398148,1108.7731481,1129.7685185,1150.8912037,1172.1643519,1192.8935185,1213.3449074,1233.9120370,1254.5949074,1275.3819444,1297.2453704,1319.4791667,1341.8402778,1364.3518519,1387.0023148,1414.3865741,1442.0138889,1469.9074074,1500.0000000,1500.0000000
55.20,-0.1180556,-0.1180556,0.0,0.1979167,0.2641204,0.2997685,0.3657407,0.4375000,0.4965278,0.5237269,0.6306999,0.9029039,2.5592517,12.1696650,26.8684736,45.7621478,67.5717593,93.6574074,120.6250000,146.6435185,172.9629630,199.1319444,225.6712963,250.9606481,277.1527778,301.9675926,328.3796296,353.9930556,380.2546296,406.5625000,432.0023148,456.7592593,472.9861111,485.5324074,498.0208333,511.0300926,525.1851852,538.9814815,552.1759259,566.5393519,582.1180556,598.3680556,615.0000000,630.6250000,646.3773148,662.2685185,678.4953704,694.8495370,711.3194444,728.6342593,746.7824074,765.1041667,783.5879630,801.7592593,820.0000000,838.3796296,856.8981481,875.5671296,894.3750000,913.3217593,932.4074074,951.6319444,970.9953704,990.0578704,1009.2476852,1028.5648148,1047.9976852,1067.5578704,1087.9398148,1108.7731481,1129.7685185,1150.8912037,1172.1643519,1192.8935185,1213.3449074,1233.9120370,1254.5949074,1275.3819444,1297.2453704,1319.4791667,1341.8402778,1364.3518519,1387.0023148,1414.3865741,1442.0138889,1469.9074074,1500.0000000,1500.0000000
55.40,-0.1979167,-0.1979167,-0.1979167,0.0,0.2641204,0.2997685,0.3657407,0.4375000,0.4965278,0.5237269,0.6306999,0.9029039,2.5592517,12.1696650,26.8684736,45.7621478,67.5717593,93.6574074,120.6250000,146.6435185,172.9629630,199.1319444,225.6712963,250.9606481,277.1527778,301.9675926,328.3796296,353.9930556,380.2546296,406.5625000,432.0023148,456.7592593,472.9861111,485.5324074,498.0208333,511.0300926,525.1851852,538.9814815,552.1759259,566.5393519,582.1180556,598.3680556,615.0000000,630.6250000,646.3773148,662.2685185,678.4953704,694.8495370,711.3194444,728.6342593,746.7824074,765.1041667,783.5879630,801.7592593,820.0000000,838.3796296,856.8981481,875.5671296,894.3750000,913.3217593,932.4074074,951.6319444,970.9953704,990.0578704,1009.2476852,1028.5648148,1047.9976852,1067.5578704,1087.9398148,1108.7731481,1129.7685185,1150.8912037,1172.1643519,1192.8935185,1213.3449074,1233.9120370,1254.5949074,1275.3819444,1297.2453704,1319.4791667,1341.8402778,1364.3518519,1387.0023148,1414.3865741,1442.0138889,1469.9074074,1500.0000000,1500.0000000
55.53,-0.2641204,-0.2641204,-0.2641204,-0.2641204,0.0,0.2997685,0.3657407,0.4375000,0.4965278,0.5237269,0.6306999,0.9029039,2.5592517,12.1696650,26.8684736,45.7621478,67.5717593,93.6574074,120.6250000,146.6435185,172.9629630,199.1319444,225.6712963,250.9606481,277.1527778,301.9675926,328.3796296,353.9930556,380.2546296,406.5625000,432.0023148,456.7592593,472.9861111,485.5324074,498.0208333,511.0300926,525.1851852,538.9814815,552.1759259,566.5393519,582.1180556,598.3680556,615.0000000,630.6250000,646.3773148,662.2685185,678.4953704,694.8495370,711.3194444,728.6342593,746.7824074,765.1041667,783.5879630,801.7592593,820.0000000,838.3796296,856.8981481,875.5671296,894.3750000,913.3217593,932.4074074,951.6319444,970.9953704,990.0578704,1009.2476852,1028.5648148,1047.9976852,1067.5578704,1087.9398148,1108.7731481,1129.7685185,1150.8912037,1172.1643519,1192.8935185,1213.3449074,1233.9120370,1254.5949074,1275.3819444,1297.2453704,1319.4791667,1341.8402778,1364.3518519,1387.0023148,1414.3865741,1442.0138889,1469.9074074,1500.0000000,1500.0000000
55.60,-0.2997685,-0.2997685,-0.2997685,-0.2997685,-0.2997685,0.0,0.3657407,0.4375000,0.4965278,0.5237269,0.6306999,0.9029039,2.5592517,12.1696650,26.8684736,45.7621478,67.5717593,93.6574074,120.6250000,146.6435185,172.9629630,199.1319444,225.6712963,250.9606481,277.1527778,301.9675926,328.3796296,353.9930556,380.2546296,406.5625000,432.0023148,456.7592593,472.9861111,485.5324074,498.0208333,511.0300926,525.1851852,538.9814815,552.1759259,566.5393519,582.1180556,598.3680556,615.0000000,630.6250000,646.3773148,662.2685185,678.4953704,694.8495370,711.3194444,728.6342593,746.7824074,765.1041667,783.5879630,801.7592593,820.0000000,838.3796296,856.8981481,875.5671296,894.3750000,913.3217593,932.4074074,951.6319444,970.9953704,990.0578704,1009.2476852,1028.5648148,1047.9976852,1067.5578704,1087.9398148,1108.7731481,1129.7685185,1150.8912037,1172.1643519,1192.8935185,1213.3449074,1233.9120370,1254.5949074,1275.3819444,1297.2453704,1319.4791667,1341.8402778,1364.3518519,1387.0023148,1414.3865741,1442.0138889,1469.9074074,1500.0000000,1500.0000000
55.80,-0.3657407,-0.3657407,-0.3657407,-0.3657407,-0.3657407,-0.3657407,0.0,0.4375000,0.4965278,0.5237269,0.6306999,0.9029039,2.5592517,12.1696650,26.8684736,45.7621478,67.5717593,93.6574074,120.6250000,146.6435185,172.9629630,199.1319444,225.6712963,250.9606481,277.1527778,301.9675926,328.3796296,353.9930556,380.2546296,406.5625000,432.0023148,456.7592593,472.9861111,485.5324074,498.0208333,511.0300926,525.1851852,538.9814815,552.1759259,566.5393519,582.1180556,598.3680556,615.0000000,630.6250000,646.3773148,662.2685185,678.4953704,694.8495370,711.3194444,728.6342593,746.7824074,765.1041667,783.5879630,801.7592593,820.0000000,838.3796296,856.8981481,875.5671296,894.3750000,913.3217593,932.4074074,951.6319444,970.9953704,990.0578704,1009.2476852,1028.5648148,1047.9976852,1067.5578704,1087.9398148,1108.7731481,1129.7685185,1150.8912037,1172.1643519,1192.8935185,1213.3449074,1233.9120370,1254.5949074,1275.3819444,1297.2453704,1319.4791667,1341.8402778,1364.3518519,1387.0023148,1414.3865741,1442.0138889,1469.9074074,1500.0000000,1500.0000000
56.00,-0.4375000,-0.4375000,-0.4375000,-0.4375000,-0.4375000,-0.4375000,-0.4375000,0.0,0.4965278,0.5237269,0.6306999,0.9029039,2.5592517,12.1696650,26.8684736,45.7621478,67.5717593,93.6574074,120.6250000,146.6435185,172.9629630,199.1319444,225.6712963,250.9606481,277.1527778,301.9675926,328.3796296,353.9930556,380.2546296,406.5625000,432.0023148,456.7592593,472.9861111,485.5324074,498.0208333,511.0300926,525.1851852,538.9814815,552.1759259,566.5393519,582.1180556,598.3680556,615.0000000,630.6250000,646.3773148,662.2685185,678.4953704,694.8495370,711.3194444,728.6342593,746.7824074,765.1041667,783.5879630,801.7592593,820.0000000,838.3796296,856.8981481,875.5671296,894.3750000,913.3217593,932.4074074,951.6319444,970.9953704,990.0578704,1009.2476852,1028.5648148,1047.9976852,1067.5578704,1087.9398148,1108.7731481,1129.7685185,1150.8912037,1172.1643519,1192.8935185,1213.3449074,1233.9120370,1254.5949074,1275.3819444,1297.2453704,1319.4791667,1341.8402778,1364.3518519,1387.0023148,1414.3865741,1442.0138889,1469.9074074,1500.0000000,1500.0000000
56.20,-0.4965278,-0.4965278,-0.4965278,-0.4965278,-0.4965278,-0.4965278,-0.4965278,-0.4965278,0.0,0.5237269,0.6306999,0.9029039,2.5592517,12.1696650,26.8684736,45.7621478,67.5717593,93.6574074,120.6250000,146.6435185,172.9629630,199.1319444,225.6712963,250.9606481,277.1527778,301.9675926,328.3796296,353.9930556,380.2546296,406.5625000,432.0023148,456.7592593,472.9861111,485.5324074,498.0208333,511.0300926,525.1851852,538.9814815,552.1759259,566.5393519,582.1180556,598.3680556,615.0000000,630.6250000,646.3773148,662.2685185,678.4953704,694.8495370,711.3194444,728.6342593,746.7824074,765.1041667,783.5879630,801.7592593,820.0000000,838.3796296,856.8981481,875.5671296,894.3750000,913.3217593,932.4074074,951.6319444,970.9953704,990.0578704,1009.2476852,1028.5648148,1047.9976852,1067.5578704,1087.9398148,1108.7731481,1129.7685185,1150.8912037,1172.1643519,1192.8935185,1213.3449074,1233.9120370,1254.5949074,1275.3819444,1297.2453704,1319.4791667,1341.8402778,1364.3518519,1387.0023148,1414.3865741,1442.0138889,1469.9074074,1500.0000000,1500.0000000
56.33,-0.5237269,-0.5237269,-0.5237269,-0.5237269,-0.5237269,-0.5237269,-0.5237269,-0.5237269,-0.5237269,0.0,0.6306999,0.9029039,2.5592517,12.1696650,26.8684736,45.7621478,67.5717593,93.6574074,120.6250000,146.6435185,172.9629630,199.1319444,225.6712963,250.9606481,277.1527778,301.9675926,328.3796296,353.9930556,380.2546296,406.5625000,432.0023148,456.7592593,472.9861111,485.5324074,498.0208333,511.0300926,525.1851852,538.9814815,552.1759259,566.5393519,582.1180556,598.3680556,615.0000000,630.6250000,646.3773148,662.2685185,678.4953704,694.8495370,711.3194444,728.6342593,746.7824074,765.1041667,783.5879630,801.7592593,820.0000000,838.3796296,856.8981481,875.5671296,894.3750000,913.3217593,932.4074074,951.6319444,970.9953704,990.0578704,1009.2476852,1028.5648148,1047.9976852,1067.5578704,1087.9398148,1108.7731481,1129.7685185,1150.8912037,1172.1643519,1192.8935185,1213.3449074,1233.9120370,1254.5949074,1275.3819444,1297.2453704,1319.4791667,1341.8402778,1364.3518519,1387.0023148,1414.3865741,1442.0138889,1469.9074074,1500.0000000,1500.0000000
56.40,-0.6306999,-0.6306999,-0.6306999,-0.6306999,-0.6306999,-0.6306999,-0.6306999,-0.6306999,-0.6306999,-0.6306999,0.0,0.9029039,2.5592517,12.1696650,26.8684736,45.7621478,67.5717593,93.6574074,120.6250000,146.6435185,172.9629630,199.1319444,225.6712963,250.9606481,277.1527778,301.9675926,328.3796296,353.9930556,380.2546296,406.5625000,432.0023148,456.7592593,472.9861111,485.5324074,498.0208333,511.0300926,525.1851852,538.9814815,552.1759259,566.5393519,582.1180556,598.3680556,615.0000000,630.6250000,646.3773148,662.2685185,678.4953704,694.8495370,711.3194444,728.6342593,746.7824074,765.1041667,783.5879630,801.7592593,820.0000000,838.3796296,856.8981481,875.5671296,894.3750000,913.3217593,932.4074074,951.6319444,970.9953704,990.0578704,1009.2476852,1028.5648148,1047.9976852,1067.5578704,1087.9398148,1108.7731481,1129.7685185,1150.8912037,1172.1643519,1192.8935185,1213.3449074,1233.9120370,1254.5949074,1275.3819444,1297.2453704,1319.4791667,1341.8402778,1364.3518519,1387.0023148,1414.3865741,1442.0138889,1469.9074074,1500.0000000,1500.0000000
56.53,-0.9029039,-0.9029039,-0.9029039,-0.9029039,-0.9029039,-0.9029039,-0.9029039,-0.9029039,-0.9029039,-0.9029039,-0.9029039,0.0,2.5592517,12.1696650,26.8684736,45.7621478,67.5717593,93.6574074,120.6250000,146.6435185,172.9629630,199.1319444,225.6712963,250.9606481,277.1527778,301.9675926,328.3796296,353.9930556,380.2546296,406.5625000,432.0023148,456.7592593,472.9861111,485.5324074,498.0208333,511.0300926,525.1851852,538.9814815,552.1759259,566.5393519,582.1180556,598.3680556,615.0000000,630.6250000,646.3773148,662.2685185,678.4953704,694.8495370,711.3194444,728.6342593,746.7824074,765.1041667,783.5879630,801.7592593,820.0000000,838.3796296,856.8981481,875.5671296,894.3750000,913.3217593,932.4074074,951.6319444,970.9953704,990.0578704,1009.2476852,1028.5648148,1047.9976852,1067.5578704,1087.9398148,1108.7731481,1129.7685185,1150.8912037,1172.1643519,1192.8935185,1213.3449074,1233.9120370,1254.5949074,1275.3819444,1297.2453704,1319.4791667,1341.8402778,1364.3518519,1387.0023148,1414.3865741,1442.0138889,1469.9074074,1500.0000000,1500.0000000
56.60,-2.5592517,-2.5592517,-2.5592517,-2.5592517,-2.5592517,-2.5592517,-2.5592517,-2.5592517,-2.5592517,-2.5592517,-2.5592517,-2.5592517,0.0,12.1696650,26.8684736,45.7621478,67.5717593,93.6574074,120.6250000,146.6435185,172.9629630,199.1319444,225.6712963,250.9606481,277.1527778,301.9675926,328.3796296,353.9930556,380.2546296,406.5625000,432.0023148,456.7592593,472.9861111,485.5324074,498.0208333,511.0300926,525.1851852,538.9814815,552.1759259,566.5393519,582.1180556,598.3680556,615.0000000,630.6250000,646.3773148,662.2685185,678.4953704,694.8495370,711.3194444,728.6342593,746.7824074,765.1041667,783.5879630,801.7592593,820.0000000,838.3796296,856.8981481,875.5671296,894.3750000,913.3217593,932.4074074,951.6319444,970.9953704,990.0578704,1009.2476852,1028.5648148,1047.9976852,1067.5578704,1087.9398148,1108.7731481,1129.7685185,1150.8912037,1172.1643519,1192.8935185,1213.3449074,1233.9120370,1254.5949074,1275.3819444,1297.2453704,1319.4791667,1341.8402778,1364.3518519,1387.0023148,1414.3865741,1442.0138889,1469.9074074,1500.0000000,1500.0000000
56.80,-12.1696650,-12.1696650,-12.1696650,-12.1696650,-12.1696650,-12.1696650,-12.1696650,-12.1696650,-12.1696650,-12.1696650,-12.1696650,-12.1696650,-12.1696650,0.0,26.8684736,45.7621478,67.5717593,93.6574074,120.6250000,146.6435185,172.9629630,199.1319444,225.6712963,250.9606481,277.1527778,301.9675926,328.3796296,353.9930556,380.2546296,406.5625000,432.0023148,456.7592593,472.9861111,485.5324074,498.0208333,511.0300926,525.1851852,538.9814815,552.1759259,566.5393519,582.1180556,598.3680556,615.0000000,630.6250000,646.3773148,662.2685185,678.4953704,694.8495370,711.3194444,728.6342593,746.7824074,765.1041667,783.5879630,801.7592593,820.0000000,838.3796296,856.8981481,875.5671296,894.3750000,913.3217593,932.4074074,951.6319444,970.9953704,990.0578704,1009.2476852,1028.5648148,1047.9976852,1067.5578704,1087.9398148,1108.7731481,1129.7685185,1150.8912037,1172.1643519,1192.8935185,1213.3449074,1233.9120370,1254.5949074,1275.3819444,1297.2453704,1319.4791667,1341.8402778,1364.3518519,1387.0023148,1414.3865741,1442.0138889,1469.9074074,1500.0000000,1500.0000000
57.00,-26.8684736,-26.8684736,-26.8684736,-26.8684736,-26.8684736,-26.8684736,-26.8684736,-26.8684736,-26.8684736,-26.8684736,-26.8684736,-26.8684736,-26.8684736,-26.8684736,0.0,45.7621478,67.5717593,93.6574074,120.6250000,146.6435185,172.9629630,199.1319444,225.6712963,250.9606481,277.1527778,301.9675926,328.3796296,353.9930556,380.2546296,406.5625000,432.0023148,456.7592593,472.9861111,485.5324074,498.0208333,511.0300926,525.1851852,538.9814815,552.1759259,566.5393519,582.1180556,598.3680556,615.0000000,630.6250000,646.3773148,662.2685185,678.4953704,694.8495370,711.3194444,728.6342593,746.7824074,765.1041667,783.5879630,801.7592593,820.0000000,838.3796296,856.8981481,875.5671296,894.3750000,913.3217593,932.4074074,951.6319444,970.9953704,990.0578704,1009.2476852,1028.5648148,1047.9976852,1067.5578704,1087.9398148,1108.7731481,1129.7685185,1150.8912037,1172.1643519,1192.8935185,1213.3449074,1233.9120370,1254.5949074,1275.3819444,1297.2453704,1319.4791667,1341.8402778,1364.3518519,1387.0023148,1414.3865741,1442.0138889,1469.9074074,1500.0000000,1500.0000000
57.20,-45.7621478,-45.7621478,-45.7621478,-45.7621478,-45.7621478,-45.7621478,-45.7621478,-45.7621478,-45.7621478,-45.7621478,-45.7621478,-45.7621478,-45.7621478,-45.7621478,-45.7621478,0.0,67.5717593,93.6574074,120.6250000,146.6435185,172.9629630,199.1319444,225.6712963,250.9606481,277.1527778,301.9675926,328.3796296,353.9930556,380.2546296,406.5625000,432.0023148,456.7592593,472.9861111,485.5324074,498.0208333,511.0300926,525.1851852,538.9814815,552.1759259,566.5393519,582.1180556,598.3680556,615.0000000,630.6250000,646.3773148,662.2685185,678.4953704,694.8495370,711.3194444,728.6342593,746.7824074,765.1041667,783.5879630,801.7592593,820.0000000,838.3796296,856.8981481,875.5671296,894.3750000,913.3217593,932.4074074,951.6319444,970.9953704,990.0578704,1009.2476852,1028.5648148,1047.9976852,1067.5578704,1087.9398148,1108.7731481,1129.7685185,1150.8912037,1172.1643519,1192.8935185,1213.3449074,1233.9120370,1254.5949074,1275.3819444,1297.2453704,1319.4791667,1341.8402778,1364.3518519,1387.0023148,1414.3865741,1442.0138889,1469.9074074,1500.0000000,1500.0000000
57.40,-67.5717593,-67.5717593,-67.5717593,-67.5717593,-67.5717593,-67.5717593,-67.5717593,-67.5717593,-67.5717593,-67.5717593,-67.5717593,-67.5717593,-67.5717593,-67.5717593,-67.5717593,-67.5717593,0.0,93.6574074,120.6250000,146.6435185,172.9629630,199.1319444,225.6712963,250.9606481,277.1527778,301.9675926,328.3796296,353.9930556,380.2546296,406.5625000,432.0023148,456.7592593,472.9861111,485.5324074,498.0208333,511.0300926,525.1851852,538.9814815,552.1759259,566.5393519,582.1180556,598.3680556,615.0000000,630.6250000,646.3773148,662.2685185,678.4953704,694.8495370,711.3194444,728.6342593,746.7824074,765.1041667,783.5879630,801.7592593,820.0000000,838.3796296,856.8981481,875.5671296,894.3750000,913.3217593,932.4074074,951.6319444,970.9953704,990.0578704,1009.2476852,1028.5648148,1047.9976852,1067.5578704,1087.9398148,1108.7731481,1129.7685185,1150.8912037,1172.1643519,1192.8935185,1213.3449074,1233.9120370,1254.5949074,1275.3819444,1297.2453704,1319.4791667,1341.8402778,1364.3518519,1387.0023148,1414.3865741,1442.0138889,1469.9074074,1500.0000000,1500.0000000
57.60,-93.6574074,-93.6574074,-93.6574074,-93.6574074,-93.6574074,-93.6574074,-93.6574074,-93.6574074,-93.6574074,-93.6574074,-93.6574074,-93.6574074,-93.6574074,-93.6574074,-93.6574074,-93.6574074,-93.6574074,0.0,120.6250000,146.6435185,172.9629630,199.1319444,225.6712963,250.9606481,277.1527778,301.9675926,328.3796296,353.9930556,380.2546296,406.5625000,432.0023148,456.7592593,472.9861111,485.5324074,498.0208333,511.0300926,525.1851852,538.9814815,552.1759259,566.5393519,582.1180556,598.3680556,615.0000000,630.6250000,646.3773148,662.2685185,678.4953704,694.8495370,711.3194444,728.6342593,746.7824074,765.1041667,783.5879630,801.7592593,820.0000000,838.3796296,856.8981481,875.5671296,894.3750000,913.3217593,932.4074074,951.6319444,970.9953704,990.0578704,1009.2476852,1028.5648148,1047.9976852,1067.5578704,1087.9398148,1108.7731481,1129.7685185,1150.8912037,1172.1643519,1192.8935185,1213.3449074,1233.9120370,1254.5949074,1275.3819444,1297.2453704,1319.4791667,1341.8402778,1364.3518519,1387.0023148,1414.3865741,1442.0138889,1469.9074074,1500.0000000,1500.0000000
57.80,-120.6250000,-120.6250000,-120.6250000,-120.6250000,-120.6250000,-120.6250000,-120.6250000,-120.6250000,-120.6250000,-120.6250000,-120.6250000,-120.6250000,-120.6250000,-120.6250000,-120.6250000,-120.6250000,-120.6250000,-120.6250000,0.0,146.6435185,172.9629630,199.1319444,225.6712963,250.9606481,277.1527778,301.9675926,328.3796296,353.9930556,380.2546296,406.5625000,432.0023148,456.7592593,472.9861111,485.5324074,498.0208333,511.0300926,525.1851852,538.9814815,552.1759259,566.5393519,582.1180556,598.3680556,615.0000000,630.6250000,646.3773148,662.2685185,678.4953704,694.8495370,711.3194444,728.6342593,746.7824074,765.1041667,783.5879630,801.7592593,820.0000000,838.3796296,856.8981481,875.5671296,894.3750000,913.3217593,932.4074074,951.6319444,970.9953704,990.0578704,1009.2476852,1028.5648148,1047.9976852,1067.5578704,1087.9398148,1108.7731481,1129.7685185,1150.8912037,1172.1643519,1192.8935185,1213.3449074,1233.9120370,1254.5949074,1275.3819444,1297.2453704,1319.4791667,1341.8402778,1364.3518519,1387.0023148,1414.3865741,1442.0138889,1469.9074074,1500.0000000,1500.0000000
58.00,-146.6435185,-146.6435185,-146.6435185,-146.6435185,-146.6435185,-146.6435185,-146.6435185,-146.6435185,-146.6435185,-146.6435185,-146.6435185,-146.6435185,-146.6435185,-146.6435185,-146.6435185,-146.6435185,-146.6435185,-146.6435185,-146.6435185,0.0,172.9629630,199.1319444,225.6712963,250.9606481,277.1527778,301.9675926,328.3796296,353.9930556,380.2546296,406.5625000,432.0023148,456.7592593,472.9861111,485.5324074,498.0208333,511.0300926,525.1851852,538.9814815,552.1759259,566.5393519,582.1180556,598.3680556,615.0000000,630.6250000,646.3773148,662.2685185,678.4953704,694.8495370,711.3194444,728.6342593,746.7824074,765.1041667,783.5879630,801.7592593,820.0000000,838.3796296,856.8981481,875.5671296,894.3750000,913.3217593,932.4074074,951.6319444,970.9953704,990.0578704,1009.2476852,1028.5648148,1047.9976852,1067.5578704,1087.9398148,1108.7731481,1129.7685185,1150.8912037,1172.1643519,1192.8935185,1213.3449074,1233.9120370,1254.5949074,1275.3819444,1297.2453704,1319.4791667,1341.8402778,1364.3518519,1387.0023148,1414.3865741,1442.0138889,1469.9074074,1500.0000000,1500.0000000
58.20,-172.9629630,-172.9629630,-172.9629630,-172.9629630,-172.9629630,-172.9629630,-172.9629630,-172.9629630,-172.9629630,-172.9629630,-172.9629630,-172.9629630,-172.9629630,-172.9629630,-172.9629630,-172.9629630,-172.9629630,-172.9629630,-172.9629630,-172.9629630,0.0,199.1319444,225.6712963,250.9606481,277.1527778,301.9675926,328.3796296,353.9930556,380.2546296,406.5625000,432.0023148,456.7592593,472.9861111,485.5324074,498.0208333,511.0300926,525.1851852,538.9814815,552.1759259,566.5393519,582.1180556,598.3680556,615.0000000,630.6250000,646.3773148,662.2685185,678.4953704,694.8495370,711.3194444,728.6342593,746.7824074,765.1041667,783.5879630,801.7592593,820.0000000,838.3796296,856.8981481,875.5671296,894.3750000,913.3217593,932.4074074,951.6319444,970.9953704,990.0578704,1009.2476852,1028.5648148,1047.9976852,1067.5578704,1087.9398148,1108.7731481,1129.7685185,1150.8912037,1172.1643519,1192.8935185,1213.3449074,1233.9120370,1254.5949074,1275.3819444,1297.2453704,1319.4791667,1341.8402778,1364.3518519,1387.0023148,1414.3865741,1442.0138889,1469.9074074,1500.0000000,1500.0000000
58.40,-199.1319444,-199.1319444,-199.1319444,-199.1319444,-199.1319444,-199.1319444,-199.1319444,-199.1319444,-199.1319444,-199.1319444,-199.1319444,-199.1319444,-199.1319444,-199.1319444,-199.1319444,-199.1319444,-199.1319444,-199.1319444,-199.1319444,-199.1319444,-199.1319444,0.0,225.6712963,250.9606481,277.1527778,301.9675926,328.3796296,353.9930556,380.2546296,406.5625000,432.0023148,456.7592593,472.9861111,485.5324074,498.0208333,511.0300926,525.1851852,538.9814815,552.1759259,566.5393519,582.1180556,598.3680556,615.0000000,630.6250000,646.3773148,662.2685185,678.4953704,694.8495370,711.3194444,728.6342593,746.7824074,765.1041667,783.5879630,801.7592593,820.0000000,838.3796296,856.8981481,875.5671296,894.3750000,913.3217593,932.4074074,951.6319444,970.9953704,990.0578704,1009.2476852,1028.5648148,1047.9976852,1067.5578704,1087.9398148,1108.7731481,1129.7685185,1150.8912037,1172.1643519,1192.8935185,1213.3449074,1233.9120370,1254.5949074,1275.3819444,1297.2453704,1319.4791667,1341.8402778,1364.3518519,1387.0023148,1414.3865741,1442.0138889,1469.9074074,1500.0000000,1500.0000000
58.60,-225.6712963,-225.6712963,-225.6712963,-225.6712963,-225.6712963,-225.6712963,-225.6712963,-225.6712963,-225.6712963,-225.6712963,-225.6712963,-225.6712963,-225.6712963,-225.6712963,-225.6712963,-225.6712963,-225.6712963,-225.6712963,-225.6712963,-225.6712963,-225.6712963,-225.6712963,0.0,250.9606481,277.1527778,301.9675926,328.3796296,353.9930556,380.2546296,406.5625000,432.0023148,456.7592593,472.9861111,485.5324074,498.0208333,511.0300926,525.1851852,538.9814815,552.1759259,566.5393519,582.1180556,598.3680556,615.0000000,630.6250000,646.3773148,662.2685185,678.4953704,694.8495370,711.3194444,728.6342593,746.7824074,765.1041667,783.5879630,801.7592593,820.0000000,838.3796296,856.8981481,875.5671296,894.3750000,913.3217593,932.4074074,951.6319444,970.9953704,990.0578704,1009.2476852,1028.5648148,1047.9976852,1067.5578704,1087.9398148,1108.7731481,1129.7685185,1150.8912037,1172.1643519,1192.8935185,1213.3449074,1233.9120370,1254.5949074,1275.3819444,1297.2453704,1319.4791667,1341.8402778,1364.3518519,1387.0023148,1414.3865741,1442.0138889,1469.9074074,1500.0000000,1500.0000000
58.80,-250.9606481,-250.9606481,-250.9606481,-250.9606481,-250.9606481,-250.9606481,-250.9606481,-250.9606481,-250.9606481,-250.9606481,-250.9606481,-250.9606481,-250.9606481,-250.9606481,-250.9606481,-250.9606481,-250.9606481,-250.9606481,-250.9606481,-250.9606481,-250.9606481,-250.9606481,-250.9606481,0.0,277.1527778,301.9675926,328.3796296,353.9930556,380.2546296,406.5625000,432.0023148,456.7592593,472.9861111,485.5324074,498.0208333,511.0300926,525.1851852,538.9814815,552.1759259,566.5393519,582.1180556,598.3680556,615.0000000,630.6250000,646.3773148,662.2685185,678.4953704,694.8495370,711.3194444,728.6342593,746.7824074,765.1041667,783.5879630,801.7592593,820.0000000,838.3796296,856.8981481,875.5671296,894.3750000,913.3217593,932.4074074,951.6319444,970.9953704,990.0578704,1009.2476852,1028.5648148,1047.9976852,1067.5578704,1087.9398148,1108.7731481,1129.7685185,1150.8912037,1172.1643519,1192.8935185,1213.3449074,1233.9120370,1254.5949074,1275.3819444,1297.2453704,1319.4791667,1341.8402778,1364.3518519,1387.0023148,1414.3865741,1442.0138889,1469.9074074,1500.0000000,1500.0000000
59.00,-277.1527778,-277.1527778,-277.1527778,-277.1527778,-277.1527778,-277.1527778,-277.1527778,-277.1527778,-277.1527778,-277.1527778,-277.1527778,-277.1527778,-277.1527778,-277.1527778,-277.1527778,-277.1527778,-277.1527778,-277.1527778,-277.1527778,-277.1527778,-277.1527778,-277.1527778,-277.1527778,-277.1527778,0.0,301.9675926,328.3796296,353.9930556,380.2546296,406.5625000,432.0023148,456.7592593,472.9861111,485.5324074,498.0208333,511.0300926,525.1851852,538.9814815,552.1759259,566.5393519,582.1180556,598.3680556,615.0000000,630.6250000,646.3773148,662.2685185,678.4953704,694.8495370,711.3194444,728.6342593,746.7824074,765.1041667,783.5879630,801.7592593,820.0000000,838.3796296,856.8981481,875.5671296,894.3750000,913.3217593,932.4074074,951.6319444,970.9953704,990.0578704,1009.2476852,1028.5648148,1047.9976852,1067.5578704,1087.9398148,1108.7731481,1129.7685185,1150.8912037,1172.1643519,1192.8935185,1213.3449074,1233.9120370,1254.5949074,1275.3819444,1297.2453704,1319.4791667,1341.8402778,1364.3518519,1387.0023148,1414.3865741,1442.0138889,1469.9074074,1500.0000000,1500.0000000
59.20,-301.9675926,-301.9675926,-301.9675926,-301.9675926,-301.9675926,-301.9675926,-301.9675926,-301.9675926,-301.9675926,-301.9675926,-301.9675926,-301.9675926,-301.9675926,-301.9675926,-301.9675926,-301.9675926,-301.9675926,-301.9675926,-301.9675926,-301.9675926,-301.9675926,-301.9675926,-301.9675926,-301.9675926,-301.9675926,0.0,328.3796296,353.9930556,380.2546296,406.5625000,432.0023148,456.7592593,472.9861111,485.5324074,498.0208333,511.0300926,525.1851852,538.9814815,552.1759259,566.5393519,582.1180556,598.3680556,615.0000000,630.6250000,646.3773148,662.2685185,678.4953704,694.8495370,711.3194444,728.6342593,746.7824074,765.1041667,783.5879630,801.7592593,820.0000000,838.3796296,856.8981481,875.5671296,894.3750000,913.3217593,932.4074074,951.6319444,970.9953704,990.0578704,1009.2476852,1028.5648148,1047.9976852,1067.5578704,1087.9398148,1108.7731481,1129.7685185,1150.8912037,1172.1643519,1192.8935185,1213.3449074,1233.9120370,1254.5949074,1275.3819444,1297.2453704,1319.4791667,1341.8402778,1364.3518519,1387.0023148,1414.3865741,1442.0138889,1469.9074074,1500.0000000,1500.0000000
59.40,-328.3796296,-328.3796296,-328.3796296,-328.3796296,-328.3796296,-328.3796296,-328.3796296,-328.3796296,-328.3796296,-328.3796296,-328.3796296,-328.3796296,-328.3796296,-328.3796296,-328.3796296,-328.3796296,-328.3796296,-328.3796296,-328.3796296,-328.3796296,-328.3796296,-328.3796296,-328.3796296,-328.3796296,-328.3796296,-328.3796296,0.0,353.9930556,380.2546296,406.5625000,432.0023148,456.7592593,472.9861111,485.5324074,498.0208333,511.0300926,525.1851852,538.9814815,552.1759259,566.5393519,582.1180556,598.3680556,615.0000000,630.6250000,646.3773148,662.2685185,678.4953704,694.8495370,711.3194444,728.6342593,746.7824074,765.1041667,783.5879630,801.7592593,820.0000000,838.3796296,856.8981481,875.5671296,894.3750000,913.3217593,932.4074074,951.6319444,970.9953704,990.0578704,1009.2476852,1028.5648148,1047.9976852,1067.5578704,1087.9398148,1108.7731481,1129.7685185,1150.8912037,1172.1643519,1192.8935185,1213.3449074,1233.9120370,1254.5949074,1275.3819444,1297.2453704,1319.4791667,1341.8402778,1364.3518519,1387.0023148,1414.3865741,1442.0138889,1469.9074074,1500.0000000,1500.0000000
59.60,-353.9930556,-353.9930556,-353.9930556,-353.9930556,-353.9930556,-353.9930556,-353.9930556,-353.9930556,-353.9930556,-353.9930556,-353.9930556,-353.9930556,-353.9930556,-353.9930556,-353.9930556,-353.9930556,-353.9930556,-353.9930556,-353.9930556,-353.9930556,-353.9930556,-353.9930556,-353.9930556,-353.9930556,-353.9930556,-353.9930556,-353.9930556,0.0,380.2546296,406.5625000,432.0023148,456.7592593,472.9861111,485.5324074,498.0208333,511.0300926,525.1851852,538.9814815,552.1759259,566.5393519,582.1180556,598.3680556,615.0000000,630.6250000,646.3773148,662.2685185,678.4953704,694.8495370,711.3194444,728.6342593,746.7824074,765.1041667,783.5879630,801.7592593,820.0000000,838.3796296,856.8981481,875.5671296,894.3750000,913.3217593,932.4074074,951.6319444,970.9953704,990.0578704,1009.2476852,1028.5648148,1047.9976852,1067.5578704,1087.9398148,1108.7731481,1129.7685185,1150.8912037,1172.1643519,1192.8935185,1213.3449074,1233.9120370,1254.5949074,1275.3819444,1297.2453704,1319.4791667,1341.8402778,1364.3518519,1387.0023148,1414.3865741,1442.0138889,1469.9074074,1500.0000000,1500.0000000
59.80,-380.2546296,-380.2546296,-380.2546296,-380.2546296,-380.2546296,-380.2546296,-380.2546296,-380.2546296,-380.2546296,-380.2546296,-380.2546296,-380.2546296,-380.2546296,-380.2546296,-380.2546296,-380.2546296,-380.2546296,-380.2546296,-380.2546296,-380.2546296,-380.2546296,-380.2546296,-380.2546296,-380.2546296,-380.2546296,-380.2546296,-380.2546296,-380.2546296,0.0,406.5625000,432.0023148,456.7592593,472.9861111,485.5324074,498.0208333,511.0300926,525.1851852,538.9814815,552.1759259,566.5393519,582.1180556,598.3680556,615.0000000,630.6250000,646.3773148,662.2685185,678.4953704,694.8495370,711.3194444,728.6342593,746.7824074,765.1041667,783.5879630,801.7592593,820.0000000,838.3796296,856.8981481,875.5671296,894.3750000,913.3217593,932.4074074,951.6319444,970.9953704,990.0578704,1009.2476852,1028.5648148,1047.9976852,1067.5578704,1087.9398148,1108.7731481,1129.7685185,1150.8912037,1172.1643519,1192.8935185,1213.3449074,1233.9120370,1254.5949074,1275.3819444,1297.2453704,1319.4791667,1341.8402778,1364.3518519,1387.0023148,1414.3865741,1442.0138889,1469.9074074,1500.0000000,1500.0000000
60.00,-406.5625000,-406.5625000,-406.5625000,-406.5625000,-406.5625000,-406.5625000,-406.5625000,-406.5625000,-406.5625000,-406.5625000,-406.5625000,-406.5625000,-406.5625000,-406.5625000,-406.5625000,-406.5625000,-406.5625000,-406.5625000,-406.5625000,-406.5625000,-406.5625000,-406.5625000,-406.5625000,-406.5625000,-406.5625000,-406.5625000,-406.5625000,-406.5625000,-406.5625000,0.0,432.0023148,456.7592593,472.9861111,485.5324074,498.0208333,511.0300926,525.1851852,538.9814815,552.1759259,566.5393519,582.1180556,598.3680556,615.0000000,630.6250000,646.3773148,662.2685185,678.4953704,694.8495370,711.3194444,728.6342593,746.7824074,765.1041667,783.5879630,801.7592593,820.0000000,838.3796296,856.8981481,875.5671296,894.3750000,913.3217593,932.4074074,951.6319444,970.9953704,990.0578704,1009.2476852,1028.5648148,1047.9976852,1067.5578704,1087.9398148,1108.7731481,1129.7685185,1150.8912037,1172.1643519,1192.8935185,1213.3449074,1233.9120370,1254.5949074,1275.3819444,1297.2453704,1319.4791667,1341.8402778,1364.3518519,1387.0023148,1414.3865741,1442.0138889,1469.9074074,1500.0000000,1500.0000000
60.20,-432.0023148,-432.0023148,-432.0023148,-432.0023148,-432.0023148,-432.0023148,-432.0023148,-432.0023148,-432.0023148,-432.0023148,-432.0023148,-432.0023148,-432.0023148,-432.0023148,-432.0023148,-432.0023148,-432.0023148,-432.0023148,-432.0023148,-432.0023148,-432.0023148,-432.0023148,-432.0023148,-432.0023148,-432.0023148,-432.0023148,-432.0023148,-432.0023148,-432.0023148,-432.0023148,0.0,456.7592593,472.9861111,485.5324074,498.0208333,511.0300926,525.1851852,538.9814815,552.1759259,566.5393519,582.1180556,598.3680556,615.0000000,630.6250000,646.3773148,662.2685185,678.4953704,694.8495370,711.3194444,728.6342593,746.7824074,765.1041667,783.5879630,801.7592593,820.0000000,838.3796296,856.8981481,875.5671296,894.3750000,913.3217593,932.4074074,951.6319444,970.9953704,990.0578704,1009.2476852,1028.5648148,1047.9976852,1067.5578704,1087.9398148,1108.7731481,1129.7685185,1150.8912037,1172.1643519,1192.8935185,1213.3449074,1233.9120370,1254.5949074,1275.3819444,1297.2453704,1319.4791667,1341.8402778,1364.3518519,1387.0023148,1414.3865741,1442.0138889,1469.9074074,1500.0000000,1500.0000000
60.40,-456.7592593,-456.7592593,-456.7592593,-456.7592593,-456.7592593,-456.7592593,-456.7592593,-456.7592593,-456.7592593,-456.7592593,-456.7592593,-456.7592593,-456.7592593,-456.7592593,-456.7592593,-456.7592593,-456.7592593,-456.7592593,-456.7592593,-456.7592593,-456.7592593,-456.7592593,-456.7592593,-456.7592593,-456.7592593,-456.7592593,-456.7592593,-456.7592593,-456.7592593,-456.7592593,-456.7592593,0.0,472.9861111,485.5324074,498.0208333,511.0300926,525.1851852,538.9814815,552.1759259,566.5393519,582.1180556,598.3680556,615.0000000,630.6250000,646.3773148,662.2685185,678.4953704,694.8495370,711.3194444,728.6342593,746.7824074,765.1041667,783.5879630,801.7592593,820.0000000,838.3796296,856.8981481,875.5671296,894.3750000,913.3217593,932.4074074,951.6319444,970.9953704,990.0578704,1009.2476852,1028.5648148,1047.9976852,1067.5578704,1087.9398148,1108.7731481,1129.7685185,1150.8912037,1172.1643519,1192.8935185,1213.3449074,1233.9120370,1254.5949074,1275.3819444,1297.2453704,1319.4791667,1341.8402778,1364.3518519,1387.0023148,1414.3865741,1442.0138889,1469.9074074,1500.0000000,1500.0000000
60.53,-472.9861111,-472.9861111,-472.9861111,-472.9861111,-472.9861111,-472.9861111,-472.9861111,-472.9861111,-472.9861111,-472.9861111,-472.9861111,-472.9861111,-472.9861111,-472.9861111,-472.9861111,-472.9861111,-472.9861111,-472.9861111,-472.9861111,-472.9861111,-472.9861111,-472.9861111,-472.9861111,-472.9861111,-472.9861111,-472.9861111,-472.9861111,-472.9861111,-472.9861111,-472.9861111,-472.9861111,-472.9861111,0.0,485.5324074,498.0208333,511.0300926,525.1851852,538.9814815,552.1759259,566.5393519,582.1180556,598.3680556,615.0000000,630.6250000,646.3773148,662.2685185,678.4953704,694.8495370,711.3194444,728.6342593,746.7824074,765.1041667,783.5879630,801.7592593,820.0000000,838.3796296,856.8981481,875.5671296,894.3750000,913.3217593,932.4074074,951.6319444,970.9953704,990.0578704,1009.2476852,1028.5648148,1047.9976852,1067.5578704,1087.9398148,1108.7731481,1129.7685185,1150.8912037,1172.1643519,1192.8935185,1213.3449074,1233.9120370,1254.5949074,1275.3819444,1297.2453704,1319.4791667,1341.8402778,1364.3518519,1387.0023148,1414.3865741,1442.0138889,1469.9074074,1500.0000000,1500.0000000
60.63,-485.5324074,-485.5324074,-485.5324074,-485.5324074,-485.5324074,-485.5324074,-485.5324074,-485.5324074,-485.5324074,-485.5324074,-485.5324074,-485.5324074,-485.5324074,-485.5324074,-485.5324074,-485.5324074,-485.5324074,-485.5324074,-485.5324074,-485.5324074,-485.5324074,-485.5324074,-485.5324074,-485.5324074,-485.5324074,-485.5324074,-485.5324074,-485.5324074,-485.5324074,-485.5324074,-485.5324074,-485.5324074,-485.5324074,0.0,498.0208333,511.0300926,525.1851852,538.9814815,552.1759259,566.5393519,582.1180556,598.3680556,615.0000000,630.6250000,646.3773148,662.2685185,678.4953704,694.8495370,711.3194444,728.6342593,746.7824074,765.1041667,783.5879630,801.7592593,820.0000000,838.3796296,856.8981481,875.5671296,894.3750000,913.3217593,932.4074074,951.6319444,970.9953704,990.0578704,1009.2476852,1028.5648148,1047.9976852,1067.5578704,1087.9398148,1108.7731481,1129.7685185,1150.8912037,1172.1643519,1192.8935185,1213.3449074,1233.9120370,1254.5949074,1275.3819444,1297.2453704,1319.4791667,1341.8402778,1364.3518519,1387.0023148,1414.3865741,1442.0138889,1469.9074074,1500.0000000,1500.0000000
60.73,-498.0208333,-498.0208333,-498.0208333,-498.0208333,-498.0208333,-498.0208333,-498.0208333,-498.0208333,-498.0208333,-498.0208333,-498.0208333,-498.0208333,-498.0208333,-498.0208333,-498.0208333,-498.0208333,-498.0208333,-498.0208333,-498.0208333,-498.0208333,-498.0208333,-498.0208333,-498.0208333,-498.0208333,-498.0208333,-498.0208333,-498.0208333,-498.0208333,-498.0208333,-498.0208333,-498.0208333,-498.0208333,-498.0208333,-498.0208333,0.0,511.0300926,525.1851852,538.9814815,552.1759259,566.5393519,582.1180556,598.3680556,615.0000000,630.6250000,646.3773148,662.2685185,678.4953704,694.8495370,711.3194444,728.6342593,746.7824074,765.1041667,783.5879630,801.7592593,820.0000000,838.3796296,856.8981481,875.5671296,894.3750000,913.3217593,932.4074074,951.6319444,970.9953704,990.0578704,1009.2476852,1028.5648148,1047.9976852,1067.5578704,1087.9398148,1108.7731481,1129.7685185,1150.8912037,1172.1643519,1192.8935185,1213.3449074,1233.9120370,1254.5949074,1275.3819444,1297.2453704,1319.4791667,1341.8402778,1364.3518519,1387.0023148,1414.3865741,1442.0138889,1469.9074074,1500.0000000,1500.0000000
60.83,-511.0300926,-511.0300926,-511.0300926,-511.0300926,-511.0300926,-511.0300926,-511.0300926,-511.0300926,-511.0300926,-511.0300926,-511.0300926,-511.0300926,-511.0300926,-511.0300926,-511.0300926,-511.0300926,-511.0300926,-511.0300926,-511.0300926,-511.0300926,-511.0300926,-511.0300926,-511.0300926,-511.0300926,-511.0300926,-511.0300926,-511.0300926,-511.0300926,-511.0300926,-511.0300926,-511.0300926,-511.0300926,-511.0300926,-511.0300926,-511.0300926,0.0,525.1851852,538.9814815,552.1759259,566.5393519,582.1180556,598.3680556,615.0000000,630.6250000,646.3773148,662.2685185,678.4953704,694.8495370,711.3194444,728.6342593,746.7824074,765.1041667,783.5879630,801.7592593,820.0000000,838.3796296,856.8981481,875.5671296,894.3750000,913.3217593,932.4074074,951.6319444,970.9953704,990.0578704,1009.2476852,1028.5648148,1047.9976852,1067.5578704,1087.9398148,1108.7731481,1129.7685185,1150.8912037,1172.1643519,1192.8935185,1213.3449074,1233.9120370,1254.5949074,1275.3819444,1297.2453704,1319.4791667,1341.8402778,1364.3518519,1387.0023148,1414.3865741,1442.0138889,1469.9074074,1500.0000000,1500.0000000
60.93,-525.1851852,-525.1851852,-525.1851852,-525.1851852,-525.1851852,-525.1851852,-525.1851852,-525.1851852,-525.1851852,-525.1851852,-525.1851852,-525.1851852,-525.1851852,-525.1851852,-525.1851852,-525.1851852,-525.1851852,-525.1851852,-525.1851852,-525.1851852,-525.1851852,-525.1851852,-525.1851852,-525.1851852,-525.1851852,-525.1851852,-525.1851852,-525.1851852,-525.1851852,-525.1851852,-525.1851852,-525.1851852,-525.1851852,-525.1851852,-525.1851852,-525.1851852,0.0,538.9814815,552.1759259,566.5393519,582.1180556,598.3680556,615.0000000,630.6250000,646.3773148,662.2685185,678.4953704,694.8495370,711.3194444,728.6342593,746.7824074,765.1041667,783.5879630,801.7592593,820.0000000,838.3796296,856.8981481,875.5671296,894.3750000,913.3217593,932.4074074,951.6319444,970.9953704,990.0578704,1009.2476852,1028.5648148,1047.9976852,1067.5578704,1087.9398148,1108.7731481,1129.7685185,1150.8912037,1172.1643519,1192.8935185,1213.3449074,1233.9120370,1254.5949074,1275.3819444,1297.2453704,1319.4791667,1341.8402778,1364.3518519,1387.0023148,1414.3865741,1442.0138889,1469.9074074,1500.0000000,1500.0000000
61.03,-538.9814815,-538.9814815,-538.9814815,-538.9814815,-538.9814815,-538.9814815,-538.9814815,-538.9814815,-538.9814815,-538.9814815,-538.9814815,-538.9814815,-538.9814815,-538.9814815,-538.9814815,-538.9814815,-538.9814815,-538.9814815,-538.9814815,-538.9814815,-538.9814815,-538.9814815,-538.9814815,-538.9814815,-538.9814815,-538.9814815,-538.9814815,-538.9814815,-538.9814815,-538.9814815,-538.9814815,-538.9814815,-538.9814815,-538.9814815,-538.9814815,-538.9814815,-538.9814815,0.0,552.1759259,566.5393519,582.1180556,598.3680556,615.0000000,630.6250000,646.3773148,662.2685185,678.4953704,694.8495370,711.3194444,728.6342593,746.7824074,765.1041667,783.5879630,801.7592593,820.0000000,838.3796296,856.8981481,875.5671296,894.3750000,913.3217593,932.4074074,951.6319444,970.9953704,990.0578704,1009.2476852,1028.5648148,1047.9976852,1067.5578704,1087.9398148,1108.7731481,1129.7685185,1150.8912037,1172.1643519,1192.8935185,1213.3449074,1233.9120370,1254.5949074,1275.3819444,1297.2453704,1319.4791667,1341.8402778,1364.3518519,1387.0023148,1414.3865741,1442.0138889,1469.9074074,1500.0000000,1500.0000000
61.13,-552.1759259,-552.1759259,-552.1759259,-552.1759259,-552.1759259,-552.1759259,-552.1759259,-552.1759259,-552.1759259,-552.1759259,-552.1759259,-552.1759259,-552.1759259,-552.1759259,-552.1759259,-552.1759259,-552.1759259,-552.1759259,-552.1759259,-552.1759259,-552.1759259,-552.1759259,-552.1759259,-552.1759259,-552.1759259,-552.1759259,-552.1759259,-552.1759259,-552.1759259,-552.1759259,-552.1759259,-552.1759259,-552.1759259,-552.1759259,-552.1759259,-552.1759259,-552.1759259,-552.1759259,0.0,566.5393519,582.1180556,598.3680556,615.0000000,630.6250000,646.3773148,662.2685185,678.4953704,694.8495370,711.3194444,728.6342593,746.7824074,765.1041667,783.5879630,801.7592593,820.0000000,838.3796296,856.8981481,875.5671296,894.3750000,913.3217593,932.4074074,951.6319444,970.9953704,990.0578704,1009.2476852,1028.5648148,1047.9976852,1067.5578704,1087.9398148,1108.7731481,1129.7685185,1150.8912037,1172.1643519,1192.8935185,1213.3449074,1233.9120370,1254.5949074,1275.3819444,1297.2453704,1319.4791667,1341.8402778,1364.3518519,1387.0023148,1414.3865741,1442.0138889,1469.9074074,1500.0000000,1500.0000000
61.23,-566.5393519,-566.5393519,-566.5393519,-566.5393519,-566.5393519,-566.5393519,-566.5393519,-566.5393519,-566.5393519,-566.5393519,-566.5393519,-566.5393519,-566.5393519,-566.5393519,-566.5393519,-566.5393519,-566.5393519,-566.5393519,-566.5393519,-566.5393519,-566.5393519,-566.5393519,-566.5393519,-566.5393519,-566.5393519,-566.5393519,-566.5393519,-566.5393519,-566.5393519,-566.5393519,-566.5393519,-566.5393519,-566.5393519,-566.5393519,-566.5393519,-566.5393519,-566.5393519,-566.5393519,-566.5393519,0.0,582.1180556,598.3680556,615.0000000,630.6250000,646.3773148,662.2685185,678.4953704,694.8495370,711.3194444,728.6342593,746.7824074,765.1041667,783.5879630,801.7592593,820.0000000,838.3796296,856.8981481,875.5671296,894.3750000,913.3217593,932.4074074,951.6319444,970.9953704,990.0578704,1009.2476852,1028.5648148,1047.9976852,1067.5578704,1087.9398148,1108.7731481,1129.7685185,1150.8912037,1172.1643519,1192.8935185,1213.3449074,1233.9120370,1254.5949074,1275.3819444,1297.2453704,1319.4791667,1341.8402778,1364.3518519,1387.0023148,1414.3865741,1442.0138889,1469.9074074,1500.0000000,1500.0000000
61.33,-582.1180556,-582.1180556,-582.1180556,-582.1180556,-582.1180556,-582.1180556,-582.1180556,-582.1180556,-582.1180556,-582.1180556,-582.1180556,-582.1180556,-582.1180556,-582.1180556,-582.1180556,-582.1180556,-582.1180556,-582.1180556,-582.1180556,-582.1180556,-582.1180556,-582.1180556,-582.1180556,-582.1180556,-582.1180556,-582.1180556,-582.1180556,-582.1180556,-582.1180556,-582.1180556,-582.1180556,-582.1180556,-582.1180556,-582.1180556,-582.1180556,-582.1180556,-582.1180556,-582.1180556,-582.1180556,-582.1180556,0.0,598.3680556,615.0000000,630.6250000,646.3773148,662.2685185,678.4953704,694.8495370,711.3194444,728.6342593,746.7824074,765.1041667,783.5879630,801.7592593,820.0000000,838.3796296,856.8981481,875.5671296,894.3750000,913.3217593,932.4074074,951.6319444,970.9953704,990.0578704,1009.2476852,1028.5648148,1047.9976852,1067.5578704,1087.9398148,1108.7731481,1129.7685185,1150.8912037,1172.1643519,1192.8935185,1213.3449074,1233.9120370,1254.5949074,1275.3819444,1297.2453704,1319.4791667,1341.8402778,1364.3518519,1387.0023148,1414.3865741,1442.0138889,1469.9074074,1500.0000000,1500.0000000
61.43,-598.3680556,-598.3680556,-598.3680556,-598.3680556,-598.3680556,-598.3680556,-598.3680556,-598.3680556,-598.3680556,-598.3680556,-598.3680556,-598.3680556,-598.3680556,-598.3680556,-598.3680556,-598.3680556,-598.3680556,-598.3680556,-598.3680556,-598.3680556,-598.3680556,-598.3680556,-598.3680556,-598.3680556,-598.3680556,-598.3680556,-598.3680556,-598.3680556,-598.3680556,-598.3680556,-598.3680556,-598.3680556,-598.3680556,-598.3680556,-598.3680556,-598.3680556,-598.3680556,-598.3680556,-598.3680556,-598.3680556,-598.3680556,0.0,615.0000000,630.6250000,646.3773148,662.2685185,678.4953704,694.8495370,711.3194444,728.6342593,746.7824074,765.1041667,783.5879630,801.7592593,820.0000000,838.3796296,856.8981481,875.5671296,894.3750000,913.3217593,932.4074074,951.6319444,970.9953704,990.0578704,1009.2476852,1028.5648148,1047.9976852,1067.5578704,1087.9398148,1108.7731481,1129.7685185,1150.8912037,1172.1643519,1192.8935185,1213.3449074,1233.9120370,1254.5949074,1275.3819444,1297.2453704,1319.4791667,1341.8402778,1364.3518519,1387.0023148,1414.3865741,1442.0138889,1469.9074074,1500.0000000,1500.0000000
61.53,-615.0000000,-615.0000000,-615.0000000,-615.0000000,-615.0000000,-615.0000000,-615.0000000,-615.0000000,-615.0000000,-615.0000000,-615.0000000,-615.0000000,-615.0000000,-615.0000000,-615.0000000,-615.0000000,-615.0000000,-615.0000000,-615.0000000,-615.0000000,-615.0000000,-615.0000000,-615.0000000,-615.0000000,-615.0000000,-615.0000000,-615.0000000,-615.0000000,-615.0000000,-615.0000000,-615.0000000,-615.0000000,-615.0000000,-615.0000000,-615.0000000,-615.0000000,-615.0000000,-615.0000000,-615.0000000,-615.0000000,-615.0000000,-615.0000000,0.0,630.6250000,646.3773148,662.2685185,678.4953704,694.8495370,711.3194444,728.6342593,746.7824074,765.1041667,783.5879630,801.7592593,820.0000000,838.3796296,856.8981481,875.5671296,894.3750000,913.3217593,932.4074074,951.6319444,970.9953704,990.0578704,1009.2476852,1028.5648148,1047.9976852,1067.5578704,1087.9398148,1108.7731481,1129.7685185,1150.8912037,1172.1643519,1192.8935185,1213.3449074,1233.9120370,1254.5949074,1275.3819444,1297.2453704,1319.4791667,1341.8402778,1364.3518519,1387.0023148,1414.3865741,1442.0138889,1469.9074074,1500.0000000,1500.0000000
61.63,-630.6250000,-630.6250000,-630.6250000,-630.6250000,-630.6250000,-630.6250000,-630.6250000,-630.6250000,-630.6250000,-630.6250000,-630.6250000,-630.6250000,-630.6250000,-630.6250000,-630.6250000,-630.6250000,-630.6250000,-630.6250000,-630.6250000,-630.6250000,-630.6250000,-630.6250000,-630.6250000,-630.6250000,-630.6250000,-630.6250000,-630.6250000,-630.6250000,-630.6250000,-630.6250000,-630.6250000,-630.6250000,-630.6250000,-630.6250000,-630.6250000,-630.6250000,-630.6250000,-630.6250000,-630.6250000,-630.6250000,-630.6250000,-630.6250000,-630.6250000,0.0,646.3773148,662.2685185,678.4953704,694.8495370,711.3194444,728.6342593,746.7824074,765.1041667,783.5879630,801.7592593,820.0000000,838.3796296,856.8981481,875.5671296,894.3750000,913.3217593,932.4074074,951.6319444,970.9953704,990.0578704,1009.2476852,1028.5648148,1047.9976852,1067.5578704,1087.9398148,1108.7731481,1129.7685185,1150.8912037,1172.1643519,1192.8935185,1213.3449074,1233.9120370,1254.5949074,1275.3819444,1297.2453704,1319.4791667,1341.8402778,1364.3518519,1387.0023148,1414.3865741,1442.0138889,1469.9074074,1500.0000000,1500.0000000
61.73,-646.3773148,-646.3773148,-646.3773148,-646.3773148,-646.3773148,-646.3773148,-646.3773148,-646.3773148,-646.3773148,-646.3773148,-646.3773148,-646.3773148,-646.3773148,-646.3773148,-646.3773148,-646.3773148,-646.3773148,-646.3773148,-646.3773148,-646.3773148,-646.3773148,-646.3773148,-646.3773148,-646.3773148,-646.3773148,-646.3773148,-646.3773148,-646.3773148,-646.3773148,-646.3773148,-646.3773148,-646.3773148,-646.3773148,-646.3773148,-646.3773148,-646.3773148,-646.3773148,-646.3773148,-646.3773148,-646.3773148,-646.3773148,-646.3773148,-646.3773148,-646.3773148,0.0,662.2685185,678.4953704,694.8495370,711.3194444,728.6342593,746.7824074,765.1041667,783.5879630,801.7592593,820.0000000,838.3796296,856.8981481,875.5671296,894.3750000,913.3217593,932.4074074,951.6319444,970.9953704,990.0578704,1009.2476852,1028.5648148,1047.9976852,1067.5578704,1087.9398148,1108.7731481,1129.7685185,1150.8912037,1172.1643519,1192.8935185,1213.3449074,1233.9120370,1254.5949074,1275.3819444,1297.2453704,1319.4791667,1341.8402778,1364.3518519,1387.0023148,1414.3865741,1442.0138889,1469.9074074,1500.0000000,1500.0000000
61.83,-662.2685185,-662.2685185,-662.2685185,-662.2685185,-662.2685185,-662.2685185,-662.2685185,-662.2685185,-662.2685185,-662.2685185,-662.2685185,-662.2685185,-662.2685185,-662.2685185,-662.2685185,-662.2685185,-662.2685185,-662.2685185,-662.2685185,-662.2685185,-662.2685185,-662.2685185,-662.2685185,-662.2685185,-662.2685185,-662.2685185,-662.2685185,-662.2685185,-662.2685185,-662.2685185,-662.2685185,-662.2685185,-662.2685185,-662.2685185,-662.2685185,-662.2685185,-662.2685185,-662.2685185,-662.2685185,-662.2685185,-662.2685185,-662.2685185,-662.2685185,-662.2685185,-662.2685185,0.0,678.4953704,694.8495370,711.3194444,728.6342593,746.7824074,765.1041667,783.5879630,801.7592593,820.0000000,838.3796296,856.8981481,875.5671296,894.3750000,913.3217593,932.4074074,951.6319444,970.9953704,990.0578704,1009.2476852,1028.5648148,1047.9976852,1067.5578704,1087.9398148,1108.7731481,1129.7685185,1150.8912037,1172.1643519,1192.8935185,1213.3449074,1233.9120370,1254.5949074,1275.3819444,1297.2453704,1319.4791667,1341.8402778,1364.3518519,1387.0023148,1414.3865741,1442.0138889,1469.9074074,1500.0000000,1500.0000000
61.93,-678.4953704,-678.4953704,-678.4953704,-678.4953704,-678.4953704,-678.4953704,-678.4953704,-678.4953704,-678.4953704,-678.4953704,-678.4953704,-678.4953704,-678.4953704,-678.4953704,-678.4953704,-678.4953704,-678.4953704,-678.4953704,-678.4953704,-678.4953704,-678.4953704,-678.4953704,-678.4953704,-678.4953704,-678.4953704,-678.4953704,-678.4953704,-678.4953704,-678.4953704,-678.4953704,-678.4953704,-678.4953704,-678.4953704,-678.4953704,-678.4953704,-678.4953704,-678.4953704,-678.4953704,-678.4953704,-678.4953704,-678.4953704,-678.4953704,-678.4953704,-678.4953704,-678.4953704,-678.4953704,0.0,694.8495370,711.3194444,728.6342593,746.7824074,765.1041667,783.5879630,801.7592593,820.0000000,838.3796296,856.8981481,875.5671296,894.3750000,913.3217593,932.4074074,951.6319444,970.9953704,990.0578704,1009.2476852,1028.5648148,1047.9976852,1067.5578704,1087.9398148,1108.7731481,1129.7685185,1150.8912037,1172.1643519,1192.8935185,1213.3449074,1233.9120370,1254.5949074,1275.3819444,1297.2453704,1319.4791667,1341.8402778,1364.3518519,1387.0023148,1414.3865741,1442.0138889,1469.9074074,1500.0000000,1500.0000000
62.03,-694.8495370,-694.8495370,-694.8495370,-694.8495370,-694.8495370,-694.8495370,-694.8495370,-694.8495370,-694.8495370,-694.8495370,-694.8495370,-694.8495370,-694.8495370,-694.8495370,-694.8495370,-694.8495370,-694.8495370,-694.8495370,-694.8495370,-694.8495370,-694.8495370,-694.8495370,-694.8495370,-694.8495370,-694.8495370,-694.8495370,-694.8495370,-694.8495370,-694.8495370,-694.8495370,-694.8495370,-694.8495370,-694.8495370,-694.8495370,-694.8495370,-694.8495370,-694.8495370,-694.8495370,-694.8495370,-694.8495370,-694.8495370,-694.8495370,-694.8495370,-694.8495370,-694.8495370,-694.8495370,-694.8495370,0.0,711.3194444,728.6342593,746.7824074,765.1041667,783.5879630,801.7592593,820.0000000,838.3796296,856.8981481,875.5671296,894.3750000,913.3217593,932.4074074,951.6319444,970.9953704,990.0578704,1009.2476852,1028.5648148,1047.9976852,1067.5578704,1087.9398148,1108.7731481,1129.7685185,1150.8912037,1172.1643519,1192.8935185,1213.3449074,1233.9120370,1254.5949074,1275.3819444,1297.2453704,1319.4791667,1341.8402778,1364.3518519,1387.0023148,1414.3865741,1442.0138889,1469.9074074,1500.0000000,1500.0000000
62.13,-711.3194444,-711.3194444,-711.3194444,-711.3194444,-711.3194444,-711.3194444,-711.3194444,-711.3194444,-711.3194444,-711.3194444,-711.3194444,-711.3194444,-711.3194444,-711.3194444,-711.3194444,-711.3194444,-711.3194444,-711.3194444,-711.3194444,-711.3194444,-711.3194444,-711.3194444,-711.3194444,-711.3194444,-711.3194444,-711.3194444,-711.3194444,-711.3194444,-711.3194444,-711.3194444,-711.3194444,-711.3194444,-711.3194444,-711.3194444,-711.3194444,-711.3194444,-711.3194444,-711.3194444,-711.3194444,-711.3194444,-711.3194444,-711.3194444,-711.3194444,-711.3194444,-711.3194444,-711.3194444,-711.3194444,-711.3194444,0.0,728.6342593,746.7824074,765.1041667,783.5879630,801.7592593,820.0000000,838.3796296,856.8981481,875.5671296,894.3750000,913.3217593,932.4074074,951.6319444,970.9953704,990.0578704,1009.2476852,1028.5648148,1047.9976852,1067.5578704,1087.9398148,1108.7731481,1129.7685185,1150.8912037,1172.1643519,1192.8935185,1213.3449074,1233.9120370,1254.5949074,1275.3819444,1297.2453704,1319.4791667,1341.8402778,1364.3518519,1387.0023148,1414.3865741,1442.0138889,1469.9074074,1500.0000000,1500.0000000
62.23,-728.6342593,-728.6342593,-728.6342593,-728.6342593,-728.6342593,-728.6342593,-728.6342593,-728.6342593,-728.6342593,-728.6342593,-728.6342593,-728.6342593,-728.6342593,-728.6342593,-728.6342593,-728.6342593,-728.6342593,-728.6342593,-728.6342593,-728.6342593,-728.6342593,-728.6342593,-728.6342593,-728.6342593,-728.6342593,-728.6342593,-728.6342593,-728.6342593,-728.6342593,-728.6342593,-728.6342593,-728.6342593,-728.6342593,-728.6342593,-728.6342593,-728.6342593,-728.6342593,-728.6342593,-728.6342593,-728.6342593,-728.6342593,-728.6342593,-728.6342593,-728.6342593,-728.6342593,-728.6342593,-728.6342593,-728.6342593,-728.6342593,0.0,746.7824074,765.1041667,783.5879630,801.7592593,820.0000000,838.3796296,856.8981481,875.5671296,894.3750000,913.3217593,932.4074074,951.6319444,970.9953704,990.0578704,1009.2476852,1028.5648148,1047.9976852,1067.5578704,1087.9398148,1108.7731481,1129.7685185,1150.8912037,1172.1643519,1192.8935185,1213.3449074,1233.9120370,1254.5949074,1275.3819444,1297.2453704,1319.4791667,1341.8402778,1364.3518519,1387.0023148,1414.3865741,1442.0138889,1469.9074074,1500.0000000,1500.0000000
62.33,-746.7824074,-746.7824074,-746.7824074,-746.7824074,-746.7824074,-746.7824074,-746.7824074,-746.7824074,-746.7824074,-746.7824074,-746.7824074,-746.7824074,-746.7824074,-746.7824074,-746.7824074,-746.7824074,-746.7824074,-746.7824074,-746.7824074,-746.7824074,-746.7824074,-746.7824074,-746.7824074,-746.7824074,-746.7824074,-746.7824074,-746.7824074,-746.7824074,-746.7824074,-746.7824074,-746.7824074,-746.7824074,-746.7824074,-746.7824074,-746.7824074,-746.7824074,-746.7824074,-746.7824074,-746.7824074,-746.7824074,-746.7824074,-746.7824074,-746.7824074,-746.7824074,-746.7824074,-746.7824074,-746.7824074,-746.7824074,-746.7824074,-746.7824074,0.0,765.1041667,783.5879630,801.7592593,820.0000000,838.3796296,856.8981481,875.5671296,894.3750000,913.3217593,932.4074074,951.6319444,970.9953704,990.0578704,1009.2476852,1028.5648148,1047.9976852,1067.5578704,1087.9398148,1108.7731481,1129.7685185,1150.8912037,1172.1643519,1192.8935185,1213.3449074,1233.9120370,1254.5949074,1275.3819444,1297.2453704,1319.4791667,1341.8402778,1364.3518519,1387.0023148,1414.3865741,1442.0138889,1469.9074074,1500.0000000,1500.0000000
62.43,-765.1041667,-765.1041667,-765.1041667,-765.1041667,-765.1041667,-765.1041667,-765.1041667,-765.1041667,-765.1041667,-765.1041667,-765.1041667,-765.1041667,-765.1041667,-765.1041667,-765.1041667,-765.1041667,-765.1041667,-765.1041667,-765.1041667,-765.1041667,-765.1041667,-765.1041667,-765.1041667,-765.1041667,-765.1041667,-765.1041667,-765.1041667,-765.1041667,-765.1041667,-765.1041667,-765.1041667,-765.1041667,-765.1041667,-765.1041667,-765.1041667,-765.1041667,-765.1041667,-765.1041667,-765.1041667,-765.1041667,-765.1041667,-765.1041667,-765.1041667,-765.1041667,-765.1041667,-765.1041667,-765.1041667,-765.1041667,-765.1041667,-765.1041667,-765.1041667,0.0,783.5879630,801.7592593,820.0000000,838.3796296,856.8981481,875.5671296,894.3750000,913.3217593,932.4074074,951.6319444,970.9953704,990.0578704,1009.2476852,1028.5648148,1047.9976852,1067.5578704,1087.9398148,1108.7731481,1129.7685185,1150.8912037,1172.1643519,1192.8935185,1213.3449074,1233.9120370,1254.5949074,1275.3819444,1297.2453704,1319.4791667,1341.8402778,1364.3518519,1387.0023148,1414.3865741,1442.0138889,1469.9074074,1500.0000000,1500.0000000
62.53,-783.5879630,-783.5879630,-783.5879630,-783.5879630,-783.5879630,-783.5879630,-783.5879630,-783.5879630,-783.5879630,-783.5879630,-783.5879630,-783.5879630,-783.5879630,-783.5879630,-783.5879630,-783.5879630,-783.5879630,-783.5879630,-783.5879630,-783.5879630,-783.5879630,-783.5879630,-783.5879630,-783.5879630,-783.5879630,-783.5879630,-783.5879630,-783.5879630,-783.5879630,-783.5879630,-783.5879630,-783.5879630,-783.5879630,-783.5879630,-783.5879630,-783.5879630,-783.5879630,-783.5879630,-783.5879630,-783.5879630,-783.5879630,-783.5879630,-783.5879630,-783.5879630,-783.5879630,-783.5879630,-783.5879630,-783.5879630,-783.5879630,-783.5879630,-783.5879630,-783.5879630,0.0,801.7592593,820.0000000,838.3796296,856.8981481,875.5671296,894.3750000,913.3217593,932.4074074,951.6319444,970.9953704,990.0578704,1009.2476852,1028.5648148,1047.9976852,1067.5578704,1087.9398148,1108.7731481,1129.7685185,1150.8912037,1172.1643519,1192.8935185,1213.3449074,1233.9120370,1254.5949074,1275.3819444,1297.2453704,1319.4791667,1341.8402778,1364.3518519,1387.0023148,1414.3865741,1442.0138889,1469.9074074,1500.0000000,1500.0000000
62.63,-801.7592593,-801.7592593,-801.7592593,-801.7592593,-801.7592593,-801.7592593,-801.7592593,-801.7592593,-801.7592593,-801.7592593,-801.7592593,-801.7592593,-801.7592593,-801.7592593,-801.7592593,-801.7592593,-801.7592593,-801.7592593,-801.7592593,-801.7592593,-801.7592593,-801.7592593,-801.7592593,-801.7592593,-801.7592593,-801.7592593,-801.7592593,-801.7592593,-801.7592593,-801.7592593,-801.7592593,-801.7592593,-801.7592593,-801.7592593,-801.7592593,-801.7592593,-801.7592593,-801.7592593,-801.7592593,-801.7592593,-801.7592593,-801.7592593,-801.7592593,-801.7592593,-801.7592593,-801.7592593,-801.7592593,-801.7592593,-801.7592593,-801.7592593,-801.7592593,-801.7592593,-801.7592593,0.0,820.0000000,838.3796296,856.8981481,875.5671296,894.3750000,913.3217593,932.4074074,951.6319444,970.9953704,990.0578704,1009.2476852,1028.5648148,1047.9976852,1067.5578704,1087.9398148,1108.7731481,1129.7685185,1150.8912037,1172.1643519,1192.8935185,1213.3449074,1233.9120370,1254.5949074,1275.3819444,1297.2453704,1319.4791667,1341.8402778,1364.3518519,1387.0023148,1414.3865741,1442.0138889,1469.9074074,1500.0000000,1500.0000000
62.73,-820.0000000,-820.0000000,-820.0000000,-820.0000000,-820.0000000,-820.0000000,-820.0000000,-820.0000000,-820.0000000,-820.0000000,-820.0000000,-820.0000000,-820.0000000,-820.0000000,-820.0000000,-820.0000000,-820.0000000,-820.0000000,-820.0000000,-820.0000000,-820.0000000,-820.0000000,-820.0000000,-820.0000000,-820.0000000,-820.0000000,-820.0000000,-820.0000000,-820.0000000,-820.0000000,-820.0000000,-820.0000000,-820.0000000,-820.0000000,-820.0000000,-820.0000000,-820.0000000,-820.0000000,-820.0000000,-820.0000000,-820.0000000,-820.0000000,-820.0000000,-820.0000000,-820.0000000,-820.0000000,-820.0000000,-820.0000000,-820.0000000,-820.0000000,-820.0000000,-820.0000000,-820.0000000,-820.0000000,0.0,838.3796296,856.8981481,875.5671296,894.3750000,913.3217593,932.4074074,951.6319444,970.9953704,990.0578704,1009.2476852,1028.5648148,1047.9976852,1067.5578704,1087.9398148,1108.7731481,1129.7685185,1150.8912037,1172.1643519,1192.8935185,1213.3449074,1233.9120370,1254.5949074,1275.3819444,1297.2453704,1319.4791667,1341.8402778,1364.3518519,1387.0023148,1414.3865741,1442.0138889,1469.9074074,1500.0000000,1500.0000000
62.83,-838.3796296,-838.3796296,-838.3796296,-838.3796296,-838.3796296,-838.3796296,-838.3796296,-838.3796296,-838.3796296,-838.3796296,-838.3796296,-838.3796296,-838.3796296,-838.3796296,-838.3796296,-838.3796296,-838.3796296,-838.3796296,-838.3796296,-838.3796296,-838.3796296,-838.3796296,-838.3796296,-838.3796296,-838.3796296,-838.3796296,-838.3796296,-838.3796296,-838.3796296,-838.3796296,-838.3796296,-838.3796296,-838.3796296,-838.3796296,-838.3796296,-838.3796296,-838.3796296,-838.3796296,-838.3796296,-838.3796296,-838.3796296,-838.3796296,-838.3796296,-838.3796296,-838.3796296,-838.3796296,-838.3796296,-838.3796296,-838.3796296,-838.3796296,-838.3796296,-838.3796296,-838.3796296,-838.3796296,-838.3796296,0.0,856.8981481,875.5671296,894.3750000,913.3217593,932.4074074,951.6319444,970.9953704,990.0578704,1009.2476852,1028.5648148,1047.9976852,1067.5578704,1087.9398148,1108.7731481,1129.7685185,1150.8912037,1172.1643519,1192.8935185,1213.3449074,1233.9120370,1254.5949074,1275.3819444,1297.2453704,1319.4791667,1341.8402778,1364.3518519,1387.0023148,1414.3865741,1442.0138889,1469.9074074,1500.0000000,1500.0000000
62.93,-856.8981481,-856.8981481,-856.8981481,-856.8981481,-856.8981481,-856.8981481,-856.8981481,-856.8981481,-856.8981481,-856.8981481,-856.8981481,-856.8981481,-856.8981481,-856.8981481,-856.8981481,-856.8981481,-856.8981481,-856.8981481,-856.8981481,-856.8981481,-856.8981481,-856.8981481,-856.8981481,-856.8981481,-856.8981481,-856.8981481,-856.8981481,-856.8981481,-856.8981481,-856.8981481,-856.8981481,-856.8981481,-856.8981481,-856.8981481,-856.8981481,-856.8981481,-856.8981481,-856.8981481,-856.8981481,-856.8981481,-856.8981481,-856.8981481,-856.8981481,-856.8981481,-856.8981481,-856.8981481,-856.8981481,-856.8981481,-856.8981481,-856.8981481,-856.8981481,-856.8981481,-856.8981481,-856.8981481,-856.8981481,-856.8981481,0.0,875.5671296,894.3750000,913.3217593,932.4074074,951.6319444,970.9953704,990.0578704,1009.2476852,1028.5648148,1047.9976852,1067.5578704,1087.9398148,1108.7731481,1129.7685185,1150.8912037,1172.1643519,1192.8935185,1213.3449074,1233.9120370,1254.5949074,1275.3819444,1297.2453704,1319.4791667,1341.8402778,1364.3518519,1387.0023148,1414.3865741,1442.0138889,1469.9074074,1500.0000000,1500.0000000
63.03,-875.5671296,-875.5671296,-875.5671296,-875.5671296,-875.5671296,-875.5671296,-875.5671296,-875.5671296,-875.5671296,-875.5671296,-875.5671296,-875.5671296,-875.5671296,-875.5671296,-875.5671296,-875.5671296,-875.5671296,-875.5671296,-875.5671296,-875.5671296,-875.5671296,-875.5671296,-875.5671296,-875.5671296,-875.5671296,-875.5671296,-875.5671296,-875.5671296,-875.5671296,-875.5671296,-875.5671296,-875.5671296,-875.5671296,-875.5671296,-875.5671296,-875.5671296,-875.5671296,-875.5671296,-875.5671296,-875.5671296,-875.5671296,-875.5671296,-875.5671296,-875.5671296,-875.5671296,-875.5671296,-875.5671296,-875.5671296,-875.5671296,-875.5671296,-875.5671296,-875.5671296,-875.5671296,-875.5671296,-875.5671296,-875.5671296,-875.5671296,0.0,894.3750000,913.3217593,932.4074074,951.6319444,970.9953704,990.0578704,1009.2476852,1028.5648148,1047.9976852,1067.5578704,1087.9398148,1108.7731481,1129.7685185,1150.8912037,1172.1643519,1192.8935185,1213.3449074,1233.9120370,1254.5949074,1275.3819444,1297.2453704,1319.4791667,1341.8402778,1364.3518519,1387.0023148,1414.3865741,1442.0138889,1469.9074074,1500.0000000,1500.0000000
63.13,-894.3750000,-894.3750000,-894.3750000,-894.3750000,-894.3750000,-894.3750000,-894.3750000,-894.3750000,-894.3750000,-894.3750000,-894.3750000,-894.3750000,-894.3750000,-894.3750000,-894.3750000,-894.3750000,-894.3750000,-894.3750000,-894.3750000,-894.3750000,-894.3750000,-894.3750000,-894.3750000,-894.3750000,-894.3750000,-894.3750000,-894.3750000,-894.3750000,-894.3750000,-894.3750000,-894.3750000,-894.3750000,-894.3750000,-894.3750000,-894.3750000,-894.3750000,-894.3750000,-894.3750000,-894.3750000,-894.3750000,-894.3750000,-894.3750000,-894.3750000,-894.3750000,-894.3750000,-894.3750000,-894.3750000,-894.3750000,-894.3750000,-894.3750000,-894.3750000,-894.3750000,-894.3750000,-894.3750000,-894.3750000,-894.3750000,-894.3750000,-894.3750000,0.0,913.3217593,932.4074074,951.6319444,970.9953704,990.0578704,1009.2476852,1028.5648148,1047.9976852,1067.5578704,1087.9398148,1108.7731481,1129.7685185,1150.8912037,1172.1643519,1192.8935185,1213.3449074,1233.9120370,1254.5949074,1275.3819444,1297.2453704,1319.4791667,1341.8402778,1364.3518519,1387.0023148,1414.3865741,1442.0138889,1469.9074074,1500.0000000,1500.0000000
63.23,-913.3217593,-913.3217593,-913.3217593,-913.3217593,-913.3217593,-913.3217593,-913.3217593,-913.3217593,-913.3217593,-913.3217593,-913.3217593,-913.3217593,-913.3217593,-913.3217593,-913.3217593,-913.3217593,-913.3217593,-913.3217593,-913.3217593,-913.3217593,-913.3217593,-913.3217593,-913.3217593,-913.3217593,-913.3217593,-913.3217593,-913.3217593,-913.3217593,-913.3217593,-913.3217593,-913.3217593,-913.3217593,-913.3217593,-913.3217593,-913.3217593,-913.3217593,-913.3217593,-913.3217593,-913.3217593,-913.3217593,-913.3217593,-913.3217593,-913.3217593,-913.3217593,-913.3217593,-913.3217593,-913.3217593,-913.3217593,-913.3217593,-913.3217593,-913.3217593,-913.3217593,-913.3217593,-913.3217593,-913.3217593,-913.3217593,-913.3217593,-913.3217593,-913.3217593,0.0,932.4074074,951.6319444,970.9953704,990.0578704,1009.2476852,1028.5648148,1047.9976852,1067.5578704,1087.9398148,1108.7731481,1129.7685185,1150.8912037,1172.1643519,1192.8935185,1213.3449074,1233.9120370,1254.5949074,1275.3819444,1297.2453704,1319.4791667,1341.8402778,1364.3518519,1387.0023148,1414.3865741,1442.0138889,1469.9074074,1500.0000000,1500.0000000
63.33,-932.4074074,-932.4074074,-932.4074074,-932.4074074,-932.4074074,-932.4074074,-932.4074074,-932.4074074,-932.4074074,-932.4074074,-932.4074074,-932.4074074,-932.4074074,-932.4074074,-932.4074074,-932.4074074,-932.4074074,-932.4074074,-932.4074074,-932.4074074,-932.4074074,-932.4074074,-932.4074074,-932.4074074,-932.4074074,-932.4074074,-932.4074074,-932.4074074,-932.4074074,-932.4074074,-932.4074074,-932.4074074,-932.4074074,-932.4074074,-932.4074074,-932.4074074,-932.4074074,-932.4074074,-932.4074074,-932.4074074,-932.4074074,-932.4074074,-932.4074074,-932.4074074,-932.4074074,-932.4074074,-932.4074074,-932.4074074,-932.4074074,-932.4074074,-932.4074074,-932.4074074,-932.4074074,-932.4074074,-932.4074074,-932.4074074,-932.4074074,-932.4074074,-932.4074074,-932.4074074,0.0,951.6319444,970.9953704,990.0578704,1009.2476852,1028.5648148,1047.9976852,1067.5578704,1087.9398148,1108.7731481,1129.7685185,1150.8912037,1172.1643519,1192.8935185,1213.3449074,1233.9120370,1254.5949074,1275.3819444,1297.2453704,1319.4791667,1341.8402778,1364.3518519,1387.0023148,1414.3865741,1442.0138889,1469.9074074,1500.0000000,1500.0000000
63.43,-951.6319444,-951.6319444,-951.6319444,-951.6319444,-951.6319444,-951.6319444,-951.6319444,-951.6319444,-951.6319444,-951.6319444,-951.6319444,-951.6319444,-951.6319444,-951.6319444,-951.6319444,-951.6319444,-951.6319444,-951.6319444,-951.6319444,-951.6319444,-951.6319444,-951.6319444,-951.6319444,-951.6319444,-951.6319444,-951.6319444,-951.6319444,-951.6319444,-951.6319444,-951.6319444,-951.6319444,-951.6319444,-951.6319444,-951.6319444,-951.6319444,-951.6319444,-951.6319444,-951.6319444,-951.6319444,-951.6319444,-951.6319444,-951.6319444,-951.6319444,-951.6319444,-951.6319444,-951.6319444,-951.6319444,-951.6319444,-951.6319444,-951.6319444,-951.6319444,-951.6319444,-951.6319444,-951.6319444,-951.6319444,-951.6319444,-951.6319444,-951.6319444,-951.6319444,-951.6319444,-951.6319444,0.0,970.9953704,990.0578704,1009.2476852,1028.5648148,1047.9976852,1067.5578704,1087.9398148,1108.7731481,1129.7685185,1150.8912037,1172.1643519,1192.8935185,1213.3449074,1233.9120370,1254.5949074,1275.3819444,1297.2453704,1319.4791667,1341.8402778,1364.3518519,1387.0023148,1414.3865741,1442.0138889,1469.9074074,1500.0000000,1500.0000000
63.53,-970.9953704,-970.9953704,-970.9953704,-970.9953704,-970.9953704,-970.9953704,-970.9953704,-970.9953704,-970.9953704,-970.9953704,-970.9953704,-970.9953704,-970.9953704,-970.9953704,-970.9953704,-970.9953704,-970.9953704,-970.9953704,-970.9953704,-970.9953704,-970.9953704,-970.9953704,-970.9953704,-970.9953704,-970.9953704,-970.9953704,-970.9953704,-970.9953704,-970.9953704,-970.9953704,-970.9953704,-970.9953704,-970.9953704,-970.9953704,-970.9953704,-970.9953704,-970.9953704,-970.9953704,-970.9953704,-970.9953704,-970.9953704,-970.9953704,-970.9953704,-970.9953704,-970.9953704,-970.9953704,-970.9953704,-970.9953704,-970.9953704,-970.9953704,-970.9953704,-970.9953704,-970.9953704,-970.9953704,-970.9953704,-970.9953704,-970.9953704,-970.9953704,-970.9953704,-970.9953704,-970.9953704,-970.9953704,0.0,990.0578704,1009.2476852,1028.5648148,1047.9976852,1067.5578704,1087.9398148,1108.7731481,1129.7685185,1150.8912037,1172.1643519,1192.8935185,1213.3449074,1233.9120370,1254.5949074,1275.3819444,1297.2453704,1319.4791667,1341.8402778,1364.3518519,1387.0023148,1414.3865741,1442.0138889,1469.9074074,1500.0000000,1500.0000000
63.63,-990.0578704,-990.0578704,-990.0578704,-990.0578704,-990.0578704,-990.0578704,-990.0578704,-990.0578704,-990.0578704,-990.0578704,-990.0578704,-990.0578704,-990.0578704,-990.0578704,-990.0578704,-990.0578704,-990.0578704,-990.0578704,-990.0578704,-990.0578704,-990.0578704,-990.0578704,-990.0578704,-990.0578704,-990.0578704,-990.0578704,-990.0578704,-990.0578704,-990.0578704,-990.0578704,-990.0578704,-990.0578704,-990.0578704,-990.0578704,-990.0578704,-990.0578704,-990.0578704,-990.0578704,-990.0578704,-990.0578704,-990.0578704,-990.0578704,-990.0578704,-990.0578704,-990.0578704,-990.0578704,-990.0578704,-990.0578704,-990.0578704,-990.0578704,-990.0578704,-990.0578704,-990.0578704,-990.0578704,-990.0578704,-990.0578704,-990.0578704,-990.0578704,-990.0578704,-990.0578704,-990.0578704,-990.0578704,-990.0578704,0.0,1009.2476852,1028.5648148,1047.9976852,1067.5578704,1087.9398148,1108.7731481,1129.7685185,1150.8912037,1172.1643519,1192.8935185,1213.3449074,1233.9120370,1254.5949074,1275.3819444,1297.2453704,1319.4791667,1341.8402778,1364.3518519,1387.0023148,1414.3865741,1442.0138889,1469.9074074,1500.0000000,1500.0000000
63.73,-1009.2476852,-1009.2476852,-1009.2476852,-1009.2476852,-1009.2476852,-1009.2476852,-1009.2476852,-1009.2476852,-1009.2476852,-1009.2476852,-1009.2476852,-1009.2476852,-1009.2476852,-1009.2476852,-1009.2476852,-1009.2476852,-1009.2476852,-1009.2476852,-1009.2476852,-1009.2476852,-1009.2476852,-1009.2476852,-1009.2476852,-1009.2476852,-1009.2476852,-1009.2476852,-1009.2476852,-1009.2476852,-1009.2476852,-1009.2476852,-1009.2476852,-1009.2476852,-1009.2476852,-1009.2476852,-1009.2476852,-1009.2476852,-1009.2476852,-1009.2476852,-1009.2476852,-1009.2476852,-1009.2476852,-1009.2476852,-1009.2476852,-1009.2476852,-1009.2476852,-1009.2476852,-1009.2476852,-1009.2476852,-1009.2476852,-1009.2476852,-1009.2476852,-1009.2476852,-1009.2476852,-1009.2476852,-1009.2476852,-1009.2476852,-1009.2476852,-1009.2476852,-1009.2476852,-1009.2476852,-1009.2476852,-1009.2476852,-1009.2476852,-1009.2476852,0.0,1028.5648148,1047.9976852,1067.5578704,1087.9398148,1108.7731481,1129.7685185,1150.8912037,1172.1643519,1192.8935185,1213.3449074,1233.9120370,1254.5949074,1275.3819444,1297.2453704,1319.4791667,1341.8402778,1364.3518519,1387.0023148,1414.3865741,1442.0138889,1469.9074074,1500.0000000,1500.0000000
63.83,-1028.5648148,-1028.5648148,-1028.5648148,-1028.5648148,-1028.5648148,-1028.5648148,-1028.5648148,-1028.5648148,-1028.5648148,-1028.5648148,-1028.5648148,-1028.5648148,-1028.5648148,-1028.5648148,-1028.5648148,-1028.5648148,-1028.5648148,-1028.5648148,-1028.5648148,-1028.5648148,-1028.5648148,-1028.5648148,-1028.5648148,-1028.5648148,-1028.5648148,-1028.5648148,-1028.5648148,-1028.5648148,-1028.5648148,-1028.5648148,-1028.5648148,-1028.5648148,-1028.5648148,-1028.5648148,-1028.5648148,-1028.5648148,-1028.5648148,-1028.5648148,-1028.5648148,-1028.5648148,-1028.5648148,-1028.5648148,-1028.5648148,-1028.5648148,-1028.5648148,-1028.5648148,-1028.5648148,-1028.5648148,-1028.5648148,-1028.5648148,-1028.5648148,-1028.5648148,-1028.5648148,-1028.5648148,-1028.5648148,-1028.5648148,-1028.5648148,-1028.5648148,-1028.5648148,-1028.5648148,-1028.5648148,-1028.5648148,-1028.5648148,-1028.5648148,-1028.5648148,0.0,1047.9976852,1067.5578704,1087.9398148,1108.7731481,1129.7685185,1150.8912037,1172.1643519,1192.8935185,1213.3449074,1233.9120370,1254.5949074,1275.3819444,1297.2453704,1319.4791667,1341.8402778,1364.3518519,1387.0023148,1414.3865741,1442.0138889,1469.9074074,1500.0000000,1500.0000000
63.93,-1047.9976852,-1047.9976852,-1047.9976852,-1047.9976852,-1047.9976852,-1047.9976852,-1047.9976852,-1047.9976852,-1047.9976852,-1047.9976852,-1047.9976852,-1047.9976852,-1047.9976852,-1047.9976852,-1047.9976852,-1047.9976852,-1047.9976852,-1047.9976852,-1047.9976852,-1047.9976852,-1047.9976852,-1047.9976852,-1047.9976852,-1047.9976852,-1047.9976852,-1047.9976852,-1047.9976852,-1047.9976852,-1047.9976852,-1047.9976852,-1047.9976852,-1047.9976852,-1047.9976852,-1047.9976852,-1047.9976852,-1047.9976852,-1047.9976852,-1047.9976852,-1047.9976852,-1047.9976852,-1047.9976852,-1047.9976852,-1047.9976852,-1047.9976852,-1047.9976852,-1047.9976852,-1047.9976852,-1047.9976852,-1047.9976852,-1047.9976852,-1047.9976852,-1047.9976852,-1047.9976852,-1047.9976852,-1047.9976852,-1047.9976852,-1047.9976852,-1047.9976852,-1047.9976852,-1047.9976852,-1047.9976852,-1047.9976852,-1047.9976852,-1047.9976852,-1047.9976852,-1047.9976852,0.0,1067.5578704,1087.9398148,1108.7731481,1129.7685185,1150.8912037,1172.1643519,1192.8935185,1213.3449074,1233.9120370,1254.5949074,1275.3819444,1297.2453704,1319.4791667,1341.8402778,1364.3518519,1387.0023148,1414.3865741,1442.0138889,1469.9074074,1500.0000000,1500.0000000
64.03,-1067.5578704,-1067.5578704,-1067.5578704,-1067.5578704,-1067.5578704,-1067.5578704,-1067.5578704,-1067.5578704,-1067.5578704,-1067.5578704,-1067.5578704,-1067.5578704,-1067.5578704,-1067.5578704,-1067.5578704,-1067.5578704,-1067.5578704,-1067.5578704,-1067.5578704,-1067.5578704,-1067.5578704,-1067.5578704,-1067.5578704,-1067.5578704,-1067.5578704,-1067.5578704,-1067.5578704,-1067.5578704,-1067.5578704,-1067.5578704,-1067.5578704,-1067.5578704,-1067.5578704,-1067.5578704,-1067.5578704,-1067.5578704,-1067.5578704,-1067.5578704,-1067.5578704,-1067.5578704,-1067.5578704,-1067.5578704,-1067.5578704,-1067.5578704,-1067.5578704,-1067.5578704,-1067.5578704,-1067.5578704,-1067.5578704,-1067.5578704,-1067.5578704,-1067.5578704,-1067.5578704,-1067.5578704,-1067.5578704,-1067.5578704,-1067.5578704,-1067.5578704,-1067.5578704,-1067.5578704,-1067.5578704,-1067.5578704,-1067.5578704,-1067.5578704,-1067.5578704,-1067.5578704,-1067.5578704,0.0,1087.9398148,1108.7731481,1129.7685185,1150.8912037,1172.1643519,1192.8935185,1213.3449074,1233.9120370,1254.5949074,1275.3819444,1297.2453704,1319.4791667,1341.8402778,1364.3518519,1387.0023148,1414.3865741,1442.0138889,1469.9074074,1500.0000000,1500.0000000
64.13,-1087.9398148,-1087.9398148,-1087.9398148,-1087.9398148,-1087.9398148,-1087.9398148,-1087.9398148,-1087.9398148,-1087.9398148,-1087.9398148,-1087.9398148,-1087.9398148,-1087.9398148,-1087.9398148,-1087.9398148,-1087.9398148,-1087.9398148,-1087.9398148,-1087.9398148,-1087.9398148,-1087.9398148,-1087.9398148,-1087.9398148,-1087.9398148,-1087.9398148,-1087.9398148,-1087.9398148,-1087.9398148,-1087.9398148,-1087.9398148,-1087.9398148,-1087.9398148,-1087.9398148,-1087.9398148,-1087.9398148,-1087.9398148,-1087.9398148,-1087.9398148,-1087.9398148,-1087.9398148,-1087.9398148,-1087.9398148,-1087.9398148,-1087.9398148,-1087.9398148,-1087.9398148,-1087.9398148,-1087.9398148,-1087.9398148,-1087.9398148,-1087.9398148,-1087.9398148,-1087.9398148,-1087.9398148,-1087.9398148,-1087.9398148,-1087.9398148,-1087.9398148,-1087.9398148,-1087.9398148,-1087.9398148,-1087.9398148,-1087.9398148,-1087.9398148,-1087.9398148,-1087.9398148,-1087.9398148,-1087.9398148,0.0,1108.7731481,1129.7685185,1150.8912037,1172.1643519,1192.8935185,1213.3449074,1233.9120370,1254.5949074,1275.3819444,1297.2453704,1319.4791667,1341.8402778,1364.3518519,1387.0023148,1414.3865741,1442.0138889,1469.9074074,1500.0000000,1500.0000000
64.23,-1108.7731481,-1108.7731481,-1108.7731481,-1108.7731481,-1108.7731481,-1108.7731481,-1108.7731481,-1108.7731481,-1108.7731481,-1108.7731481,-1108.7731481,-1108.7731481,-1108.7731481,-1108.7731481,-1108.7731481,-1108.7731481,-1108.7731481,-1108.7731481,-1108.7731481,-1108.7731481,-1108.7731481,-1108.7731481,-1108.7731481,-1108.7731481,-1108.7731481,-1108.7731481,-1108.7731481,-1108.7731481,-1108.7731481,-1108.7731481,-1108.7731481,-1108.7731481,-1108.7731481,-1108.7731481,-1108.7731481,-1108.7731481,-1108.7731481,-1108.7731481,-1108.7731481,-1108.7731481,-1108.7731481,-1108.7731481,-1108.7731481,-1108.7731481,-1108.7731481,-1108.7731481,-1108.7731481,-1108.7731481,-1108.7731481,-1108.7731481,-1108.7731481,-1108.7731481,-1108.7731481,-1108.7731481,-1108.7731481,-1108.7731481,-1108.7731481,-1108.7731481,-1108.7731481,-1108.7731481,-1108.7731481,-1108.7731481,-1108.7731481,-1108.7731481,-1108.7731481,-1108.7731481,-1108.7731481,-1108.7731481,-1108.7731481,0.0,1129.7685185,1150.8912037,1172.1643519,1192.8935185,1213.3449074,1233.9120370,1254.5949074,1275.3819444,1297.2453704,1319.4791667,1341.8402778,1364.3518519,1387.0023148,1414.3865741,1442.0138889,1469.9074074,1500.0000000,1500.0000000
64.33,-1129.7685185,-1129.7685185,-1129.7685185,-1129.7685185,-1129.7685185,-1129.7685185,-1129.7685185,-1129.7685185,-1129.7685185,-1129.7685185,-1129.7685185,-1129.7685185,-1129.7685185,-1129.7685185,-1129.7685185,-1129.7685185,-1129.7685185,-1129.7685185,-1129.7685185,-1129.7685185,-1129.7685185,-1129.7685185,-1129.7685185,-1129.7685185,-1129.7685185,-1129.7685185,-1129.7685185,-1129.7685185,-1129.7685185,-1129.7685185,-1129.7685185,-1129.7685185,-1129.7685185,-1129.7685185,-1129.7685185,-1129.7685185,-1129.7685185,-1129.7685185,-1129.7685185,-1129.7685185,-1129.7685185,-1129.7685185,-1129.7685185,-1129.7685185,-1129.7685185,-1129.7685185,-1129.7685185,-1129.7685185,-1129.7685185,-1129.7685185,-1129.7685185,-1129.7685185,-1129.7685185,-1129.7685185,-1129.7685185,-1129.7685185,-1129.7685185,-1129.7685185,-1129.7685185,-1129.7685185,-1129.7685185,-1129.7685185,-1129.7685185,-1129.7685185,-1129.7685185,-1129.7685185,-1129.7685185,-1129.7685185,-1129.7685185,-1129.7685185,0.0,1150.8912037,1172.1643519,1192.8935185,1213.3449074,1233.9120370,1254.5949074,1275.3819444,1297.2453704,1319.4791667,1341.8402778,1364.3518519,1387.0023148,1414.3865741,1442.0138889,1469.9074074,1500.0000000,1500.0000000
64.43,-1150.8912037,-1150.8912037,-1150.8912037,-1150.8912037,-1150.8912037,-1150.8912037,-1150.8912037,-1150.8912037,-1150.8912037,-1150.8912037,-1150.8912037,-1150.8912037,-1150.8912037,-1150.8912037,-1150.8912037,-1150.8912037,-1150.8912037,-1150.8912037,-1150.8912037,-1150.8912037,-1150.8912037,-1150.8912037,-1150.8912037,-1150.8912037,-1150.8912037,-1150.8912037,-1150.8912037,-1150.8912037,-1150.8912037,-1150.8912037,-1150.8912037,-1150.8912037,-1150.8912037,-1150.8912037,-1150.8912037,-1150.8912037,-1150.8912037,-1150.8912037,-1150.8912037,-1150.8912037,-1150.8912037,-1150.8912037,-1150.8912037,-1150.8912037,-1150.8912037,-1150.8912037,-1150.8912037,-1150.8912037,-1150.8912037,-1150.8912037,-1150.8912037,-1150.8912037,-1150.8912037,-1150.8912037,-1150.8912037,-1150.8912037,-1150.8912037,-1150.8912037,-1150.8912037,-1150.8912037,-1150.8912037,-1150.8912037,-1150.8912037,-1150.8912037,-1150.8912037,-1150.8912037,-1150.8912037,-1150.8912037,-1150.8912037,-1150.8912037,-1150.8912037,0.0,1172.1643519,1192.8935185,1213.3449074,1233.9120370,1254.5949074,1275.3819444,1297.2453704,1319.4791667,1341.8402778,1364.3518519,1387.0023148,1414.3865741,1442.0138889,1469.9074074,1500.0000000,1500.0000000
64.53,-1172.1643519,-1172.1643519,-1172.1643519,-1172.1643519,-1172.1643519,-1172.1643519,-1172.1643519,-1172.1643519,-1172.1643519,-1172.1643519,-1172.1643519,-1172.1643519,-1172.1643519,-1172.1643519,-1172.1643519,-1172.1643519,-1172.1643519,-1172.1643519,-1172.1643519,-1172.1643519,-1172.1643519,-1172.1643519,-1172.1643519,-1172.1643519,-1172.1643519,-1172.1643519,-1172.1643519,-1172.1643519,-1172.1643519,-1172.1643519,-1172.1643519,-1172.1643519,-1172.1643519,-1172.1643519,-1172.1643519,-1172.1643519,-1172.1643519,-1172.1643519,-1172.1643519,-1172.1643519,-1172.1643519,-1172.1643519,-1172.1643519,-1172.1643519,-1172.1643519,-1172.1643519,-1172.1643519,-1172.1643519,-1172.1643519,-1172.1643519,-1172.1643519,-1172.1643519,-1172.1643519,-1172.1643519,-1172.1643519,-1172.1643519,-1172.1643519,-1172.1643519,-1172.1643519,-1172.1643519,-1172.1643519,-1172.1643519,-1172.1643519,-1172.1643519,-1172.1643519,-1172.1643519,-1172.1643519,-1172.1643519,-1172.1643519,-1172.1643519,-1172.1643519,-1172.1643519,0.0,1192.8935185,1213.3449074,1233.9120370,1254.5949074,1275.3819444,1297.2453704,1319.4791667,1341.8402778,1364.3518519,1387.0023148,1414.3865741,1442.0138889,1469.9074074,1500.0000000,1500.0000000
64.63,-1192.8935185,-1192.8935185,-1192.8935185,-1192.8935185,-1192.8935185,-1192.8935185,-1192.8935185,-1192.8935185,-1192.8935185,-1192.8935185,-1192.8935185,-1192.8935185,-1192.8935185,-1192.8935185,-1192.8935185,-1192.8935185,-1192.8935185,-1192.8935185,-1192.8935185,-1192.8935185,-1192.8935185,-1192.8935185,-1192.8935185,-1192.8935185,-1192.8935185,-1192.8935185,-1192.8935185,-1192.8935185,-1192.8935185,-1192.8935185,-1192.8935185,-1192.8935185,-1192.8935185,-1192.8935185,-1192.8935185,-1192.8935185,-1192.8935185,-1192.8935185,-1192.8935185,-1192.8935185,-1192.8935185,-1192.8935185,-1192.8935185,-1192.8935185,-1192.8935185,-1192.8935185,-1192.8935185,-1192.8935185,-1192.8935185,-1192.8935185,-1192.8935185,-1192.8935185,-1192.8935185,-1192.8935185,-1192.8935185,-1192.8935185,-1192.8935185,-1192.8935185,-1192.8935185,-1192.8935185,-1192.8935185,-1192.8935185,-1192.8935185,-1192.8935185,-1192.8935185,-1192.8935185,-1192.8935185,-1192.8935185,-1192.8935185,-1192.8935185,-1192.8935185,-1192.8935185,-1192.8935185,0.0,1213.3449074,1233.9120370,1254.5949074,1275.3819444,1297.2453704,1319.4791667,1341.8402778,1364.3518519,1387.0023148,1414.3865741,1442.0138889,1469.9074074,1500.0000000,1500.0000000
64.73,-1213.3449074,-1213.3449074,-1213.3449074,-1213.3449074,-1213.3449074,-1213.3449074,-1213.3449074,-1213.3449074,-1213.3449074,-1213.3449074,-1213.3449074,-1213.3449074,-1213.3449074,-1213.3449074,-1213.3449074,-1213.3449074,-1213.3449074,-1213.3449074,-1213.3449074,-1213.3449074,-1213.3449074,-1213.3449074,-1213.3449074,-1213.3449074,-1213.3449074,-1213.3449074,-1213.3449074,-1213.3449074,-1213.3449074,-1213.3449074,-1213.3449074,-1213.3449074,-1213.3449074,-1213.3449074,-1213.3449074,-1213.3449074,-1213.3449074,-1213.3449074,-1213.3449074,-1213.3449074,-1213.3449074,-1213.3449074,-1213.3449074,-1213.3449074,-1213.3449074,-1213.3449074,-1213.3449074,-1213.3449074,-1213.3449074,-1213.3449074,-1213.3449074,-1213.3449074,-1213.3449074,-1213.3449074,-1213.3449074,-1213.3449074,-1213.3449074,-1213.3449074,-1213.3449074,-1213.3449074,-1213.3449074,-1213.3449074,-1213.3449074,-1213.3449074,-1213.3449074,-1213.3449074,-1213.3449074,-1213.3449074,-1213.3449074,-1213.3449074,-1213.3449074,-1213.3449074,-1213.3449074,-1213.3449074,0.0,1233.9120370,1254.5949074,1275.3819444,1297.2453704,1319.4791667,1341.8402778,1364.3518519,1387.0023148,1414.3865741,1442.0138889,1469.9074074,1500.0000000,1500.0000000
64.83,-1233.9120370,-1233.9120370,-1233.9120370,-1233.9120370,-1233.9120370,-1233.9120370,-1233.9120370,-1233.9120370,-1233.9120370,-1233.9120370,-1233.9120370,-1233.9120370,-1233.9120370,-1233.9120370,-1233.9120370,-1233.9120370,-1233.9120370,-1233.9120370,-1233.9120370,-1233.9120370,-1233.9120370,-1233.9120370,-1233.9120370,-1233.9120370,-1233.9120370,-1233.9120370,-1233.9120370,-1233.9120370,-1233.9120370,-1233.9120370,-1233.9120370,-1233.9120370,-1233.9120370,-1233.9120370,-1233.9120370,-1233.9120370,-1233.9120370,-1233.9120370,-1233.9120370,-1233.9120370,-1233.9120370,-1233.9120370,-1233.9120370,-1233.9120370,-1233.9120370,-1233.9120370,-1233.9120370,-1233.9120370,-1233.9120370,-1233.9120370,-1233.9120370,-1233.9120370,-1233.9120370,-1233.9120370,-1233.9120370,-1233.9120370,-1233.9120370,-1233.9120370,-1233.9120370,-1233.9120370,-1233.9120370,-1233.9120370,-1233.9120370,-1233.9120370,-1233.9120370,-1233.9120370,-1233.9120370,-1233.9120370,-1233.9120370,-1233.9120370,-1233.9120370,-1233.9120370,-1233.9120370,-1233.9120370,-1233.9120370,0.0,1254.5949074,1275.3819444,1297.2453704,1319.4791667,1341.8402778,1364.3518519,1387.0023148,1414.3865741,1442.0138889,1469.9074074,1500.0000000,1500.0000000
64.93,-1254.5949074,-1254.5949074,-1254.5949074,-1254.5949074,-1254.5949074,-1254.5949074,-1254.5949074,-1254.5949074,-1254.5949074,-1254.5949074,-1254.5949074,-1254.5949074,-1254.5949074,-1254.5949074,-1254.5949074,-1254.5949074,-1254.5949074,-1254.5949074,-1254.5949074,-1254.5949074,-1254.5949074,-1254.5949074,-1254.5949074,-1254.5949074,-1254.5949074,-1254.5949074,-1254.5949074,-1254.5949074,-1254.5949074,-1254.5949074,-1254.5949074,-1254.5949074,-1254.5949074,-1254.5949074,-1254.5949074,-1254.5949074,-1254.5949074,-1254.5949074,-1254.5949074,-1254.5949074,-1254.5949074,-1254.5949074,-1254.5949074,-1254.5949074,-1254.5949074,-1254.5949074,-1254.5949074,-1254.5949074,-1254.5949074,-1254.5949074,-1254.5949074,-1254.5949074,-1254.5949074,-1254.5949074,-1254.5949074,-1254.5949074,-1254.5949074,-1254.5949074,-1254.5949074,-1254.5949074,-1254.5949074,-1254.5949074,-1254.5949074,-1254.5949074,-1254.5949074,-1254.5949074,-1254.5949074,-1254.5949074,-1254.5949074,-1254.5949074,-1254.5949074,-1254.5949074,-1254.5949074,-1254.5949074,-1254.5949074,-1254.5949074,0.0,1275.3819444,1297.2453704,1319.4791667,1341.8402778,1364.3518519,1387.0023148,1414.3865741,1442.0138889,1469.9074074,1500.0000000,1500.0000000
65.03,-1275.3819444,-1275.3819444,-1275.3819444,-1275.3819444,-1275.3819444,-1275.3819444,-1275.3819444,-1275.3819444,-1275.3819444,-1275.3819444,-1275.3819444,-1275.3819444,-1275.3819444,-1275.3819444,-1275.3819444,-1275.3819444,-1275.3819444,-1275.3819444,-1275.3819444,-1275.3819444,-1275.3819444,-1275.3819444,-1275.3819444,-1275.3819444,-1275.3819444,-1275.3819444,-1275.3819444,-1275.3819444,-1275.3819444,-1275.3819444,-1275.3819444,-1275.3819444,-1275.3819444,-1275.3819444,-1275.3819444,-1275.3819444,-1275.3819444,-1275.3819444,-1275.3819444,-1275.3819444,-1275.3819444,-1275.3819444,-1275.3819444,-1275.3819444,-1275.3819444,-1275.3819444,-1275.3819444,-1275.3819444,-1275.3819444,-1275.3819444,-1275.3819444,-1275.3819444,-1275.3819444,-1275.3819444,-1275.3819444,-1275.3819444,-1275.3819444,-1275.3819444,-1275.3819444,-1275.3819444,-1275.3819444,-1275.3819444,-1275.3819444,-1275.3819444,-1275.3819444,-1275.3819444,-1275.3819444,-1275.3819444,-1275.3819444,-1275.3819444,-1275.3819444,-1275.3819444,-1275.3819444,-1275.3819444,-1275.3819444,-1275.3819444,-1275.3819444,0.0,1297.2453704,1319.4791667,1341.8402778,1364.3518519,1387.0023148,1414.3865741,1442.0138889,1469.9074074,1500.0000000,1500.0000000
65.13,-1297.2453704,-1297.2453704,-1297.2453704,-1297.2453704,-1297.2453704,-1297.2453704,-1297.2453704,-1297.2453704,-1297.2453704,-1297.2453704,-1297.2453704,-1297.2453704,-1297.2453704,-1297.2453704,-1297.2453704,-1297.2453704,-1297.2453704,-1297.2453704,-1297.2453704,-1297.2453704,-1297.2453704,-1297.2453704,-1297.2453704,-1297.2453704,-1297.2453704,-1297.2453704,-1297.2453704,-1297.2453704,-1297.2453704,-1297.2453704,-1297.2453704,-1297.2453704,-1297.2453704,-1297.2453704,-1297.2453704,-1297.2453704,-1297.2453704,-1297.2453704,-1297.2453704,-1297.2453704,-1297.2453704,-1297.2453704,-1297.2453704,-1297.2453704,-1297.2453704,-1297.2453704,-1297.2453704,-1297.2453704,-1297.2453704,-1297.2453704,-1297.2453704,-1297.2453704,-1297.2453704,-1297.2453704,-1297.2453704,-1297.2453704,-1297.2453704,-1297.2453704,-1297.2453704,-1297.2453704,-1297.2453704,-1297.2453704,-1297.2453704,-1297.2453704,-1297.2453704,-1297.2453704,-1297.2453704,-1297.2453704,-1297.2453704,-1297.2453704,-1297.2453704,-1297.2453704,-1297.2453704,-1297.2453704,-1297.2453704,-1297.2453704,-1297.2453704,-1297.2453704,0.0,1319.4791667,1341.8402778,1364.3518519,1387.0023148,1414.3865741,1442.0138889,1469.9074074,1500.0000000,1500.0000000
65.23,-1319.4791667,-1319.4791667,-1319.4791667,-1319.4791667,-1319.4791667,-1319.4791667,-1319.4791667,-1319.4791667,-1319.4791667,-1319.4791667,-1319.4791667,-1319.4791667,-1319.4791667,-1319.4791667,-1319.4791667,-1319.4791667,-1319.4791667,-1319.4791667,-1319.4791667,-1319.4791667,-1319.4791667,-1319.4791667,-1319.4791667,-1319.4791667,-1319.4791667,-1319.4791667,-1319.4791667,-1319.4791667,-1319.4791667,-1319.4791667,-1319.4791667,-1319.4791667,-1319.4791667,-1319.4791667,-1319.4791667,-1319.4791667,-1319.4791667,-1319.4791667,-1319.4791667,-1319.4791667,-1319.4791667,-1319.4791667,-1319.4791667,-1319.4791667,-1319.4791667,-1319.4791667,-1319.4791667,-1319.4791667,-1319.4791667,-1319.4791667,-1319.4791667,-1319.4791667,-1319.4791667,-1319.4791667,-1319.4791667,-1319.4791667,-1319.4791667,-1319.4791667,-1319.4791667,-1319.4791667,-1319.4791667,-1319.4791667,-1319.4791667,-1319.4791667,-1319.4791667,-1319.4791667,-1319.4791667,-1319.4791667,-1319.4791667,-1319.4791667,-1319.4791667,-1319.4791667,-1319.4791667,-1319.4791667,-1319.4791667,-1319.4791667,-1319.4791667,-1319.4791667,-1319.4791667,0.0,1341.8402778,1364.3518519,1387.0023148,1414.3865741,1442.0138889,1469.9074074,1500.0000000,1500.0000000
65.33,-1341.8402778,-1341.8402778,-1341.8402778,-1341.8402778,-1341.8402778,-1341.8402778,-1341.8402778,-1341.8402778,-1341.8402778,-1341.8402778,-1341.8402778,-1341.8402778,-1341.8402778,-1341.8402778,-1341.8402778,-1341.8402778,-1341.8402778,-1341.8402778,-1341.8402778,-1341.8402778,-1341.8402778,-1341.8402778,-1341.8402778,-1341.8402778,-1341.8402778,-1341.8402778,-1341.8402778,-1341.8402778,-1341.8402778,-1341.8402778,-1341.8402778,-1341.8402778,-1341.8402778,-1341.8402778,-1341.8402778,-1341.8402778,-1341.8402778,-1341.8402778,-1341.8402778,-1341.8402778,-1341.8402778,-1341.8402778,-1341.8402778,-1341.8402778,-1341.8402778,-1341.8402778,-1341.8402778,-1341.8402778,-1341.8402778,-1341.8402778,-1341.8402778,-1341.8402778,-1341.8402778,-1341.8402778,-1341.8402778,-1341.8402778,-1341.8402778,-1341.8402778,-1341.8402778,-1341.8402778,-1341.8402778,-1341.8402778,-1341.8402778,-1341.8402778,-1341.8402778,-1341.8402778,-1341.8402778,-1341.8402778,-1341.8402778,-1341.8402778,-1341.8402778,-1341.8402778,-1341.8402778,-1341.8402778,-1341.8402778,-1341.8402778,-1341.8402778,-1341.8402778,-1341.8402778,-1341.8402778,0.0,1364.3518519,1387.0023148,1414.3865741,1442.0138889,1469.9074074,1500.0000000,1500.0000000
65.43,-1364.3518519,-1364.3518519,-1364.3518519,-1364.3518519,-1364.3518519,-1364.3518519,-1364.3518519,-1364.3518519,-1364.3518519,-1364.3518519,-1364.3518519,-1364.3518519,-1364.3518519,-1364.3518519,-1364.3518519,-1364.3518519,-1364.3518519,-1364.3518519,-1364.3518519,-1364.3518519,-1364.3518519,-1364.3518519,-1364.3518519,-1364.3518519,-1364.3518519,-1364.3518519,-1364.3518519,-1364.3518519,-1364.3518519,-1364.3518519,-1364.3518519,-1364.3518519,-1364.3518519,-1364.3518519,-1364.3518519,-1364.3518519,-1364.3518519,-1364.3518519,-1364.3518519,-1364.3518519,-1364.3518519,-1364.3518519,-1364.3518519,-1364.3518519,-1364.3518519,-1364.3518519,-1364.3518519,-1364.3518519,-1364.3518519,-1364.3518519,-1364.3518519,-1364.3518519,-1364.3518519,-1364.3518519,-1364.3518519,-1364.3518519,-1364.3518519,-1364.3518519,-1364.3518519,-1364.3518519,-1364.3518519,-1364.3518519,-1364.3518519,-1364.3518519,-1364.3518519,-1364.3518519,-1364.3518519,-1364.3518519,-1364.3518519,-1364.3518519,-1364.3518519,-1364.3518519,-1364.3518519,-1364.3518519,-1364.3518519,-1364.3518519,-1364.3518519,-1364.3518519,-1364.3518519,-1364.3518519,-1364.3518519,0.0,1387.0023148,1414.3865741,1442.0138889,1469.9074074,1500.0000000,1500.0000000
65.53,-1387.0023148,-1387.0023148,-1387.0023148,-1387.0023148,-1387.0023148,-1387.0023148,-1387.0023148,-1387.0023148,-1387.0023148,-1387.0023148,-1387.0023148,-1387.0023148,-1387.0023148,-1387.0023148,-1387.0023148,-1387.0023148,-1387.0023148,-1387.0023148,-1387.0023148,-1387.0023148,-1387.0023148,-1387.0023148,-1387.0023148,-1387.0023148,-1387.0023148,-1387.0023148,-1387.0023148,-1387.0023148,-1387.0023148,-1387.0023148,-1387.0023148,-1387.0023148,-1387.0023148,-1387.0023148,-1387.0023148,-1387.0023148,-1387.0023148,-1387.0023148,-1387.0023148,-1387.0023148,-1387.0023148,-1387.0023148,-1387.0023148,-1387.0023148,-1387.0023148,-1387.0023148,-1387.0023148,-1387.0023148,-1387.0023148,-1387.0023148,-1387.0023148,-1387.0023148,-1387.0023148,-1387.0023148,-1387.0023148,-1387.0023148,-1387.0023148,-1387.0023148,-1387.0023148,-1387.0023148,-1387.0023148,-1387.0023148,-1387.0023148,-1387.0023148,-1387.0023148,-1387.0023148,-1387.0023148,-1387.0023148,-1387.0023148,-1387.0023148,-1387.0023148,-1387.0023148,-1387.0023148,-1387.0023148,-1387.0023148,-1387.0023148,-1387.0023148,-1387.0023148,-1387.0023148,-1387.0023148,-1387.0023148,-1387.0023148,0.0,1414.3865741,1442.0138889,1469.9074074,1500.0000000,1500.0000000
65.63,-1414.3865741,-1414.3865741,-1414.3865741,-1414.3865741,-1414.3865741,-1414.3865741,-1414.3865741,-1414.3865741,-1414.3865741,-1414.3865741,-1414.3865741,-1414.3865741,-1414.3865741,-1414.3865741,-1414.3865741,-1414.3865741,-1414.3865741,-1414.3865741,-1414.3865741,-1414.3865741,-1414.3865741,-1414.3865741,-1414.3865741,-1414.3865741,-1414.3865741,-1414.3865741,-1414.3865741,-1414.3865741,-1414.3865741,-1414.3865741,-1414.3865741,-1414.3865741,-1414.3865741,-1414.3865741,-1414.3865741,-1414.3865741,-1414.3865741,-1414.3865741,-1414.3865741,-1414.3865741,-1414.3865741,-1414.3865741,-1414.3865741,-1414.3865741,-1414.3865741,-1414.3865741,-1414.3865741,-1414.3865741,-1414.3865741,-1414.3865741,-1414.3865741,-1414.3865741,-1414.3865741,-1414.3865741,-1414.3865741,-1414.3865741,-1414.3865741,-1414.3865741,-1414.3865741,-1414.3865741,-1414.3865741,-1414.3865741,-1414.3865741,-1414.3865741,-1414.3865741,-1414.3865741,-1414.3865741,-1414.3865741,-1414.3865741,-1414.3865741,-1414.3865741,-1414.3865741,-1414.3865741,-1414.3865741,-1414.3865741,-1414.3865741,-1414.3865741,-1414.3865741,-1414.3865741,-1414.3865741,-1414.3865741,-1414.3865741,-1414.3865741,0.0,1442.0138889,1469.9074074,1500.0000000,1500.0000000
65.73,-1442.0138889,-1442.0138889,-1442.0138889,-1442.0138889,-1442.0138889,-1442.0138889,-1442.0138889,-1442.0138889,-1442.0138889,-1442.0138889,-1442.0138889,-1442.0138889,-1442.0138889,-1442.0138889,-1442.0138889,-1442.0138889,-1442.0138889,-1442.0138889,-1442.0138889,-1442.0138889,-1442.0138889,-1442.0138889,-1442.0138889,-1442.0138889,-1442.0138889,-1442.0138889,-1442.0138889,-1442.0138889,-1442.0138889,-1442.0138889,-1442.0138889,-1442.0138889,-1442.0138889,-1442.0138889,-1442.0138889,-1442.0138889,-1442.0138889,-1442.0138889,-1442.0138889,-1442.0138889,-1442.0138889,-1442.0138889,-1442.0138889,-1442.0138889,-1442.0138889,-1442.0138889,-1442.0138889,-1442.0138889,-1442.0138889,-1442.0138889,-1442.0138889,-1442.0138889,-1442.0138889,-1442.0138889,-1442.0138889,-1442.0138889,-1442.0138889,-1442.0138889,-1442.0138889,-1442.0138889,-1442.0138889,-1442.0138889,-1442.0138889,-1442.0138889,-1442.0138889,-1442.0138889,-1442.0138889,-1442.0138889,-1442.0138889,-1442.0138889,-1442.0138889,-1442.0138889,-1442.0138889,-1442.0138889,-1442.0138889,-1442.0138889,-1442.0138889,-1442.0138889,-1442.0138889,-1442.0138889,-1442.0138889,-1442.0138889,-1442.0138889,-1442.0138889,0.0,1469.9074074,1500.0000000,1500.0000000
65.83,-1469.9074074,-1469.9074074,-1469.9074074,-1469.9074074,-1469.9074074,-1469.9074074,-1469.9074074,-1469.9074074,-1469.9074074,-1469.9074074,-1469.9074074,-1469.9074074,-1469.9074074,-1469.9074074,-1469.9074074,-1469.9074074,-1469.9074074,-1469.9074074,-1469.9074074,-1469.9074074,-1469.9074074,-1469.9074074,-1469.9074074,-1469.9074074,-1469.9074074,-1469.9074074,-1469.9074074,-1469.9074074,-1469.9074074,-1469.9074074,-1469.9074074,-1469.9074074,-1469.9074074,-1469.9074074,-1469.9074074,-1469.9074074,-1469.9074074,-1469.9074074,-1469.9074074,-1469.9074074,-1469.9074074,-1469.9074074,-1469.9074074,-1469.9074074,-1469.9074074,-1469.9074074,-1469.9074074,-1469.9074074,-1469.9074074,-1469.9074074,-1469.9074074,-1469.9074074,-1469.9074074,-1469.9074074,-1469.9074074,-1469.9074074,-1469.9074074,-1469.9074074,-1469.9074074,-1469.9074074,-1469.9074074,-1469.9074074,-1469.9074074,-1469.9074074,-1469.9074074,-1469.9074074,-1469.9074074,-1469.9074074,-1469.9074074,-1469.9074074,-1469.9074074,-1469.9074074,-1469.9074074,-1469.9074074,-1469.9074074,-1469.9074074,-1469.9074074,-1469.9074074,-1469.9074074,-1469.9074074,-1469.9074074,-1469.9074074,-1469.9074074,-1469.9074074,-1469.9074074,0.0,1500.0000000,1500.0000000
