Date,Q_m3s,Sal_gperL,Temp_degC,TSS_mgperL,DO_mmolperm3,SiO2_mmolperm3,Ammonium_mmolperm3,NOx_mmolperm3,FRP_mmolperm3,FRP_ADS_mmolperm3,DOC_mmolperm3,POC_mmolperm3,DON_mmolperm3,PON_mmolperm3,DOP_mmolperm3,POP_mmolperm3,PHY_GRN_mmolperm3,PHY_BGA_mmolperm3,PHY_FDIA_mmolperm3,PHY_MDIA_mmolperm3,Crypto_cfuper100mL,Ecoli_cfuper100mL,FC_cfuper100mL,Enterococci_cfuper100mL
01/10/2005 00:00,0,0,17.14,1,301.1,0,2.21,618.11,17.881,0,250,250,154.5,0,9.6,0,0.01375,0.011,0.01375,0.01375,0,0,0,0
02/10/2005 00:00,0,0,20.51,1,281.2,0,2.21,618.11,17.881,0,250,250,154.5,0,9.6,0,0.01375,0.011,0.01375,0.01375,0,0,0,0
03/10/2005 00:00,0,0,22.98,1,268.1,0,2.21,618.11,17.881,0,250,250,154.5,0,9.6,0,0.01375,0.011,0.01375,0.01375,0,0,0,0
04/10/2005 00:00,0,0,15.6,1,311.1,0,2.21,618.11,17.881,0,250,250,154.5,0,9.6,0,0.01375,0.011,0.01375,0.01375,0,0,0,0
05/10/2005 00:00,0,0,22.26,1,271.8,0,2.21,618.11,17.881,0,250,250,154.5,0,9.6,0,0.01375,0.011,0.01375,0.01375,0,0,0,0
06/10/2005 00:00,0,0,19.69,1,285.9,0,2.21,618.11,17.881,0,250,250,154.5,0,9.6,0,0.01375,0.011,0.01375,0.01375,0,0,0,0
07/10/2005 00:00,0,0,16.98,1,302.1,0,2.21,618.11,17.881,0,250,250,154.5,0,9.6,0,0.01375,0.011,0.01375,0.01375,0,0,0,0
08/10/2005 00:00,0,0,18.18,1,294.7,0,2.21,618.11,17.881,0,250,250,154.5,0,9.6,0,0.01375,0.011,0.01375,0.01375,0,0,0,0
09/10/2005 00:00,0,0,14.64,1,317.5,0,2.21,618.11,17.881,0,250,250,154.5,0,9.6,0,0.01375,0.011,0.01375,0.01375,0,0,0,0
10/10/2005 00:00,0,0,16.29,1,306.5,0,2.21,618.11,17.881,0,250,250,154.5,0,9.6,0,0.01375,0.011,0.01375,0.01375,0,0,0,0
11/10/2005 00:00,0,0,19.42,1,287.4,0,2.21,618.11,17.881,0,250,250,154.5,0,9.6,0,0.01375,0.011,0.01375,0.01375,0,0,0,0
12/10/2005 00:00,0,0,14.99,1,315.1,0,2.21,618.11,17.881,0,250,250,154.5,0,9.6,0,0.01375,0.011,0.01375,0.01375,0,0,0,0
13/10/2005 00:00,0,0,18.37,1,293.6,0,2.21,618.11,17.881,0,250,250,154.5,0,9.6,0,0.01375,0.011,0.01375,0.01375,0,0,0,0
14/10/2005 00:00,0,0,18.75,1,291.3,0,2.21,618.11,17.881,0,250,250,154.5,0,9.6,0,0.01375,0.011,0.01375,0.01375,0,0,0,0
15/10/2005 00:00,0,0,15.82,1,309.6,0,2.21,618.11,17.881,0,250,250,154.5,0,9.6,0,0.01375,0.011,0.01375,0.01375,0,0,0,0
16/10/2005 00:00,0,0,15.15,1,314.1,0,2.21,618.11,17.881,0,250,250,154.5,0,9.6,0,0.01375,0.011,0.01375,0.01375,0,0,0,0
17/10/2005 00:00,0,0,14.58,1,318,0,2.21,618.11,17.881,0,250,250,154.5,0,9.6,0,0.01375,0.011,0.01375,0.01375,0,0,0,0
18/10/2005 00:00,0,0,15.81,1,309.6,0,2.21,618.11,17.881,0,250,250,154.5,0,9.6,0,0.01375,0.011,0.01375,0.01375,0,0,0,0
19/10/2005 00:00,0,0,17.3,1,300.1,0,2.21,618.11,17.881,0,250,250,154.5,0,9.6,0,0.01375,0.011,0.01375,0.01375,0,0,0,0
20/10/2005 00:00,0,0,17.05,1,301.6,0,2.21,618.11,17.881,0,250,250,154.5,0,9.6,0,0.01375,0.011,0.01375,0.01375,0,0,0,0
21/10/2005 00:00,0,0,19.38,1,287.6,0,2.21,618.11,17.881,0,250,250,154.5,0,9.6,0,0.01375,0.011,0.01375,0.01375,0,0,0,0
22/10/2005 00:00,0,0,18.72,1,291.5,0,2.21,618.11,17.881,0,250,250,154.5,0,9.6,0,0.01375,0.011,0.01375,0.01375,0,0,0,0
23/10/2005 00:00,0,0,20.77,1,279.8,0,2.21,618.11,17.881,0,250,250,154.5,0,9.6,0,0.01375,0.011,0.01375,0.01375,0,0,0,0
24/10/2005 00:00,0,0,20.61,1,280.7,0,2.21,618.11,17.881,0,250,250,154.5,0,9.6,0,0.01375,0.011,0.01375,0.01375,0,0,0,0
25/10/2005 00:00,0,0,21.88,1,273.8,0,2.21,618.11,17.881,0,250,250,154.5,0,9.6,0,0.01375,0.011,0.01375,0.01375,0,0,0,0
26/10/2005 00:00,0,0,24.05,1,262.8,0,2.21,618.11,17.881,0,250,250,154.5,0,9.6,0,0.01375,0.011,0.01375,0.01375,0,0,0,0
27/10/2005 00:00,0,0,20.93,1,278.9,0,2.21,618.11,17.881,0,250,250,154.5,0,9.6,0,0.01375,0.011,0.01375,0.01375,0,0,0,0
28/10/2005 00:00,0,0,18.74,1,291.3,0,2.21,618.11,17.881,0,250,250,154.5,0,9.6,0,0.01375,0.011,0.01375,0.01375,0,0,0,0
29/10/2005 00:00,0,0,19.64,1,286.1,0,2.21,618.11,17.881,0,250,250,154.5,0,9.6,0,0.01375,0.011,0.01375,0.01375,0,0,0,0
30/10/2005 00:00,0,0,19.89,1,284.7,0,2.21,618.11,17.881,0,250,250,154.5,0,9.6,0,0.01375,0.011,0.01375,0.01375,0,0,0,0
31/10/2005 00:00,0,0,21.04,1,278.3,0,2.21,618.11,17.881,0,250,250,154.5,0,9.6,0,0.01375,0.011,0.01375,0.01375,0,0,0,0
01/11/2005 00:00,0,0,20,1,284.1,0,2.21,618.11,17.881,0,250,250,154.5,0,9.6,0,0.01375,0.011,0.01375,0.01375,0,0,0,0
02/11/2005 00:00,0,0,21.78,1,274.4,0,2.21,618.11,17.881,0,250,250,154.5,0,9.6,0,0.01375,0.011,0.01375,0.01375,0,0,0,0
03/11/2005 00:00,0,0,24.59,1,260.1,0,2.21,618.11,17.881,0,250,250,154.5,0,9.6,0,0.01375,0.011,0.01375,0.01375,0,0,0,0
04/11/2005 00:00,0,0,21.04,1,278.3,0,2.21,618.11,17.881,0,250,250,154.5,0,9.6,0,0.01375,0.011,0.01375,0.01375,0,0,0,0
05/11/2005 00:00,0,0,17.94,1,296.1,0,2.21,618.11,17.881,0,250,250,154.5,0,9.6,0,0.01375,0.011,0.01375,0.01375,0,0,0,0
06/11/2005 00:00,0,0,18.97,1,290,0,2.21,618.11,17.881,0,250,250,154.5,0,9.6,0,0.01375,0.011,0.01375,0.01375,0,0,0,0
07/11/2005 00:00,0,0,19,1,289.9,0,2.21,618.11,17.881,0,250,250,154.5,0,9.6,0,0.01375,0.011,0.01375,0.01375,0,0,0,0
08/11/2005 00:00,0,0,21.1,1,278,0,2.21,618.11,17.881,0,250,250,154.5,0,9.6,0,0.01375,0.011,0.01375,0.01375,0,0,0,0
09/11/2005 00:00,0,0,25.93,1,253.8,0,2.21,618.11,17.881,0,250,250,154.5,0,9.6,0,0.01375,0.011,0.01375,0.01375,0,0,0,0
10/11/2005 00:00,0,0,24.29,1,261.6,0,2.21,618.11,17.881,0,250,250,154.5,0,9.6,0,0.01375,0.011,0.01375,0.01375,0,0,0,0
11/11/2005 00:00,0,0,17.22,1,300.6,0,2.21,618.11,17.881,0,250,250,154.5,0,9.6,0,0.01375,0.011,0.01375,0.01375,0,0,0,0
12/11/2005 00:00,0,0,17.07,1,301.6,0,2.21,618.11,17.881,0,250,250,154.5,0,9.6,0,0.01375,0.011,0.01375,0.01375,0,0,0,0
13/11/2005 00:00,0,0,18.52,1,292.6,0,2.21,618.11,17.881,0,250,250,154.5,0,9.6,0,0.01375,0.011,0.01375,0.01375,0,0,0,0
14/11/2005 00:00,0,0,19.38,1,287.6,0,2.21,618.11,17.881,0,250,250,154.5,0,9.6,0,0.01375,0.011,0.01375,0.01375,0,0,0,0
15/11/2005 00:00,0,0,18.14,1,295,0,2.21,618.11,17.881,0,250,250,154.5,0,9.6,0,0.01375,0.011,0.01375,0.01375,0,0,0,0
16/11/2005 00:00,0,0,14.85,1,316.1,0,2.21,618.11,17.881,0,250,250,154.5,0,9.6,0,0.01375,0.011,0.01375,0.01375,0,0,0,0
17/11/2005 00:00,0,0,14.83,1,316.2,0,2.21,618.11,17.881,0,250,250,154.5,0,9.6,0,0.01375,0.011,0.01375,0.01375,0,0,0,0
18/11/2005 00:00,0,0,18.14,1,294.9,0,2.21,618.11,17.881,0,250,250,154.5,0,9.6,0,0.01375,0.011,0.01375,0.01375,0,0,0,0
19/11/2005 00:00,0,0,22.55,1,270.3,0,2.21,618.11,17.881,0,250,250,154.5,0,9.6,0,0.01375,0.011,0.01375,0.01375,0,0,0,0
20/11/2005 00:00,0,0,18.49,1,292.8,0,2.21,618.11,17.881,0,250,250,154.5,0,9.6,0,0.01375,0.011,0.01375,0.01375,0,0,0,0
21/11/2005 00:00,0,0,18.18,1,294.7,0,2.21,618.11,17.881,0,250,250,154.5,0,9.6,0,0.01375,0.011,0.01375,0.01375,0,0,0,0
22/11/2005 00:00,0,0,20.9,1,279.1,0,2.21,618.11,17.881,0,250,250,154.5,0,9.6,0,0.01375,0.011,0.01375,0.01375,0,0,0,0
23/11/2005 00:00,0,0,17.43,1,299.3,0,2.21,618.11,17.881,0,250,250,154.5,0,9.6,0,0.01375,0.011,0.01375,0.01375,0,0,0,0
24/11/2005 00:00,0,0,17.99,1,295.9,0,2.21,618.11,17.881,0,250,250,154.5,0,9.6,0,0.01375,0.011,0.01375,0.01375,0,0,0,0
25/11/2005 00:00,0,0,16.64,1,304.3,0,2.21,618.11,17.881,0,250,250,154.5,0,9.6,0,0.01375,0.011,0.01375,0.01375,0,0,0,0
26/11/2005 00:00,0,0,20.29,1,282.5,0,2.21,618.11,17.881,0,250,250,154.5,0,9.6,0,0.01375,0.011,0.01375,0.01375,0,0,0,0
27/11/2005 00:00,0,0,14.25,1,320.3,0,2.21,618.11,17.881,0,250,250,154.5,0,9.6,0,0.01375,0.011,0.01375,0.01375,0,0,0,0
28/11/2005 00:00,0,0,14.53,1,318.3,0,2.21,618.11,17.881,0,250,250,154.5,0,9.6,0,0.01375,0.011,0.01375,0.01375,0,0,0,0
29/11/2005 00:00,0,0,16.06,1,308,0,2.21,618.11,17.881,0,250,250,154.5,0,9.6,0,0.01375,0.011,0.01375,0.01375,0,0,0,0
30/11/2005 00:00,0,0,17.82,1,296.9,0,2.21,618.11,17.881,0,250,250,154.5,0,9.6,0,0.01375,0.011,0.01375,0.01375,0,0,0,0
01/12/2005 00:00,0,0,22.02,1,273.1,0,2.21,618.11,17.881,0,250,250,154.5,0,9.6,0,0.01375,0.011,0.01375,0.01375,0,0,0,0
02/12/2005 00:00,0,0,23.17,1,267.2,0,2.21,618.11,17.881,0,250,250,154.5,0,9.6,0,0.01375,0.011,0.01375,0.01375,0,0,0,0
03/12/2005 00:00,0,0,19.39,1,287.5,0,2.21,618.11,17.881,0,250,250,154.5,0,9.6,0,0.01375,0.011,0.01375,0.01375,0,0,0,0
04/12/2005 00:00,0,0,22.33,1,271.4,0,2.21,618.11,17.881,0,250,250,154.5,0,9.6,0,0.01375,0.011,0.01375,0.01375,0,0,0,0
05/12/2005 00:00,0,0,23.33,1,266.3,0,2.21,618.11,17.881,0,250,250,154.5,0,9.6,0,0.01375,0.011,0.01375,0.01375,0,0,0,0
06/12/2005 00:00,0,0,25.11,1,257.6,0,2.21,618.11,17.881,0,250,250,154.5,0,9.6,0,0.01375,0.011,0.01375,0.01375,0,0,0,0
07/12/2005 00:00,0,0,29.61,1,237.8,0,2.21,618.11,17.881,0,250,250,154.5,0,9.6,0,0.01375,0.011,0.01375,0.01375,0,0,0,0
08/12/2005 00:00,0,0,24.33,1,261.4,0,2.21,618.11,17.881,0,250,250,154.5,0,9.6,0,0.01375,0.011,0.01375,0.01375,0,0,0,0
09/12/2005 00:00,0,0,20.31,1,282.3,0,2.21,618.11,17.881,0,250,250,154.5,0,9.6,0,0.01375,0.011,0.01375,0.01375,0,0,0,0
10/12/2005 00:00,0,0,22.32,1,271.5,0,2.21,618.11,17.881,0,250,250,154.5,0,9.6,0,0.01375,0.011,0.01375,0.01375,0,0,0,0
11/12/2005 00:00,0,0,17.36,1,299.8,0,2.21,618.11,17.881,0,250,250,154.5,0,9.6,0,0.01375,0.011,0.01375,0.01375,0,0,0,0
12/12/2005 00:00,0,0,18.31,1,293.9,0,2.21,618.11,17.881,0,250,250,154.5,0,9.6,0,0.01375,0.011,0.01375,0.01375,0,0,0,0
13/12/2005 00:00,0,0,22.12,1,272.6,0,2.21,618.11,17.881,0,250,250,154.5,0,9.6,0,0.01375,0.011,0.01375,0.01375,0,0,0,0
14/12/2005 00:00,0,0,19.94,1,284.4,0,2.21,618.11,17.881,0,250,250,154.5,0,9.6,0,0.01375,0.011,0.01375,0.01375,0,0,0,0
15/12/2005 00:00,0,0,21.04,1,278.3,0,2.21,618.11,17.881,0,250,250,154.5,0,9.6,0,0.01375,0.011,0.01375,0.01375,0,0,0,0
16/12/2005 00:00,0,0,26.22,1,252.5,0,2.21,618.11,17.881,0,250,250,154.5,0,9.6,0,0.01375,0.011,0.01375,0.01375,0,0,0,0
17/12/2005 00:00,0,0,24.76,1,259.3,0,2.21,618.11,17.881,0,250,250,154.5,0,9.6,0,0.01375,0.011,0.01375,0.01375,0,0,0,0
18/12/2005 00:00,0,0,19.25,1,288.3,0,2.21,618.11,17.881,0,250,250,154.5,0,9.6,0,0.01375,0.011,0.01375,0.01375,0,0,0,0
19/12/2005 00:00,0,0,17.64,1,298,0,2.21,618.11,17.881,0,250,250,154.5,0,9.6,0,0.01375,0.011,0.01375,0.01375,0,0,0,0
20/12/2005 00:00,0,0,19.67,1,286,0,2.21,618.11,17.881,0,250,250,154.5,0,9.6,0,0.01375,0.011,0.01375,0.01375,0,0,0,0
21/12/2005 00:00,0,0,26.01,1,253.4,0,2.21,618.11,17.881,0,250,250,154.5,0,9.6,0,0.01375,0.011,0.01375,0.01375,0,0,0,0
22/12/2005 00:00,0,0,22.83,1,268.9,0,2.21,618.11,17.881,0,250,250,154.5,0,9.6,0,0.01375,0.011,0.01375,0.01375,0,0,0,0
23/12/2005 00:00,0,0,23.98,1,263.1,0,2.21,618.11,17.881,0,250,250,154.5,0,9.6,0,0.01375,0.011,0.01375,0.01375,0,0,0,0
24/12/2005 00:00,0,0,29.35,1,238.9,0,2.21,618.11,17.881,0,250,250,154.5,0,9.6,0,0.01375,0.011,0.01375,0.01375,0,0,0,0
25/12/2005 00:00,0,0,21.42,1,276.3,0,2.21,618.11,17.881,0,250,250,154.5,0,9.6,0,0.01375,0.011,0.01375,0.01375,0,0,0,0
26/12/2005 00:00,0,0,21.17,1,277.6,0,2.21,618.11,17.881,0,250,250,154.5,0,9.6,0,0.01375,0.011,0.01375,0.01375,0,0,0,0
27/12/2005 00:00,0,0,22.95,1,268.3,0,2.21,618.11,17.881,0,250,250,154.5,0,9.6,0,0.01375,0.011,0.01375,0.01375,0,0,0,0
28/12/2005 00:00,0,0,26.6,1,250.8,0,2.21,618.11,17.881,0,250,250,154.5,0,9.6,0,0.01375,0.011,0.01375,0.01375,0,0,0,0
29/12/2005 00:00,0,0,23.52,1,265.4,0,2.21,618.11,17.881,0,250,250,154.5,0,9.6,0,0.01375,0.011,0.01375,0.01375,0,0,0,0
30/12/2005 00:00,0,0,23.29,1,266.6,0,2.21,618.11,17.881,0,250,250,154.5,0,9.6,0,0.01375,0.011,0.01375,0.01375,0,0,0,0
31/12/2005 00:00,0,0,25.48,1,255.9,0,2.21,618.11,17.881,0,250,250,154.5,0,9.6,0,0.01375,0.011,0.01375,0.01375,0,0,0,0
01/01/2006 00:00,0,0,32.47,1,226.4,0,2.21,618.11,17.881,0,250,250,154.5,0,9.6,0,0.01375,0.011,0.01375,0.01375,0,0,0,0
02/01/2006 00:00,0,0,19.81,1,285.2,0,2.21,618.11,17.881,0,250,250,154.5,0,9.6,0,0.01375,0.011,0.01375,0.01375,0,0,0,0
03/01/2006 00:00,0,0,23.27,1,266.6,0,2.21,618.11,17.881,0,250,250,154.5,0,9.6,0,0.01375,0.011,0.01375,0.01375,0,0,0,0
04/01/2006 00:00,0,0,18.57,1,292.3,0,2.21,618.11,17.881,0,250,250,154.5,0,9.6,0,0.01375,0.011,0.01375,0.01375,0,0,0,0
05/01/2006 00:00,0,0,19.11,1,289.2,0,2.21,618.11,17.881,0,250,250,154.5,0,9.6,0,0.01375,0.011,0.01375,0.01375,0,0,0,0
06/01/2006 00:00,0,0,21.42,1,276.3,0,2.21,618.11,17.881,0,250,250,154.5,0,9.6,0,0.01375,0.011,0.01375,0.01375,0,0,0,0
07/01/2006 00:00,0,0,20.57,1,280.9,0,2.21,618.11,17.881,0,250,250,154.5,0,9.6,0,0.01375,0.011,0.01375,0.01375,0,0,0,0
08/01/2006 00:00,0,0,21.2,1,277.5,0,2.21,618.11,17.881,0,250,250,154.5,0,9.6,0,0.01375,0.011,0.01375,0.01375,0,0,0,0
09/01/2006 00:00,0,0,21.31,1,276.9,0,2.21,618.11,17.881,0,250,250,154.5,0,9.6,0,0.01375,0.011,0.01375,0.01375,0,0,0,0
10/01/2006 00:00,0,0,25.08,1,257.8,0,2.21,618.11,17.881,0,250,250,154.5,0,9.6,0,0.01375,0.011,0.01375,0.01375,0,0,0,0
11/01/2006 00:00,0,0,25.8,1,254.4,0,2.21,618.11,17.881,0,250,250,154.5,0,9.6,0,0.01375,0.011,0.01375,0.01375,0,0,0,0
12/01/2006 00:00,0,0,22.62,1,270,0,2.21,618.11,17.881,0,250,250,154.5,0,9.6,0,0.01375,0.011,0.01375,0.01375,0,0,0,0
13/01/2006 00:00,0,0,21.7,1,274.8,0,2.21,618.11,17.881,0,250,250,154.5,0,9.6,0,0.01375,0.011,0.01375,0.01375,0,0,0,0
14/01/2006 00:00,0,0,25.09,1,257.7,0,2.21,618.11,17.881,0,250,250,154.5,0,9.6,0,0.01375,0.011,0.01375,0.01375,0,0,0,0
15/01/2006 00:00,0,0,20.89,1,279.1,0,2.21,618.11,17.881,0,250,250,154.5,0,9.6,0,0.01375,0.011,0.01375,0.01375,0,0,0,0
16/01/2006 00:00,0,0,22.93,1,268.4,0,2.21,618.11,17.881,0,250,250,154.5,0,9.6,0,0.01375,0.011,0.01375,0.01375,0,0,0,0
17/01/2006 00:00,0,0,22.73,1,269.4,0,2.21,618.11,17.881,0,250,250,154.5,0,9.6,0,0.01375,0.011,0.01375,0.01375,0,0,0,0
18/01/2006 00:00,0,0,19.44,1,287.3,0,2.21,618.11,17.881,0,250,250,154.5,0,9.6,0,0.01375,0.011,0.01375,0.01375,0,0,0,0
19/01/2006 00:00,0,0,19.61,1,286.3,0,2.21,618.11,17.881,0,250,250,154.5,0,9.6,0,0.01375,0.011,0.01375,0.01375,0,0,0,0
20/01/2006 00:00,0,0,21.09,1,278.1,0,2.21,618.11,17.881,0,250,250,154.5,0,9.6,0,0.01375,0.011,0.01375,0.01375,0,0,0,0
21/01/2006 00:00,0,0,24.53,1,260.4,0,2.21,618.11,17.881,0,250,250,154.5,0,9.6,0,0.01375,0.011,0.01375,0.01375,0,0,0,0
22/01/2006 00:00,0,0,24.12,1,262.4,0,2.21,618.11,17.881,0,250,250,154.5,0,9.6,0,0.01375,0.011,0.01375,0.01375,0,0,0,0
23/01/2006 00:00,0,0,25.86,1,254.1,0,2.21,618.11,17.881,0,250,250,154.5,0,9.6,0,0.01375,0.011,0.01375,0.01375,0,0,0,0
24/01/2006 00:00,0,0,21.38,1,276.5,0,2.21,618.11,17.881,0,250,250,154.5,0,9.6,0,0.01375,0.011,0.01375,0.01375,0,0,0,0
25/01/2006 00:00,0,0,19.66,1,286,0,2.21,618.11,17.881,0,250,250,154.5,0,9.6,0,0.01375,0.011,0.01375,0.01375,0,0,0,0
26/01/2006 00:00,0,0,23.34,1,266.3,0,2.21,618.11,17.881,0,250,250,154.5,0,9.6,0,0.01375,0.011,0.01375,0.01375,0,0,0,0
27/01/2006 00:00,0,0,25.2,1,257.3,0,2.21,618.11,17.881,0,250,250,154.5,0,9.6,0,0.01375,0.011,0.01375,0.01375,0,0,0,0
28/01/2006 00:00,0,0,23.5,1,265.5,0,2.21,618.11,17.881,0,250,250,154.5,0,9.6,0,0.01375,0.011,0.01375,0.01375,0,0,0,0
29/01/2006 00:00,0,0,22.36,1,271.3,0,2.21,618.11,17.881,0,250,250,154.5,0,9.6,0,0.01375,0.011,0.01375,0.01375,0,0,0,0
30/01/2006 00:00,0,0,23.05,1,267.8,0,2.21,618.11,17.881,0,250,250,154.5,0,9.6,0,0.01375,0.011,0.01375,0.01375,0,0,0,0
31/01/2006 00:00,0,0,21.05,1,278.3,0,2.21,618.11,17.881,0,250,250,154.5,0,9.6,0,0.01375,0.011,0.01375,0.01375,0,0,0,0
01/02/2006 00:00,0,0,26.57,1,250.9,0,2.21,618.11,17.881,0,250,250,154.5,0,9.6,0,0.01375,0.011,0.01375,0.01375,0,0,0,0
02/02/2006 00:00,0,0,27.61,1,246.3,0,2.21,618.11,17.881,0,250,250,154.5,0,9.6,0,0.01375,0.011,0.01375,0.01375,0,0,0,0
03/02/2006 00:00,0,0,22.81,1,269,0,2.21,618.11,17.881,0,250,250,154.5,0,9.6,0,0.01375,0.011,0.01375,0.01375,0,0,0,0
04/02/2006 00:00,0,0,21.06,1,278.2,0,2.21,618.11,17.881,0,250,250,154.5,0,9.6,0,0.01375,0.011,0.01375,0.01375,0,0,0,0
05/02/2006 00:00,0,0,21.13,1,277.8,0,2.21,618.11,17.881,0,250,250,154.5,0,9.6,0,0.01375,0.011,0.01375,0.01375,0,0,0,0
06/02/2006 00:00,0,0,26.14,1,252.8,0,2.21,618.11,17.881,0,250,250,154.5,0,9.6,0,0.01375,0.011,0.01375,0.01375,0,0,0,0
07/02/2006 00:00,0,0,18.95,1,290.1,0,2.21,618.11,17.881,0,250,250,154.5,0,9.6,0,0.01375,0.011,0.01375,0.01375,0,0,0,0
08/02/2006 00:00,0,0,20.12,1,283.4,0,2.21,618.11,17.881,0,250,250,154.5,0,9.6,0,0.01375,0.011,0.01375,0.01375,0,0,0,0
09/02/2006 00:00,0,0,24.69,1,259.7,0,2.21,618.11,17.881,0,250,250,154.5,0,9.6,0,0.01375,0.011,0.01375,0.01375,0,0,0,0
10/02/2006 00:00,0,0,20.58,1,280.8,0,2.21,618.11,17.881,0,250,250,154.5,0,9.6,0,0.01375,0.011,0.01375,0.01375,0,0,0,0
11/02/2006 00:00,0,0,21.5,1,275.9,0,2.21,618.11,17.881,0,250,250,154.5,0,9.6,0,0.01375,0.011,0.01375,0.01375,0,0,0,0
12/02/2006 00:00,0,0,23.26,1,266.7,0,2.21,618.11,17.881,0,250,250,154.5,0,9.6,0,0.01375,0.011,0.01375,0.01375,0,0,0,0
13/02/2006 00:00,0,0,23.23,1,266.8,0,2.21,618.11,17.881,0,250,250,154.5,0,9.6,0,0.01375,0.011,0.01375,0.01375,0,0,0,0
14/02/2006 00:00,0,0,20.32,1,282.3,0,2.21,618.11,17.881,0,250,250,154.5,0,9.6,0,0.01375,0.011,0.01375,0.01375,0,0,0,0
15/02/2006 00:00,0,0,22.69,1,269.6,0,2.21,618.11,17.881,0,250,250,154.5,0,9.6,0,0.01375,0.011,0.01375,0.01375,0,0,0,0
16/02/2006 00:00,0,0,23.81,1,264,0,2.21,618.11,17.881,0,250,250,154.5,0,9.6,0,0.01375,0.011,0.01375,0.01375,0,0,0,0
17/02/2006 00:00,0,0,26.18,1,252.7,0,2.21,618.11,17.881,0,250,250,154.5,0,9.6,0,0.01375,0.011,0.01375,0.01375,0,0,0,0
18/02/2006 00:00,0,0,27.2,1,248.1,0,2.21,618.11,17.881,0,250,250,154.5,0,9.6,0,0.01375,0.011,0.01375,0.01375,0,0,0,0
19/02/2006 00:00,0,0,25.85,1,254.2,0,2.21,618.11,17.881,0,250,250,154.5,0,9.6,0,0.01375,0.011,0.01375,0.01375,0,0,0,0
20/02/2006 00:00,0,0,21.77,1,274.4,0,2.21,618.11,17.881,0,250,250,154.5,0,9.6,0,0.01375,0.011,0.01375,0.01375,0,0,0,0
21/02/2006 00:00,0,0,21.72,1,274.7,0,2.21,618.11,17.881,0,250,250,154.5,0,9.6,0,0.01375,0.011,0.01375,0.01375,0,0,0,0
22/02/2006 00:00,0,0,22.34,1,271.4,0,2.21,618.11,17.881,0,250,250,154.5,0,9.6,0,0.01375,0.011,0.01375,0.01375,0,0,0,0
23/02/2006 00:00,0,0,21.97,1,273.4,0,2.21,618.11,17.881,0,250,250,154.5,0,9.6,0,0.01375,0.011,0.01375,0.01375,0,0,0,0
24/02/2006 00:00,0,0,22.2,1,272.1,0,2.21,618.11,17.881,0,250,250,154.5,0,9.6,0,0.01375,0.011,0.01375,0.01375,0,0,0,0
25/02/2006 00:00,0,0,23.02,1,267.9,0,2.21,618.11,17.881,0,250,250,154.5,0,9.6,0,0.01375,0.011,0.01375,0.01375,0,0,0,0
26/02/2006 00:00,0,0,22.86,1,268.7,0,2.21,618.11,17.881,0,250,250,154.5,0,9.6,0,0.01375,0.011,0.01375,0.01375,0,0,0,0
27/02/2006 00:00,0,0,20.03,1,283.9,0,2.21,618.11,17.881,0,250,250,154.5,0,9.6,0,0.01375,0.011,0.01375,0.01375,0,0,0,0
28/02/2006 00:00,0,0,21.03,1,278.4,0,2.21,618.11,17.881,0,250,250,154.5,0,9.6,0,0.01375,0.011,0.01375,0.01375,0,0,0,0
01/03/2006 00:00,0,0,20.62,1,280.6,0,2.21,618.11,17.881,0,250,250,154.5,0,9.6,0,0.01375,0.011,0.01375,0.01375,0,0,0,0
02/03/2006 00:00,0,0,20.93,1,278.9,0,2.21,618.11,17.881,0,250,250,154.5,0,9.6,0,0.01375,0.011,0.01375,0.01375,0,0,0,0
03/03/2006 00:00,0,0,20.8,1,279.6,0,2.21,618.11,17.881,0,250,250,154.5,0,9.6,0,0.01375,0.011,0.01375,0.01375,0,0,0,0
04/03/2006 00:00,0,0,21.09,1,278.1,0,2.21,618.11,17.881,0,250,250,154.5,0,9.6,0,0.01375,0.011,0.01375,0.01375,0,0,0,0
05/03/2006 00:00,0,0,20.04,1,283.8,0,2.21,618.11,17.881,0,250,250,154.5,0,9.6,0,0.01375,0.011,0.01375,0.01375,0,0,0,0
06/03/2006 00:00,0,0,24.14,1,262.3,0,2.21,618.11,17.881,0,250,250,154.5,0,9.6,0,0.01375,0.011,0.01375,0.01375,0,0,0,0
07/03/2006 00:00,0,0,22.93,1,268.4,0,2.21,618.11,17.881,0,250,250,154.5,0,9.6,0,0.01375,0.011,0.01375,0.01375,0,0,0,0
08/03/2006 00:00,0,0,21.72,1,274.7,0,2.21,618.11,17.881,0,250,250,154.5,0,9.6,0,0.01375,0.011,0.01375,0.01375,0,0,0,0
09/03/2006 00:00,0,0,24.03,1,262.9,0,2.21,618.11,17.881,0,250,250,154.5,0,9.6,0,0.01375,0.011,0.01375,0.01375,0,0,0,0
10/03/2006 00:00,0,0,22.76,1,269.2,0,2.21,618.11,17.881,0,250,250,154.5,0,9.6,0,0.01375,0.011,0.01375,0.01375,0,0,0,0
11/03/2006 00:00,0,0,22.59,1,270.1,0,2.21,618.11,17.881,0,250,250,154.5,0,9.6,0,0.01375,0.011,0.01375,0.01375,0,0,0,0
12/03/2006 00:00,0,0,23.85,1,263.7,0,2.21,618.11,17.881,0,250,250,154.5,0,9.6,0,0.01375,0.011,0.01375,0.01375,0,0,0,0
13/03/2006 00:00,0,0,25.24,1,257,0,2.21,618.11,17.881,0,250,250,154.5,0,9.6,0,0.01375,0.011,0.01375,0.01375,0,0,0,0
14/03/2006 00:00,0,0,22.02,1,273.1,0,2.21,618.11,17.881,0,250,250,154.5,0,9.6,0,0.01375,0.011,0.01375,0.01375,0,0,0,0
15/03/2006 00:00,0,0,22,1,273.2,0,2.21,618.11,17.881,0,250,250,154.5,0,9.6,0,0.01375,0.011,0.01375,0.01375,0,0,0,0
16/03/2006 00:00,0,0,23.84,1,263.8,0,2.21,618.11,17.881,0,250,250,154.5,0,9.6,0,0.01375,0.011,0.01375,0.01375,0,0,0,0
17/03/2006 00:00,0,0,20.29,1,282.5,0,2.21,618.11,17.881,0,250,250,154.5,0,9.6,0,0.01375,0.011,0.01375,0.01375,0,0,0,0
18/03/2006 00:00,0,0,21.09,1,278.1,0,2.21,618.11,17.881,0,250,250,154.5,0,9.6,0,0.01375,0.011,0.01375,0.01375,0,0,0,0
19/03/2006 00:00,0,0,23.37,1,266.1,0,2.21,618.11,17.881,0,250,250,154.5,0,9.6,0,0.01375,0.011,0.01375,0.01375,0,0,0,0
20/03/2006 00:00,0,0,19.32,1,288,0,2.21,618.11,17.881,0,250,250,154.5,0,9.6,0,0.01375,0.011,0.01375,0.01375,0,0,0,0
21/03/2006 00:00,0,0,18.95,1,290.1,0,2.21,618.11,17.881,0,250,250,154.5,0,9.6,0,0.01375,0.011,0.01375,0.01375,0,0,0,0
22/03/2006 00:00,0,0,19.52,1,286.8,0,2.21,618.11,17.881,0,250,250,154.5,0,9.6,0,0.01375,0.011,0.01375,0.01375,0,0,0,0
23/03/2006 00:00,0,0,19.58,1,286.5,0,2.21,618.11,17.881,0,250,250,154.5,0,9.6,0,0.01375,0.011,0.01375,0.01375,0,0,0,0
24/03/2006 00:00,0,0,19.23,1,288.5,0,2.21,618.11,17.881,0,250,250,154.5,0,9.6,0,0.01375,0.011,0.01375,0.01375,0,0,0,0
25/03/2006 00:00,0,0,19.03,1,289.7,0,2.21,618.11,17.881,0,250,250,154.5,0,9.6,0,0.01375,0.011,0.01375,0.01375,0,0,0,0
26/03/2006 00:00,0,0,18.97,1,290,0,2.21,618.11,17.881,0,250,250,154.5,0,9.6,0,0.01375,0.011,0.01375,0.01375,0,0,0,0
27/03/2006 00:00,0,0,20.46,1,281.5,0,2.21,618.11,17.881,0,250,250,154.5,0,9.6,0,0.01375,0.011,0.01375,0.01375,0,0,0,0
28/03/2006 00:00,0,0,20.75,1,279.9,0,2.21,618.11,17.881,0,250,250,154.5,0,9.6,0,0.01375,0.011,0.01375,0.01375,0,0,0,0
29/03/2006 00:00,0,0,20,1,284.1,0,2.21,618.11,17.881,0,250,250,154.5,0,9.6,0,0.01375,0.011,0.01375,0.01375,0,0,0,0
30/03/2006 00:00,0,0,21.56,1,275.5,0,2.21,618.11,17.881,0,250,250,154.5,0,9.6,0,0.01375,0.011,0.01375,0.01375,0,0,0,0
31/03/2006 00:00,0,0,19.81,1,285.2,0,2.21,618.11,17.881,0,250,250,154.5,0,9.6,0,0.01375,0.011,0.01375,0.01375,0,0,0,0
01/04/2006 00:00,0,0,16.25,1,306.8,0,2.21,618.11,17.881,0,250,250,154.5,0,9.6,0,0.01375,0.011,0.01375,0.01375,0,0,0,0
02/04/2006 00:00,0,0,13.86,1,323,0,2.21,618.11,17.881,0,250,250,154.5,0,9.6,0,0.01375,0.011,0.01375,0.01375,0,0,0,0
03/04/2006 00:00,0,0,16.76,1,303.5,0,2.21,618.11,17.881,0,250,250,154.5,0,9.6,0,0.01375,0.011,0.01375,0.01375,0,0,0,0
04/04/2006 00:00,0,0,19.84,1,285,0,2.21,618.11,17.881,0,250,250,154.5,0,9.6,0,0.01375,0.011,0.01375,0.01375,0,0,0,0
05/04/2006 00:00,0,0,23.65,1,264.8,0,2.21,618.11,17.881,0,250,250,154.5,0,9.6,0,0.01375,0.011,0.01375,0.01375,0,0,0,0
06/04/2006 00:00,0,0,16.72,1,303.8,0,2.21,618.11,17.881,0,250,250,154.5,0,9.6,0,0.01375,0.011,0.01375,0.01375,0,0,0,0
07/04/2006 00:00,0,0,16.88,1,302.7,0,2.21,618.11,17.881,0,250,250,154.5,0,9.6,0,0.01375,0.011,0.01375,0.01375,0,0,0,0
08/04/2006 00:00,0,0,16.12,1,307.6,0,2.21,618.11,17.881,0,250,250,154.5,0,9.6,0,0.01375,0.011,0.01375,0.01375,0,0,0,0
09/04/2006 00:00,0,0,15.23,1,313.5,0,2.21,618.11,17.881,0,250,250,154.5,0,9.6,0,0.01375,0.011,0.01375,0.01375,0,0,0,0
10/04/2006 00:00,0,0,17.77,1,297.2,0,2.21,618.11,17.881,0,250,250,154.5,0,9.6,0,0.01375,0.011,0.01375,0.01375,0,0,0,0
11/04/2006 00:00,0,0,20.57,1,280.9,0,2.21,618.11,17.881,0,250,250,154.5,0,9.6,0,0.01375,0.011,0.01375,0.01375,0,0,0,0
12/04/2006 00:00,0,0,22.38,1,271.2,0,2.21,618.11,17.881,0,250,250,154.5,0,9.6,0,0.01375,0.011,0.01375,0.01375,0,0,0,0
13/04/2006 00:00,0,0,19.62,1,286.3,0,2.21,618.11,17.881,0,250,250,154.5,0,9.6,0,0.01375,0.011,0.01375,0.01375,0,0,0,0
14/04/2006 00:00,0,0,20.71,1,280.1,0,2.21,618.11,17.881,0,250,250,154.5,0,9.6,0,0.01375,0.011,0.01375,0.01375,0,0,0,0
15/04/2006 00:00,0,0,17.34,1,299.9,0,2.21,618.11,17.881,0,250,250,154.5,0,9.6,0,0.01375,0.011,0.01375,0.01375,0,0,0,0
16/04/2006 00:00,0,0,12.77,1,330.9,0,2.21,618.11,17.881,0,250,250,154.5,0,9.6,0,0.01375,0.011,0.01375,0.01375,0,0,0,0
17/04/2006 00:00,0,0,15.98,1,308.5,0,2.21,618.11,17.881,0,250,250,154.5,0,9.6,0,0.01375,0.011,0.01375,0.01375,0,0,0,0
18/04/2006 00:00,0,0,20.44,1,281.6,0,2.21,618.11,17.881,0,250,250,154.5,0,9.6,0,0.01375,0.011,0.01375,0.01375,0,0,0,0
19/04/2006 00:00,0,0,22.59,1,270.1,0,2.21,618.11,17.881,0,250,250,154.5,0,9.6,0,0.01375,0.011,0.01375,0.01375,0,0,0,0
20/04/2006 00:00,0,0,21.32,1,276.8,0,2.21,618.11,17.881,0,250,250,154.5,0,9.6,0,0.01375,0.011,0.01375,0.01375,0,0,0,0
21/04/2006 00:00,0,0,15.62,1,310.9,0,2.21,618.11,17.881,0,250,250,154.5,0,9.6,0,0.01375,0.011,0.01375,0.01375,0,0,0,0
22/04/2006 00:00,0,0,12.54,1,332.6,0,2.21,618.11,17.881,0,250,250,154.5,0,9.6,0,0.01375,0.011,0.01375,0.01375,0,0,0,0
23/04/2006 00:00,0,0,13.24,1,327.4,0,2.21,618.11,17.881,0,250,250,154.5,0,9.6,0,0.01375,0.011,0.01375,0.01375,0,0,0,0
24/04/2006 00:00,0,0,14.63,1,317.6,0,2.21,618.11,17.881,0,250,250,154.5,0,9.6,0,0.01375,0.011,0.01375,0.01375,0,0,0,0
25/04/2006 00:00,0,0,14.33,1,319.7,0,2.21,618.11,17.881,0,250,250,154.5,0,9.6,0,0.01375,0.011,0.01375,0.01375,0,0,0,0
26/04/2006 00:00,0,0,15.44,1,312.1,0,2.21,618.11,17.881,0,250,250,154.5,0,9.6,0,0.01375,0.011,0.01375,0.01375,0,0,0,0
27/04/2006 00:00,0,0,14.49,1,318.6,0,2.21,618.11,17.881,0,250,250,154.5,0,9.6,0,0.01375,0.011,0.01375,0.01375,0,0,0,0
28/04/2006 00:00,0,0,16.12,1,307.6,0,2.21,618.11,17.881,0,250,250,154.5,0,9.6,0,0.01375,0.011,0.01375,0.01375,0,0,0,0
29/04/2006 00:00,0,0,15.93,1,308.9,0,2.21,618.11,17.881,0,250,250,154.5,0,9.6,0,0.01375,0.011,0.01375,0.01375,0,0,0,0
30/04/2006 00:00,0,0,17.01,1,301.9,0,2.21,618.11,17.881,0,250,250,154.5,0,9.6,0,0.01375,0.011,0.01375,0.01375,0,0,0,0
01/05/2006 00:00,0,0,16.69,1,303.9,0,2.21,618.11,17.881,0,250,250,154.5,0,9.6,0,0.01375,0.011,0.01375,0.01375,0,0,0,0
02/05/2006 00:00,0,0,15.76,1,310,0,2.21,618.11,17.881,0,250,250,154.5,0,9.6,0,0.01375,0.011,0.01375,0.01375,0,0,0,0
03/05/2006 00:00,0,0,16.78,1,303.4,0,2.21,618.11,17.881,0,250,250,154.5,0,9.6,0,0.01375,0.011,0.01375,0.01375,0,0,0,0
04/05/2006 00:00,0,0,15.94,1,308.8,0,2.21,618.11,17.881,0,250,250,154.5,0,9.6,0,0.01375,0.011,0.01375,0.01375,0,0,0,0
05/05/2006 00:00,0,0,16.15,1,307.4,0,2.21,618.11,17.881,0,250,250,154.5,0,9.6,0,0.01375,0.011,0.01375,0.01375,0,0,0,0
06/05/2006 00:00,0,0,15.18,1,313.9,0,2.21,618.11,17.881,0,250,250,154.5,0,9.6,0,0.01375,0.011,0.01375,0.01375,0,0,0,0
07/05/2006 00:00,0,0,15.82,1,309.6,0,2.21,618.11,17.881,0,250,250,154.5,0,9.6,0,0.01375,0.011,0.01375,0.01375,0,0,0,0
08/05/2006 00:00,0,0,11.96,1,337,0,2.21,618.11,17.881,0,250,250,154.5,0,9.6,0,0.01375,0.011,0.01375,0.01375,0,0,0,0
09/05/2006 00:00,0,0,11.89,1,337.5,0,2.21,618.11,17.881,0,250,250,154.5,0,9.6,0,0.01375,0.011,0.01375,0.01375,0,0,0,0
10/05/2006 00:00,0,0,15.28,1,313.2,0,2.21,618.11,17.881,0,250,250,154.5,0,9.6,0,0.01375,0.011,0.01375,0.01375,0,0,0,0
11/05/2006 00:00,0,0,13.34,1,326.7,0,2.21,618.11,17.881,0,250,250,154.5,0,9.6,0,0.01375,0.011,0.01375,0.01375,0,0,0,0
12/05/2006 00:00,0,0,13.13,1,328.3,0,2.21,618.11,17.881,0,250,250,154.5,0,9.6,0,0.01375,0.011,0.01375,0.01375,0,0,0,0
13/05/2006 00:00,0,0,13.29,1,327.1,0,2.21,618.11,17.881,0,250,250,154.5,0,9.6,0,0.01375,0.011,0.01375,0.01375,0,0,0,0
14/05/2006 00:00,0,0,14.72,1,317,0,2.21,618.11,17.881,0,250,250,154.5,0,9.6,0,0.01375,0.011,0.01375,0.01375,0,0,0,0
15/05/2006 00:00,0,0,14.36,1,319.5,0,2.21,618.11,17.881,0,250,250,154.5,0,9.6,0,0.01375,0.011,0.01375,0.01375,0,0,0,0
16/05/2006 00:00,0,0,14.67,1,317.3,0,2.21,618.11,17.881,0,250,250,154.5,0,9.6,0,0.01375,0.011,0.01375,0.01375,0,0,0,0
17/05/2006 00:00,0,0,13.78,1,323.5,0,2.21,618.11,17.881,0,250,250,154.5,0,9.6,0,0.01375,0.011,0.01375,0.01375,0,0,0,0
18/05/2006 00:00,0,0,13.08,1,328.6,0,2.21,618.11,17.881,0,250,250,154.5,0,9.6,0,0.01375,0.011,0.01375,0.01375,0,0,0,0
19/05/2006 00:00,0,0,16.49,1,305.2,0,2.21,618.11,17.881,0,250,250,154.5,0,9.6,0,0.01375,0.011,0.01375,0.01375,0,0,0,0
20/05/2006 00:00,0,0,15.47,1,311.9,0,2.21,618.11,17.881,0,250,250,154.5,0,9.6,0,0.01375,0.011,0.01375,0.01375,0,0,0,0
21/05/2006 00:00,0,0,14.33,1,319.7,0,2.21,618.11,17.881,0,250,250,154.5,0,9.6,0,0.01375,0.011,0.01375,0.01375,0,0,0,0
22/05/2006 00:00,0,0,11.31,1,342.1,0,2.21,618.11,17.881,0,250,250,154.5,0,9.6,0,0.01375,0.011,0.01375,0.01375,0,0,0,0
23/05/2006 00:00,0,0,11.25,1,342.6,0,2.21,618.11,17.881,0,250,250,154.5,0,9.6,0,0.01375,0.011,0.01375,0.01375,0,0,0,0
24/05/2006 00:00,0,0,14.81,1,316.4,0,2.21,618.11,17.881,0,250,250,154.5,0,9.6,0,0.01375,0.011,0.01375,0.01375,0,0,0,0
25/05/2006 00:00,0,0,13.79,1,323.5,0,2.21,618.11,17.881,0,250,250,154.5,0,9.6,0,0.01375,0.011,0.01375,0.01375,0,0,0,0
26/05/2006 00:00,0,0,13.44,1,326,0,2.21,618.11,17.881,0,250,250,154.5,0,9.6,0,0.01375,0.011,0.01375,0.01375,0,0,0,0
27/05/2006 00:00,0,0,12.91,1,329.9,0,2.21,618.11,17.881,0,250,250,154.5,0,9.6,0,0.01375,0.011,0.01375,0.01375,0,0,0,0
28/05/2006 00:00,0,0,11.11,1,343.7,0,2.21,618.11,17.881,0,250,250,154.5,0,9.6,0,0.01375,0.011,0.01375,0.01375,0,0,0,0
29/05/2006 00:00,0,0,11.16,1,343.3,0,2.21,618.11,17.881,0,250,250,154.5,0,9.6,0,0.01375,0.011,0.01375,0.01375,0,0,0,0
30/05/2006 00:00,0,0,10.75,1,346.6,0,2.21,618.11,17.881,0,250,250,154.5,0,9.6,0,0.01375,0.011,0.01375,0.01375,0,0,0,0
31/05/2006 00:00,0,0,12.13,1,335.7,0,2.21,618.11,17.881,0,250,250,154.5,0,9.6,0,0.01375,0.011,0.01375,0.01375,0,0,0,0
01/06/2006 00:00,0,0,12.15,1,335.6,0,2.21,618.11,17.881,0,250,250,154.5,0,9.6,0,0.01375,0.011,0.01375,0.01375,0,0,0,0
02/06/2006 00:00,0,0,10.75,1,346.5,0,2.21,618.11,17.881,0,250,250,154.5,0,9.6,0,0.01375,0.011,0.01375,0.01375,0,0,0,0
03/06/2006 00:00,0,0,12.67,1,331.6,0,2.21,618.11,17.881,0,250,250,154.5,0,9.6,0,0.01375,0.011,0.01375,0.01375,0,0,0,0
04/06/2006 00:00,0,0,11.97,1,336.9,0,2.21,618.11,17.881,0,250,250,154.5,0,9.6,0,0.01375,0.011,0.01375,0.01375,0,0,0,0
05/06/2006 00:00,0,0,11.04,1,344.2,0,2.21,618.11,17.881,0,250,250,154.5,0,9.6,0,0.01375,0.011,0.01375,0.01375,0,0,0,0
06/06/2006 00:00,0,0,11.62,1,339.7,0,2.21,618.11,17.881,0,250,250,154.5,0,9.6,0,0.01375,0.011,0.01375,0.01375,0,0,0,0
07/06/2006 00:00,0,0,12.83,1,330.5,0,2.21,618.11,17.881,0,250,250,154.5,0,9.6,0,0.01375,0.011,0.01375,0.01375,0,0,0,0
08/06/2006 00:00,0,0,12.38,1,333.8,0,2.21,618.11,17.881,0,250,250,154.5,0,9.6,0,0.01375,0.011,0.01375,0.01375,0,0,0,0
09/06/2006 00:00,0,0,12.86,1,330.3,0,2.21,618.11,17.881,0,250,250,154.5,0,9.6,0,0.01375,0.011,0.01375,0.01375,0,0,0,0
10/06/2006 00:00,0,0,13.09,1,328.6,0,2.21,618.11,17.881,0,250,250,154.5,0,9.6,0,0.01375,0.011,0.01375,0.01375,0,0,0,0
11/06/2006 00:00,0,0,10.01,1,352.6,0,2.21,618.11,17.881,0,250,250,154.5,0,9.6,0,0.01375,0.011,0.01375,0.01375,0,0,0,0
12/06/2006 00:00,0,0,8,1,370,0,2.21,618.11,17.881,0,250,250,154.5,0,9.6,0,0.01375,0.011,0.01375,0.01375,0,0,0,0
13/06/2006 00:00,0,0,10.19,1,351.1,0,2.21,618.11,17.881,0,250,250,154.5,0,9.6,0,0.01375,0.011,0.01375,0.01375,0,0,0,0
14/06/2006 00:00,0,0,8.95,1,361.6,0,2.21,618.11,17.881,0,250,250,154.5,0,9.6,0,0.01375,0.011,0.01375,0.01375,0,0,0,0
15/06/2006 00:00,0,0,8.78,1,363.1,0,2.21,618.11,17.881,0,250,250,154.5,0,9.6,0,0.01375,0.011,0.01375,0.01375,0,0,0,0
16/06/2006 00:00,0,0,10.17,1,351.3,0,2.21,618.11,17.881,0,250,250,154.5,0,9.6,0,0.01375,0.011,0.01375,0.01375,0,0,0,0
17/06/2006 00:00,0,0,10.79,1,346.2,0,2.21,618.11,17.881,0,250,250,154.5,0,9.6,0,0.01375,0.011,0.01375,0.01375,0,0,0,0
18/06/2006 00:00,0,0,10.64,1,347.4,0,2.21,618.11,17.881,0,250,250,154.5,0,9.6,0,0.01375,0.011,0.01375,0.01375,0,0,0,0
19/06/2006 00:00,0,0,10.47,1,348.8,0,2.21,618.11,17.881,0,250,250,154.5,0,9.6,0,0.01375,0.011,0.01375,0.01375,0,0,0,0
20/06/2006 00:00,0,0,12.46,1,333.2,0,2.21,618.11,17.881,0,250,250,154.5,0,9.6,0,0.01375,0.011,0.01375,0.01375,0,0,0,0
21/06/2006 00:00,0,0,12.59,1,332.3,0,2.21,618.11,17.881,0,250,250,154.5,0,9.6,0,0.01375,0.011,0.01375,0.01375,0,0,0,0
22/06/2006 00:00,0,0,12.49,1,333,0,2.21,618.11,17.881,0,250,250,154.5,0,9.6,0,0.01375,0.011,0.01375,0.01375,0,0,0,0
23/06/2006 00:00,0,0,12.75,1,331.1,0,2.21,618.11,17.881,0,250,250,154.5,0,9.6,0,0.01375,0.011,0.01375,0.01375,0,0,0,0
24/06/2006 00:00,0,0,11.8,1,338.3,0,2.21,618.11,17.881,0,250,250,154.5,0,9.6,0,0.01375,0.011,0.01375,0.01375,0,0,0,0
25/06/2006 00:00,0,0,9.16,1,359.8,0,2.21,618.11,17.881,0,250,250,154.5,0,9.6,0,0.01375,0.011,0.01375,0.01375,0,0,0,0
26/06/2006 00:00,0,0,9.86,1,353.8,0,2.21,618.11,17.881,0,250,250,154.5,0,9.6,0,0.01375,0.011,0.01375,0.01375,0,0,0,0
27/06/2006 00:00,0,0,9.63,1,355.8,0,2.21,618.11,17.881,0,250,250,154.5,0,9.6,0,0.01375,0.011,0.01375,0.01375,0,0,0,0
28/06/2006 00:00,0,0,8.13,1,368.8,0,2.21,618.11,17.881,0,250,250,154.5,0,9.6,0,0.01375,0.011,0.01375,0.01375,0,0,0,0
29/06/2006 00:00,0,0,10.94,1,345,0,2.21,618.11,17.881,0,250,250,154.5,0,9.6,0,0.01375,0.011,0.01375,0.01375,0,0,0,0
30/06/2006 00:00,0,0,10.01,1,352.6,0,2.21,618.11,17.881,0,250,250,154.5,0,9.6,0,0.01375,0.011,0.01375,0.01375,0,0,0,0
01/07/2006 00:00,0,0,11.95,1,337.1,0,2.21,618.11,17.881,0,250,250,154.5,0,9.6,0,0.01375,0.011,0.01375,0.01375,0,0,0,0
02/07/2006 00:00,0,0,10.88,1,345.5,0,2.21,618.11,17.881,0,250,250,154.5,0,9.6,0,0.01375,0.011,0.01375,0.01375,0,0,0,0
03/07/2006 00:00,0,0,11.79,1,338.4,0,2.21,618.11,17.881,0,250,250,154.5,0,9.6,0,0.01375,0.011,0.01375,0.01375,0,0,0,0
04/07/2006 00:00,0,0,12.87,1,330.2,0,2.21,618.11,17.881,0,250,250,154.5,0,9.6,0,0.01375,0.011,0.01375,0.01375,0,0,0,0
05/07/2006 00:00,0,0,11.2,1,343,0,2.21,618.11,17.881,0,250,250,154.5,0,9.6,0,0.01375,0.011,0.01375,0.01375,0,0,0,0
06/07/2006 00:00,0,0,11.79,1,338.3,0,2.21,618.11,17.881,0,250,250,154.5,0,9.6,0,0.01375,0.011,0.01375,0.01375,0,0,0,0
07/07/2006 00:00,0,0,9.24,1,359.1,0,2.21,618.11,17.881,0,250,250,154.5,0,9.6,0,0.01375,0.011,0.01375,0.01375,0,0,0,0
08/07/2006 00:00,0,0,8.48,1,365.7,0,2.21,618.11,17.881,0,250,250,154.5,0,9.6,0,0.01375,0.011,0.01375,0.01375,0,0,0,0
09/07/2006 00:00,0,0,8.13,1,368.9,0,2.21,618.11,17.881,0,250,250,154.5,0,9.6,0,0.01375,0.011,0.01375,0.01375,0,0,0,0
10/07/2006 00:00,0,0,10.08,1,352,0,2.21,618.11,17.881,0,250,250,154.5,0,9.6,0,0.01375,0.011,0.01375,0.01375,0,0,0,0
11/07/2006 00:00,0,0,15.31,1,313,0,2.21,618.11,17.881,0,250,250,154.5,0,9.6,0,0.01375,0.011,0.01375,0.01375,0,0,0,0
12/07/2006 00:00,0,0,12.12,1,335.8,0,2.21,618.11,17.881,0,250,250,154.5,0,9.6,0,0.01375,0.011,0.01375,0.01375,0,0,0,0
13/07/2006 00:00,0,0,9.49,1,356.9,0,2.21,618.11,17.881,0,250,250,154.5,0,9.6,0,0.01375,0.011,0.01375,0.01375,0,0,0,0
14/07/2006 00:00,0,0,11.23,1,342.7,0,2.21,618.11,17.881,0,250,250,154.5,0,9.6,0,0.01375,0.011,0.01375,0.01375,0,0,0,0
15/07/2006 00:00,0,0,13.3,1,327,0,2.21,618.11,17.881,0,250,250,154.5,0,9.6,0,0.01375,0.011,0.01375,0.01375,0,0,0,0
16/07/2006 00:00,0,0,12.55,1,332.5,0,2.21,618.11,17.881,0,250,250,154.5,0,9.6,0,0.01375,0.011,0.01375,0.01375,0,0,0,0
17/07/2006 00:00,0,0,12.7,1,331.5,0,2.21,618.11,17.881,0,250,250,154.5,0,9.6,0,0.01375,0.011,0.01375,0.01375,0,0,0,0
18/07/2006 00:00,0,0,11.83,1,338.1,0,2.21,618.11,17.881,0,250,250,154.5,0,9.6,0,0.01375,0.011,0.01375,0.01375,0,0,0,0
19/07/2006 00:00,0,0,10.12,1,351.7,0,2.21,618.11,17.881,0,250,250,154.5,0,9.6,0,0.01375,0.011,0.01375,0.01375,0,0,0,0
20/07/2006 00:00,0,0,10.31,1,350.1,0,2.21,618.11,17.881,0,250,250,154.5,0,9.6,0,0.01375,0.011,0.01375,0.01375,0,0,0,0
21/07/2006 00:00,0,0,12.31,1,334.4,0,2.21,618.11,17.881,0,250,250,154.5,0,9.6,0,0.01375,0.011,0.01375,0.01375,0,0,0,0
22/07/2006 00:00,0,0,11.77,1,338.5,0,2.21,618.11,17.881,0,250,250,154.5,0,9.6,0,0.01375,0.011,0.01375,0.01375,0,0,0,0
23/07/2006 00:00,0,0,11.15,1,343.3,0,2.21,618.11,17.881,0,250,250,154.5,0,9.6,0,0.01375,0.011,0.01375,0.01375,0,0,0,0
24/07/2006 00:00,0,0,11.65,1,339.4,0,2.21,618.11,17.881,0,250,250,154.5,0,9.6,0,0.01375,0.011,0.01375,0.01375,0,0,0,0
25/07/2006 00:00,0,0,12.53,1,332.7,0,2.21,618.11,17.881,0,250,250,154.5,0,9.6,0,0.01375,0.011,0.01375,0.01375,0,0,0,0
26/07/2006 00:00,0,0,11.9,1,337.5,0,2.21,618.11,17.881,0,250,250,154.5,0,9.6,0,0.01375,0.011,0.01375,0.01375,0,0,0,0
27/07/2006 00:00,0,0,11.95,1,337.1,0,2.21,618.11,17.881,0,250,250,154.5,0,9.6,0,0.01375,0.011,0.01375,0.01375,0,0,0,0
28/07/2006 00:00,0,0,11.98,1,336.9,0,2.21,618.11,17.881,0,250,250,154.5,0,9.6,0,0.01375,0.011,0.01375,0.01375,0,0,0,0
29/07/2006 00:00,0,0,13.46,1,325.9,0,2.21,618.11,17.881,0,250,250,154.5,0,9.6,0,0.01375,0.011,0.01375,0.01375,0,0,0,0
30/07/2006 00:00,0,0,11.64,1,339.5,0,2.21,618.11,17.881,0,250,250,154.5,0,9.6,0,0.01375,0.011,0.01375,0.01375,0,0,0,0
31/07/2006 00:00,0,0,11.54,1,340.3,0,2.21,618.11,17.881,0,250,250,154.5,0,9.6,0,0.01375,0.011,0.01375,0.01375,0,0,0,0
01/08/2006 00:00,0,0,10.58,1,347.9,0,2.21,618.11,17.881,0,250,250,154.5,0,9.6,0,0.01375,0.011,0.01375,0.01375,0,0,0,0
02/08/2006 00:00,0,0,9.41,1,357.7,0,2.21,618.11,17.881,0,250,250,154.5,0,9.6,0,0.01375,0.011,0.01375,0.01375,0,0,0,0
03/08/2006 00:00,0,0,10.59,1,347.8,0,2.21,618.11,17.881,0,250,250,154.5,0,9.6,0,0.01375,0.011,0.01375,0.01375,0,0,0,0
04/08/2006 00:00,0,0,10.22,1,350.9,0,2.21,618.11,17.881,0,250,250,154.5,0,9.6,0,0.01375,0.011,0.01375,0.01375,0,0,0,0
05/08/2006 00:00,0,0,11.89,1,337.6,0,2.21,618.11,17.881,0,250,250,154.5,0,9.6,0,0.01375,0.011,0.01375,0.01375,0,0,0,0
06/08/2006 00:00,0,0,12.61,1,332.1,0,2.21,618.11,17.881,0,250,250,154.5,0,9.6,0,0.01375,0.011,0.01375,0.01375,0,0,0,0
07/08/2006 00:00,0,0,11.64,1,339.5,0,2.21,618.11,17.881,0,250,250,154.5,0,9.6,0,0.01375,0.011,0.01375,0.01375,0,0,0,0
08/08/2006 00:00,0,0,11.07,1,344,0,2.21,618.11,17.881,0,250,250,154.5,0,9.6,0,0.01375,0.011,0.01375,0.01375,0,0,0,0
09/08/2006 00:00,0,0,13.28,1,327.1,0,2.21,618.11,17.881,0,250,250,154.5,0,9.6,0,0.01375,0.011,0.01375,0.01375,0,0,0,0
10/08/2006 00:00,0,0,11.53,1,340.4,0,2.21,618.11,17.881,0,250,250,154.5,0,9.6,0,0.01375,0.011,0.01375,0.01375,0,0,0,0
11/08/2006 00:00,0,0,11.61,1,339.7,0,2.21,618.11,17.881,0,250,250,154.5,0,9.6,0,0.01375,0.011,0.01375,0.01375,0,0,0,0
12/08/2006 00:00,0,0,11.06,1,344.1,0,2.21,618.11,17.881,0,250,250,154.5,0,9.6,0,0.01375,0.011,0.01375,0.01375,0,0,0,0
13/08/2006 00:00,0,0,12.78,1,330.9,0,2.21,618.11,17.881,0,250,250,154.5,0,9.6,0,0.01375,0.011,0.01375,0.01375,0,0,0,0
14/08/2006 00:00,0,0,12.96,1,329.5,0,2.21,618.11,17.881,0,250,250,154.5,0,9.6,0,0.01375,0.011,0.01375,0.01375,0,0,0,0
15/08/2006 00:00,0,0,13.52,1,325.5,0,2.21,618.11,17.881,0,250,250,154.5,0,9.6,0,0.01375,0.011,0.01375,0.01375,0,0,0,0
16/08/2006 00:00,0,0,14.68,1,317.2,0,2.21,618.11,17.881,0,250,250,154.5,0,9.6,0,0.01375,0.011,0.01375,0.01375,0,0,0,0
17/08/2006 00:00,0,0,16.34,1,306.2,0,2.21,618.11,17.881,0,250,250,154.5,0,9.6,0,0.01375,0.011,0.01375,0.01375,0,0,0,0
18/08/2006 00:00,0,0,14.57,1,318,0,2.21,618.11,17.881,0,250,250,154.5,0,9.6,0,0.01375,0.011,0.01375,0.01375,0,0,0,0
19/08/2006 00:00,0,0,12.18,1,335.3,0,2.21,618.11,17.881,0,250,250,154.5,0,9.6,0,0.01375,0.011,0.01375,0.01375,0,0,0,0
20/08/2006 00:00,0,0,10.32,1,350,0,2.21,618.11,17.881,0,250,250,154.5,0,9.6,0,0.01375,0.011,0.01375,0.01375,0,0,0,0
21/08/2006 00:00,0,0,12.04,1,336.4,0,2.21,618.11,17.881,0,250,250,154.5,0,9.6,0,0.01375,0.011,0.01375,0.01375,0,0,0,0
22/08/2006 00:00,0,0,14.95,1,315.4,0,2.21,618.11,17.881,0,250,250,154.5,0,9.6,0,0.01375,0.011,0.01375,0.01375,0,0,0,0
23/08/2006 00:00,0,0,13.68,1,324.3,0,2.21,618.11,17.881,0,250,250,154.5,0,9.6,0,0.01375,0.011,0.01375,0.01375,0,0,0,0
24/08/2006 00:00,0,0,14.39,1,319.3,0,2.21,618.11,17.881,0,250,250,154.5,0,9.6,0,0.01375,0.011,0.01375,0.01375,0,0,0,0
25/08/2006 00:00,0,0,14.03,1,321.8,0,2.21,618.11,17.881,0,250,250,154.5,0,9.6,0,0.01375,0.011,0.01375,0.01375,0,0,0,0
26/08/2006 00:00,0,0,12.36,1,334,0,2.21,618.11,17.881,0,250,250,154.5,0,9.6,0,0.01375,0.011,0.01375,0.01375,0,0,0,0
27/08/2006 00:00,0,0,14.68,1,317.2,0,2.21,618.11,17.881,0,250,250,154.5,0,9.6,0,0.01375,0.011,0.01375,0.01375,0,0,0,0
28/08/2006 00:00,0,0,14.52,1,318.4,0,2.21,618.11,17.881,0,250,250,154.5,0,9.6,0,0.01375,0.011,0.01375,0.01375,0,0,0,0
29/08/2006 00:00,0,0,14.38,1,319.3,0,2.21,618.11,17.881,0,250,250,154.5,0,9.6,0,0.01375,0.011,0.01375,0.01375,0,0,0,0
30/08/2006 00:00,0,0,14.95,1,315.4,0,2.21,618.11,17.881,0,250,250,154.5,0,9.6,0,0.01375,0.011,0.01375,0.01375,0,0,0,0
31/08/2006 00:00,0,0,16.08,1,307.9,0,2.21,618.11,17.881,0,250,250,154.5,0,9.6,0,0.01375,0.011,0.01375,0.01375,0,0,0,0
01/09/2006 00:00,0,0,17.81,1,297,0,2.21,618.11,17.881,0,250,250,154.5,0,9.6,0,0.01375,0.011,0.01375,0.01375,0,0,0,0
02/09/2006 00:00,0,0,19.96,1,284.3,0,2.21,618.11,17.881,0,250,250,154.5,0,9.6,0,0.01375,0.011,0.01375,0.01375,0,0,0,0
03/09/2006 00:00,0,0,20.25,1,282.7,0,2.21,618.11,17.881,0,250,250,154.5,0,9.6,0,0.01375,0.011,0.01375,0.01375,0,0,0,0
04/09/2006 00:00,0,0,13.87,1,322.9,0,2.21,618.11,17.881,0,250,250,154.5,0,9.6,0,0.01375,0.011,0.01375,0.01375,0,0,0,0
05/09/2006 00:00,0,0,14.8,1,316.5,0,2.21,618.11,17.881,0,250,250,154.5,0,9.6,0,0.01375,0.011,0.01375,0.01375,0,0,0,0
06/09/2006 00:00,0,0,13.82,1,323.3,0,2.21,618.11,17.881,0,250,250,154.5,0,9.6,0,0.01375,0.011,0.01375,0.01375,0,0,0,0
07/09/2006 00:00,0,0,11.78,1,338.4,0,2.21,618.11,17.881,0,250,250,154.5,0,9.6,0,0.01375,0.011,0.01375,0.01375,0,0,0,0
08/09/2006 00:00,0,0,13.02,1,329.1,0,2.21,618.11,17.881,0,250,250,154.5,0,9.6,0,0.01375,0.011,0.01375,0.01375,0,0,0,0
09/09/2006 00:00,0,0,11.91,1,337.4,0,2.21,618.11,17.881,0,250,250,154.5,0,9.6,0,0.01375,0.011,0.01375,0.01375,0,0,0,0
10/09/2006 00:00,0,0,11.76,1,338.6,0,2.21,618.11,17.881,0,250,250,154.5,0,9.6,0,0.01375,0.011,0.01375,0.01375,0,0,0,0
11/09/2006 00:00,0,0,12.07,1,336.2,0,2.21,618.11,17.881,0,250,250,154.5,0,9.6,0,0.01375,0.011,0.01375,0.01375,0,0,0,0
12/09/2006 00:00,0,0,12.76,1,331,0,2.21,618.11,17.881,0,250,250,154.5,0,9.6,0,0.01375,0.011,0.01375,0.01375,0,0,0,0
13/09/2006 00:00,0,0,14.22,1,320.5,0,2.21,618.11,17.881,0,250,250,154.5,0,9.6,0,0.01375,0.011,0.01375,0.01375,0,0,0,0
14/09/2006 00:00,0,0,15.11,1,314.3,0,2.21,618.11,17.881,0,250,250,154.5,0,9.6,0,0.01375,0.011,0.01375,0.01375,0,0,0,0
15/09/2006 00:00,0,0,14.17,1,320.8,0,2.21,618.11,17.881,0,250,250,154.5,0,9.6,0,0.01375,0.011,0.01375,0.01375,0,0,0,0
16/09/2006 00:00,0,0,14.87,1,316,0,2.21,618.11,17.881,0,250,250,154.5,0,9.6,0,0.01375,0.011,0.01375,0.01375,0,0,0,0
17/09/2006 00:00,0,0,16.26,1,306.7,0,2.21,618.11,17.881,0,250,250,154.5,0,9.6,0,0.01375,0.011,0.01375,0.01375,0,0,0,0
18/09/2006 00:00,0,0,18.49,1,292.9,0,2.21,618.11,17.881,0,250,250,154.5,0,9.6,0,0.01375,0.011,0.01375,0.01375,0,0,0,0
19/09/2006 00:00,0,0,20.72,1,280.1,0,2.21,618.11,17.881,0,250,250,154.5,0,9.6,0,0.01375,0.011,0.01375,0.01375,0,0,0,0
20/09/2006 00:00,0,0,21.26,1,277.1,0,2.21,618.11,17.881,0,250,250,154.5,0,9.6,0,0.01375,0.011,0.01375,0.01375,0,0,0,0
21/09/2006 00:00,0,0,17.96,1,296.1,0,2.21,618.11,17.881,0,250,250,154.5,0,9.6,0,0.01375,0.011,0.01375,0.01375,0,0,0,0
22/09/2006 00:00,0,0,21.08,1,278.1,0,2.21,618.11,17.881,0,250,250,154.5,0,9.6,0,0.01375,0.011,0.01375,0.01375,0,0,0,0
23/09/2006 00:00,0,0,21.95,1,273.5,0,2.21,618.11,17.881,0,250,250,154.5,0,9.6,0,0.01375,0.011,0.01375,0.01375,0,0,0,0
24/09/2006 00:00,0,0,23.42,1,265.9,0,2.21,618.11,17.881,0,250,250,154.5,0,9.6,0,0.01375,0.011,0.01375,0.01375,0,0,0,0
25/09/2006 00:00,0,0,13.72,1,324,0,2.21,618.11,17.881,0,250,250,154.5,0,9.6,0,0.01375,0.011,0.01375,0.01375,0,0,0,0
26/09/2006 00:00,0,0,14.5,1,318.5,0,2.21,618.11,17.881,0,250,250,154.5,0,9.6,0,0.01375,0.011,0.01375,0.01375,0,0,0,0
27/09/2006 00:00,0,0,18.67,1,291.8,0,2.21,618.11,17.881,0,250,250,154.5,0,9.6,0,0.01375,0.011,0.01375,0.01375,0,0,0,0
28/09/2006 00:00,0,0,15.82,1,309.6,0,2.21,618.11,17.881,0,250,250,154.5,0,9.6,0,0.01375,0.011,0.01375,0.01375,0,0,0,0
29/09/2006 00:00,0,0,19.42,1,287.4,0,2.21,618.11,17.881,0,250,250,154.5,0,9.6,0,0.01375,0.011,0.01375,0.01375,0,0,0,0
30/09/2006 00:00,0,0,14.68,1,317.3,0,2.21,618.11,17.881,0,250,250,154.5,0,9.6,0,0.01375,0.011,0.01375,0.01375,0,0,0,0
01/10/2006 00:00,0,0,15.65,1,310.7,0,2.21,618.11,17.881,0,250,250,154.5,0,9.6,0,0.01375,0.011,0.01375,0.01375,0,0,0,0
02/10/2006 00:00,0,0,18.98,1,289.9,0,2.21,618.11,17.881,0,250,250,154.5,0,9.6,0,0.01375,0.011,0.01375,0.01375,0,0,0,0
03/10/2006 00:00,0,0,15.11,1,314.4,0,2.21,618.11,17.881,0,250,250,154.5,0,9.6,0,0.01375,0.011,0.01375,0.01375,0,0,0,0
04/10/2006 00:00,0,0,16.51,1,305.1,0,2.21,618.11,17.881,0,250,250,154.5,0,9.6,0,0.01375,0.011,0.01375,0.01375,0,0,0,0
05/10/2006 00:00,0,0,20.89,1,279.2,0,2.21,618.11,17.881,0,250,250,154.5,0,9.6,0,0.01375,0.011,0.01375,0.01375,0,0,0,0
06/10/2006 00:00,0,0,14.75,1,316.8,0,2.21,618.11,17.881,0,250,250,154.5,0,9.6,0,0.01375,0.011,0.01375,0.01375,0,0,0,0
07/10/2006 00:00,0,0,19.08,1,289.4,0,2.21,618.11,17.881,0,250,250,154.5,0,9.6,0,0.01375,0.011,0.01375,0.01375,0,0,0,0
08/10/2006 00:00,0,0,19,1,289.8,0,2.21,618.11,17.881,0,250,250,154.5,0,9.6,0,0.01375,0.011,0.01375,0.01375,0,0,0,0
09/10/2006 00:00,0,0,12.85,1,330.3,0,2.21,618.11,17.881,0,250,250,154.5,0,9.6,0,0.01375,0.011,0.01375,0.01375,0,0,0,0
10/10/2006 00:00,0,0,14.13,1,321.1,0,2.21,618.11,17.881,0,250,250,154.5,0,9.6,0,0.01375,0.011,0.01375,0.01375,0,0,0,0
11/10/2006 00:00,0,0,18.03,1,295.6,0,2.21,618.11,17.881,0,250,250,154.5,0,9.6,0,0.01375,0.011,0.01375,0.01375,0,0,0,0
12/10/2006 00:00,0,0,22.67,1,269.7,0,2.21,618.11,17.881,0,250,250,154.5,0,9.6,0,0.01375,0.011,0.01375,0.01375,0,0,0,0
13/10/2006 00:00,0,0,26.54,1,251,0,2.21,618.11,17.881,0,250,250,154.5,0,9.6,0,0.01375,0.011,0.01375,0.01375,0,0,0,0
14/10/2006 00:00,0,0,27.85,1,245.2,0,2.21,618.11,17.881,0,250,250,154.5,0,9.6,0,0.01375,0.011,0.01375,0.01375,0,0,0,0
15/10/2006 00:00,0,0,17.29,1,300.2,0,2.21,618.11,17.881,0,250,250,154.5,0,9.6,0,0.01375,0.011,0.01375,0.01375,0,0,0,0
16/10/2006 00:00,0,0,14.35,1,319.5,0,2.21,618.11,17.881,0,250,250,154.5,0,9.6,0,0.01375,0.011,0.01375,0.01375,0,0,0,0
17/10/2006 00:00,0,0,16.41,1,305.8,0,2.21,618.11,17.881,0,250,250,154.5,0,9.6,0,0.01375,0.011,0.01375,0.01375,0,0,0,0
18/10/2006 00:00,0,0,23.93,1,263.3,0,2.21,618.11,17.881,0,250,250,154.5,0,9.6,0,0.01375,0.011,0.01375,0.01375,0,0,0,0
19/10/2006 00:00,0,0,20.62,1,280.6,0,2.21,618.11,17.881,0,250,250,154.5,0,9.6,0,0.01375,0.011,0.01375,0.01375,0,0,0,0
20/10/2006 00:00,0,0,19.17,1,288.9,0,2.21,618.11,17.881,0,250,250,154.5,0,9.6,0,0.01375,0.011,0.01375,0.01375,0,0,0,0
21/10/2006 00:00,0,0,13.27,1,327.2,0,2.21,618.11,17.881,0,250,250,154.5,0,9.6,0,0.01375,0.011,0.01375,0.01375,0,0,0,0
22/10/2006 00:00,0,0,11.68,1,339.2,0,2.21,618.11,17.881,0,250,250,154.5,0,9.6,0,0.01375,0.011,0.01375,0.01375,0,0,0,0
23/10/2006 00:00,0,0,13.54,1,325.3,0,2.21,618.11,17.881,0,250,250,154.5,0,9.6,0,0.01375,0.011,0.01375,0.01375,0,0,0,0
24/10/2006 00:00,0,0,16.75,1,303.5,0,2.21,618.11,17.881,0,250,250,154.5,0,9.6,0,0.01375,0.011,0.01375,0.01375,0,0,0,0
25/10/2006 00:00,0,0,21.37,1,276.5,0,2.21,618.11,17.881,0,250,250,154.5,0,9.6,0,0.01375,0.011,0.01375,0.01375,0,0,0,0
26/10/2006 00:00,0,0,16.2,1,307.1,0,2.21,618.11,17.881,0,250,250,154.5,0,9.6,0,0.01375,0.011,0.01375,0.01375,0,0,0,0
27/10/2006 00:00,0,0,20.92,1,279,0,2.21,618.11,17.881,0,250,250,154.5,0,9.6,0,0.01375,0.011,0.01375,0.01375,0,0,0,0
28/10/2006 00:00,0,0,14.33,1,319.7,0,2.21,618.11,17.881,0,250,250,154.5,0,9.6,0,0.01375,0.011,0.01375,0.01375,0,0,0,0
29/10/2006 00:00,0,0,11.86,1,337.8,0,2.21,618.11,17.881,0,250,250,154.5,0,9.6,0,0.01375,0.011,0.01375,0.01375,0,0,0,0
30/10/2006 00:00,0,0,14.03,1,321.8,0,2.21,618.11,17.881,0,250,250,154.5,0,9.6,0,0.01375,0.011,0.01375,0.01375,0,0,0,0
31/10/2006 00:00,0,0,18.5,1,292.8,0,2.21,618.11,17.881,0,250,250,154.5,0,9.6,0,0.01375,0.011,0.01375,0.01375,0,0,0,0
01/11/2006 00:00,0,0,19.2,1,288.7,0,2.21,618.11,17.881,0,250,250,154.5,0,9.6,0,0.01375,0.011,0.01375,0.01375,0,0,0,0
02/11/2006 00:00,0,0,20.88,1,279.2,0,2.21,618.11,17.881,0,250,250,154.5,0,9.6,0,0.01375,0.011,0.01375,0.01375,0,0,0,0
03/11/2006 00:00,0,0,19.25,1,288.4,0,2.21,618.11,17.881,0,250,250,154.5,0,9.6,0,0.01375,0.011,0.01375,0.01375,0,0,0,0
04/11/2006 00:00,0,0,15.83,1,309.5,0,2.21,618.11,17.881,0,250,250,154.5,0,9.6,0,0.01375,0.011,0.01375,0.01375,0,0,0,0
05/11/2006 00:00,0,0,15.12,1,314.3,0,2.21,618.11,17.881,0,250,250,154.5,0,9.6,0,0.01375,0.011,0.01375,0.01375,0,0,0,0
06/11/2006 00:00,0,0,16.42,1,305.6,0,2.21,618.11,17.881,0,250,250,154.5,0,9.6,0,0.01375,0.011,0.01375,0.01375,0,0,0,0
07/11/2006 00:00,0,0,15.67,1,310.5,0,2.21,618.11,17.881,0,250,250,154.5,0,9.6,0,0.01375,0.011,0.01375,0.01375,0,0,0,0
08/11/2006 00:00,0,0,14.79,1,316.5,0,2.21,618.11,17.881,0,250,250,154.5,0,9.6,0,0.01375,0.011,0.01375,0.01375,0,0,0,0
09/11/2006 00:00,0,0,14.46,1,318.8,0,2.21,618.11,17.881,0,250,250,154.5,0,9.6,0,0.01375,0.011,0.01375,0.01375,0,0,0,0
10/11/2006 00:00,0,0,18.24,1,294.4,0,2.21,618.11,17.881,0,250,250,154.5,0,9.6,0,0.01375,0.011,0.01375,0.01375,0,0,0,0
11/11/2006 00:00,0,0,21.94,1,273.5,0,2.21,618.11,17.881,0,250,250,154.5,0,9.6,0,0.01375,0.011,0.01375,0.01375,0,0,0,0
12/11/2006 00:00,0,0,23.98,1,263.1,0,2.21,618.11,17.881,0,250,250,154.5,0,9.6,0,0.01375,0.011,0.01375,0.01375,0,0,0,0
13/11/2006 00:00,0,0,22.22,1,272,0,2.21,618.11,17.881,0,250,250,154.5,0,9.6,0,0.01375,0.011,0.01375,0.01375,0,0,0,0
14/11/2006 00:00,0,0,17.95,1,296.1,0,2.21,618.11,17.881,0,250,250,154.5,0,9.6,0,0.01375,0.011,0.01375,0.01375,0,0,0,0
15/11/2006 00:00,0,0,17.42,1,299.4,0,2.21,618.11,17.881,0,250,250,154.5,0,9.6,0,0.01375,0.011,0.01375,0.01375,0,0,0,0
16/11/2006 00:00,0,0,12.05,1,336.3,0,2.21,618.11,17.881,0,250,250,154.5,0,9.6,0,0.01375,0.011,0.01375,0.01375,0,0,0,0
17/11/2006 00:00,0,0,12.93,1,329.7,0,2.21,618.11,17.881,0,250,250,154.5,0,9.6,0,0.01375,0.011,0.01375,0.01375,0,0,0,0
18/11/2006 00:00,0,0,17.07,1,301.6,0,2.21,618.11,17.881,0,250,250,154.5,0,9.6,0,0.01375,0.011,0.01375,0.01375,0,0,0,0
19/11/2006 00:00,0,0,18.14,1,294.9,0,2.21,618.11,17.881,0,250,250,154.5,0,9.6,0,0.01375,0.011,0.01375,0.01375,0,0,0,0
20/11/2006 00:00,0,0,22.87,1,268.7,0,2.21,618.11,17.881,0,250,250,154.5,0,9.6,0,0.01375,0.011,0.01375,0.01375,0,0,0,0
21/11/2006 00:00,0,0,28.37,1,243,0,2.21,618.11,17.881,0,250,250,154.5,0,9.6,0,0.01375,0.011,0.01375,0.01375,0,0,0,0
22/11/2006 00:00,0,0,27.83,1,245.3,0,2.21,618.11,17.881,0,250,250,154.5,0,9.6,0,0.01375,0.011,0.01375,0.01375,0,0,0,0
23/11/2006 00:00,0,0,20.99,1,278.6,0,2.21,618.11,17.881,0,250,250,154.5,0,9.6,0,0.01375,0.011,0.01375,0.01375,0,0,0,0
24/11/2006 00:00,0,0,19.82,1,285.1,0,2.21,618.11,17.881,0,250,250,154.5,0,9.6,0,0.01375,0.011,0.01375,0.01375,0,0,0,0
25/11/2006 00:00,0,0,23.06,1,267.7,0,2.21,618.11,17.881,0,250,250,154.5,0,9.6,0,0.01375,0.011,0.01375,0.01375,0,0,0,0
26/11/2006 00:00,0,0,18.6,1,292.2,0,2.21,618.11,17.881,0,250,250,154.5,0,9.6,0,0.01375,0.011,0.01375,0.01375,0,0,0,0
27/11/2006 00:00,0,0,19.63,1,286.2,0,2.21,618.11,17.881,0,250,250,154.5,0,9.6,0,0.01375,0.011,0.01375,0.01375,0,0,0,0
28/11/2006 00:00,0,0,26.65,1,250.5,0,2.21,618.11,17.881,0,250,250,154.5,0,9.6,0,0.01375,0.011,0.01375,0.01375,0,0,0,0
29/11/2006 00:00,0,0,21.64,1,275.1,0,2.21,618.11,17.881,0,250,250,154.5,0,9.6,0,0.01375,0.011,0.01375,0.01375,0,0,0,0
30/11/2006 00:00,0,0,17.74,1,297.4,0,2.21,618.11,17.881,0,250,250,154.5,0,9.6,0,0.01375,0.011,0.01375,0.01375,0,0,0,0
01/12/2006 00:00,0,0,27,1,249,0,2.21,618.11,17.881,0,250,250,154.5,0,9.6,0,0.01375,0.011,0.01375,0.01375,0,0,0,0
02/12/2006 00:00,0,0,21.91,1,273.7,0,2.21,618.11,17.881,0,250,250,154.5,0,9.6,0,0.01375,0.011,0.01375,0.01375,0,0,0,0
03/12/2006 00:00,0,0,15.29,1,313.1,0,2.21,618.11,17.881,0,250,250,154.5,0,9.6,0,0.01375,0.011,0.01375,0.01375,0,0,0,0
04/12/2006 00:00,0,0,15.92,1,308.9,0,2.21,618.11,17.881,0,250,250,154.5,0,9.6,0,0.01375,0.011,0.01375,0.01375,0,0,0,0
05/12/2006 00:00,0,0,17.69,1,297.7,0,2.21,618.11,17.881,0,250,250,154.5,0,9.6,0,0.01375,0.011,0.01375,0.01375,0,0,0,0
06/12/2006 00:00,0,0,21.28,1,277,0,2.21,618.11,17.881,0,250,250,154.5,0,9.6,0,0.01375,0.011,0.01375,0.01375,0,0,0,0
07/12/2006 00:00,0,0,21.42,1,276.3,0,2.21,618.11,17.881,0,250,250,154.5,0,9.6,0,0.01375,0.011,0.01375,0.01375,0,0,0,0
08/12/2006 00:00,0,0,20.5,1,281.3,0,2.21,618.11,17.881,0,250,250,154.5,0,9.6,0,0.01375,0.011,0.01375,0.01375,0,0,0,0
09/12/2006 00:00,0,0,20.4,1,281.8,0,2.21,618.11,17.881,0,250,250,154.5,0,9.6,0,0.01375,0.011,0.01375,0.01375,0,0,0,0
10/12/2006 00:00,0,0,21.37,1,276.5,0,2.21,618.11,17.881,0,250,250,154.5,0,9.6,0,0.01375,0.011,0.01375,0.01375,0,0,0,0
11/12/2006 00:00,0,0,24.13,1,262.4,0,2.21,618.11,17.881,0,250,250,154.5,0,9.6,0,0.01375,0.011,0.01375,0.01375,0,0,0,0
12/12/2006 00:00,0,0,15.6,1,311,0,2.21,618.11,17.881,0,250,250,154.5,0,9.6,0,0.01375,0.011,0.01375,0.01375,0,0,0,0
13/12/2006 00:00,0,0,19.24,1,288.5,0,2.21,618.11,17.881,0,250,250,154.5,0,9.6,0,0.01375,0.011,0.01375,0.01375,0,0,0,0
14/12/2006 00:00,0,0,26.22,1,252.5,0,2.21,618.11,17.881,0,250,250,154.5,0,9.6,0,0.01375,0.011,0.01375,0.01375,0,0,0,0
15/12/2006 00:00,0,0,17.95,1,296.1,0,2.21,618.11,17.881,0,250,250,154.5,0,9.6,0,0.01375,0.011,0.01375,0.01375,0,0,0,0
16/12/2006 00:00,0,0,16.85,1,302.9,0,2.21,618.11,17.881,0,250,250,154.5,0,9.6,0,0.01375,0.011,0.01375,0.01375,0,0,0,0
17/12/2006 00:00,0,0,17.61,1,298.2,0,2.21,618.11,17.881,0,250,250,154.5,0,9.6,0,0.01375,0.011,0.01375,0.01375,0,0,0,0
18/12/2006 00:00,0,0,19.42,1,287.4,0,2.21,618.11,17.881,0,250,250,154.5,0,9.6,0,0.01375,0.011,0.01375,0.01375,0,0,0,0
19/12/2006 00:00,0,0,19.27,1,288.3,0,2.21,618.11,17.881,0,250,250,154.5,0,9.6,0,0.01375,0.011,0.01375,0.01375,0,0,0,0
20/12/2006 00:00,0,0,19.74,1,285.6,0,2.21,618.11,17.881,0,250,250,154.5,0,9.6,0,0.01375,0.011,0.01375,0.01375,0,0,0,0
21/12/2006 00:00,0,0,20.85,1,279.4,0,2.21,618.11,17.881,0,250,250,154.5,0,9.6,0,0.01375,0.011,0.01375,0.01375,0,0,0,0
22/12/2006 00:00,0,0,22.34,1,271.4,0,2.21,618.11,17.881,0,250,250,154.5,0,9.6,0,0.01375,0.011,0.01375,0.01375,0,0,0,0
23/12/2006 00:00,0,0,23.36,1,266.2,0,2.21,618.11,17.881,0,250,250,154.5,0,9.6,0,0.01375,0.011,0.01375,0.01375,0,0,0,0
24/12/2006 00:00,0,0,21.48,1,276,0,2.21,618.11,17.881,0,250,250,154.5,0,9.6,0,0.01375,0.011,0.01375,0.01375,0,0,0,0
25/12/2006 00:00,0,0,19.85,1,284.9,0,2.21,618.11,17.881,0,250,250,154.5,0,9.6,0,0.01375,0.011,0.01375,0.01375,0,0,0,0
26/12/2006 00:00,0,0,15.01,1,315,0,2.21,618.11,17.881,0,250,250,154.5,0,9.6,0,0.01375,0.011,0.01375,0.01375,0,0,0,0
27/12/2006 00:00,0,0,18.45,1,293.1,0,2.21,618.11,17.881,0,250,250,154.5,0,9.6,0,0.01375,0.011,0.01375,0.01375,0,0,0,0
28/12/2006 00:00,0,0,19.83,1,285.1,0,2.21,618.11,17.881,0,250,250,154.5,0,9.6,0,0.01375,0.011,0.01375,0.01375,0,0,0,0
29/12/2006 00:00,0,0,21.3,1,276.9,0,2.21,618.11,17.881,0,250,250,154.5,0,9.6,0,0.01375,0.011,0.01375,0.01375,0,0,0,0
30/12/2006 00:00,0,0,18.87,1,290.6,0,2.21,618.11,17.881,0,250,250,154.5,0,9.6,0,0.01375,0.011,0.01375,0.01375,0,0,0,0
31/12/2006 00:00,0,0,19.09,1,289.3,0,2.21,618.11,17.881,0,250,250,154.5,0,9.6,0,0.01375,0.011,0.01375,0.01375,0,0,0,0
01/01/2007 00:00,0,0,19.92,1,284.5,0,2.21,618.11,17.881,0,250,250,154.5,0,9.6,0,0.01375,0.011,0.01375,0.01375,0,0,0,0
02/01/2007 00:00,0,0,18.88,1,290.6,0,2.21,618.11,17.881,0,250,250,154.5,0,9.6,0,0.01375,0.011,0.01375,0.01375,0,0,0,0
03/01/2007 00:00,0,0,17.75,1,297.3,0,2.21,618.11,17.881,0,250,250,154.5,0,9.6,0,0.01375,0.011,0.01375,0.01375,0,0,0,0
04/01/2007 00:00,0,0,19.49,1,287,0,2.21,618.11,17.881,0,250,250,154.5,0,9.6,0,0.01375,0.011,0.01375,0.01375,0,0,0,0
05/01/2007 00:00,0,0,20.82,1,279.5,0,2.21,618.11,17.881,0,250,250,154.5,0,9.6,0,0.01375,0.011,0.01375,0.01375,0,0,0,0
06/01/2007 00:00,0,0,22.99,1,268.1,0,2.21,618.11,17.881,0,250,250,154.5,0,9.6,0,0.01375,0.011,0.01375,0.01375,0,0,0,0
07/01/2007 00:00,0,0,24.16,1,262.3,0,2.21,618.11,17.881,0,250,250,154.5,0,9.6,0,0.01375,0.011,0.01375,0.01375,0,0,0,0
08/01/2007 00:00,0,0,19.74,1,285.6,0,2.21,618.11,17.881,0,250,250,154.5,0,9.6,0,0.01375,0.011,0.01375,0.01375,0,0,0,0
09/01/2007 00:00,0,0,18.89,1,290.5,0,2.21,618.11,17.881,0,250,250,154.5,0,9.6,0,0.01375,0.011,0.01375,0.01375,0,0,0,0
10/01/2007 00:00,0,0,20.26,1,282.6,0,2.21,618.11,17.881,0,250,250,154.5,0,9.6,0,0.01375,0.011,0.01375,0.01375,0,0,0,0
11/01/2007 00:00,0,0,23.7,1,264.5,0,2.21,618.11,17.881,0,250,250,154.5,0,9.6,0,0.01375,0.011,0.01375,0.01375,0,0,0,0
12/01/2007 00:00,0,0,26.23,1,252.4,0,2.21,618.11,17.881,0,250,250,154.5,0,9.6,0,0.01375,0.011,0.01375,0.01375,0,0,0,0
13/01/2007 00:00,0,0,21.13,1,277.9,0,2.21,618.11,17.881,0,250,250,154.5,0,9.6,0,0.01375,0.011,0.01375,0.01375,0,0,0,0
14/01/2007 00:00,0,0,19.73,1,285.6,0,2.21,618.11,17.881,0,250,250,154.5,0,9.6,0,0.01375,0.011,0.01375,0.01375,0,0,0,0
15/01/2007 00:00,0,0,19.47,1,287.1,0,2.21,618.11,17.881,0,250,250,154.5,0,9.6,0,0.01375,0.011,0.01375,0.01375,0,0,0,0
16/01/2007 00:00,0,0,21.64,1,275.1,0,2.21,618.11,17.881,0,250,250,154.5,0,9.6,0,0.01375,0.011,0.01375,0.01375,0,0,0,0
17/01/2007 00:00,0,0,23.68,1,264.6,0,2.21,618.11,17.881,0,250,250,154.5,0,9.6,0,0.01375,0.011,0.01375,0.01375,0,0,0,0
18/01/2007 00:00,0,0,23,1,268,0,2.21,618.11,17.881,0,250,250,154.5,0,9.6,0,0.01375,0.011,0.01375,0.01375,0,0,0,0
19/01/2007 00:00,0,0,23.46,1,265.7,0,2.21,618.11,17.881,0,250,250,154.5,0,9.6,0,0.01375,0.011,0.01375,0.01375,0,0,0,0
20/01/2007 00:00,0,0,25.73,1,254.8,0,2.21,618.11,17.881,0,250,250,154.5,0,9.6,0,0.01375,0.011,0.01375,0.01375,0,0,0,0
21/01/2007 00:00,0,0,29.89,1,236.7,0,2.21,618.11,17.881,0,250,250,154.5,0,9.6,0,0.01375,0.011,0.01375,0.01375,0,0,0,0
22/01/2007 00:00,0,0,22.97,1,268.2,0,2.21,618.11,17.881,0,250,250,154.5,0,9.6,0,0.01375,0.011,0.01375,0.01375,0,0,0,0
23/01/2007 00:00,0,0,23.87,1,263.7,0,2.21,618.11,17.881,0,250,250,154.5,0,9.6,0,0.01375,0.011,0.01375,0.01375,0,0,0,0
24/01/2007 00:00,0,0,23.94,1,263.3,0,2.21,618.11,17.881,0,250,250,154.5,0,9.6,0,0.01375,0.011,0.01375,0.01375,0,0,0,0
25/01/2007 00:00,0,0,21.89,1,273.8,0,2.21,618.11,17.881,0,250,250,154.5,0,9.6,0,0.01375,0.011,0.01375,0.01375,0,0,0,0
26/01/2007 00:00,0,0,22.86,1,268.7,0,2.21,618.11,17.881,0,250,250,154.5,0,9.6,0,0.01375,0.011,0.01375,0.01375,0,0,0,0
27/01/2007 00:00,0,0,22.38,1,271.2,0,2.21,618.11,17.881,0,250,250,154.5,0,9.6,0,0.01375,0.011,0.01375,0.01375,0,0,0,0
28/01/2007 00:00,0,0,20.03,1,283.9,0,2.21,618.11,17.881,0,250,250,154.5,0,9.6,0,0.01375,0.011,0.01375,0.01375,0,0,0,0
29/01/2007 00:00,0,0,21.77,1,274.4,0,2.21,618.11,17.881,0,250,250,154.5,0,9.6,0,0.01375,0.011,0.01375,0.01375,0,0,0,0
30/01/2007 00:00,0,0,23.69,1,264.6,0,2.21,618.11,17.881,0,250,250,154.5,0,9.6,0,0.01375,0.011,0.01375,0.01375,0,0,0,0
31/01/2007 00:00,0,0,20.53,1,281.1,0,2.21,618.11,17.881,0,250,250,154.5,0,9.6,0,0.01375,0.011,0.01375,0.01375,0,0,0,0
01/02/2007 00:00,0,0,19.57,1,286.6,0,2.21,618.11,17.881,0,250,250,154.5,0,9.6,0,0.01375,0.011,0.01375,0.01375,0,0,0,0
02/02/2007 00:00,0,0,21.74,1,274.6,0,2.21,618.11,17.881,0,250,250,154.5,0,9.6,0,0.01375,0.011,0.01375,0.01375,0,0,0,0
03/02/2007 00:00,0,0,22.09,1,272.7,0,2.21,618.11,17.881,0,250,250,154.5,0,9.6,0,0.01375,0.011,0.01375,0.01375,0,0,0,0
04/02/2007 00:00,0,0,20.83,1,279.5,0,2.21,618.11,17.881,0,250,250,154.5,0,9.6,0,0.01375,0.011,0.01375,0.01375,0,0,0,0
05/02/2007 00:00,0,0,21.48,1,276,0,2.21,618.11,17.881,0,250,250,154.5,0,9.6,0,0.01375,0.011,0.01375,0.01375,0,0,0,0
06/02/2007 00:00,0,0,21.29,1,277,0,2.21,618.11,17.881,0,250,250,154.5,0,9.6,0,0.01375,0.011,0.01375,0.01375,0,0,0,0
07/02/2007 00:00,0,0,20.4,1,281.8,0,2.21,618.11,17.881,0,250,250,154.5,0,9.6,0,0.01375,0.011,0.01375,0.01375,0,0,0,0
08/02/2007 00:00,0,0,20.43,1,281.7,0,2.21,618.11,17.881,0,250,250,154.5,0,9.6,0,0.01375,0.011,0.01375,0.01375,0,0,0,0
09/02/2007 00:00,0,0,21.52,1,275.8,0,2.21,618.11,17.881,0,250,250,154.5,0,9.6,0,0.01375,0.011,0.01375,0.01375,0,0,0,0
10/02/2007 00:00,0,0,23.02,1,267.9,0,2.21,618.11,17.881,0,250,250,154.5,0,9.6,0,0.01375,0.011,0.01375,0.01375,0,0,0,0
11/02/2007 00:00,0,0,20.94,1,278.9,0,2.21,618.11,17.881,0,250,250,154.5,0,9.6,0,0.01375,0.011,0.01375,0.01375,0,0,0,0
12/02/2007 00:00,0,0,19.16,1,288.9,0,2.21,618.11,17.881,0,250,250,154.5,0,9.6,0,0.01375,0.011,0.01375,0.01375,0,0,0,0
13/02/2007 00:00,0,0,19.09,1,289.3,0,2.21,618.11,17.881,0,250,250,154.5,0,9.6,0,0.01375,0.011,0.01375,0.01375,0,0,0,0
14/02/2007 00:00,0,0,19.76,1,285.4,0,2.21,618.11,17.881,0,250,250,154.5,0,9.6,0,0.01375,0.011,0.01375,0.01375,0,0,0,0
15/02/2007 00:00,0,0,20.31,1,282.3,0,2.21,618.11,17.881,0,250,250,154.5,0,9.6,0,0.01375,0.011,0.01375,0.01375,0,0,0,0
16/02/2007 00:00,0,0,22,1,273.2,0,2.21,618.11,17.881,0,250,250,154.5,0,9.6,0,0.01375,0.011,0.01375,0.01375,0,0,0,0
17/02/2007 00:00,0,0,22.43,1,271,0,2.21,618.11,17.881,0,250,250,154.5,0,9.6,0,0.01375,0.011,0.01375,0.01375,0,0,0,0
18/02/2007 00:00,0,0,21.85,1,274,0,2.21,618.11,17.881,0,250,250,154.5,0,9.6,0,0.01375,0.011,0.01375,0.01375,0,0,0,0
19/02/2007 00:00,0,0,22.64,1,269.9,0,2.21,618.11,17.881,0,250,250,154.5,0,9.6,0,0.01375,0.011,0.01375,0.01375,0,0,0,0
20/02/2007 00:00,0,0,21.39,1,276.4,0,2.21,618.11,17.881,0,250,250,154.5,0,9.6,0,0.01375,0.011,0.01375,0.01375,0,0,0,0
21/02/2007 00:00,0,0,21.73,1,274.6,0,2.21,618.11,17.881,0,250,250,154.5,0,9.6,0,0.01375,0.011,0.01375,0.01375,0,0,0,0
22/02/2007 00:00,0,0,22.36,1,271.3,0,2.21,618.11,17.881,0,250,250,154.5,0,9.6,0,0.01375,0.011,0.01375,0.01375,0,0,0,0
23/02/2007 00:00,0,0,24.08,1,262.6,0,2.21,618.11,17.881,0,250,250,154.5,0,9.6,0,0.01375,0.011,0.01375,0.01375,0,0,0,0
24/02/2007 00:00,0,0,23.79,1,264.1,0,2.21,618.11,17.881,0,250,250,154.5,0,9.6,0,0.01375,0.011,0.01375,0.01375,0,0,0,0
25/02/2007 00:00,0,0,20.66,1,280.4,0,2.21,618.11,17.881,0,250,250,154.5,0,9.6,0,0.01375,0.011,0.01375,0.01375,0,0,0,0
26/02/2007 00:00,0,0,20.25,1,282.7,0,2.21,618.11,17.881,0,250,250,154.5,0,9.6,0,0.01375,0.011,0.01375,0.01375,0,0,0,0
27/02/2007 00:00,0,0,20.37,1,282,0,2.21,618.11,17.881,0,250,250,154.5,0,9.6,0,0.01375,0.011,0.01375,0.01375,0,0,0,0
28/02/2007 00:00,0,0,21.46,1,276.1,0,2.21,618.11,17.881,0,250,250,154.5,0,9.6,0,0.01375,0.011,0.01375,0.01375,0,0,0,0
01/03/2007 00:00,0,0,20.95,1,278.8,0,2.21,618.11,17.881,0,250,250,154.5,0,9.6,0,0.01375,0.011,0.01375,0.01375,0,0,0,0
02/03/2007 00:00,0,0,21.8,1,274.2,0,2.21,618.11,17.881,0,250,250,154.5,0,9.6,0,0.01375,0.011,0.01375,0.01375,0,0,0,0
03/03/2007 00:00,0,0,25.29,1,256.8,0,2.21,618.11,17.881,0,250,250,154.5,0,9.6,0,0.01375,0.011,0.01375,0.01375,0,0,0,0
04/03/2007 00:00,0,0,26.89,1,249.5,0,2.21,618.11,17.881,0,250,250,154.5,0,9.6,0,0.01375,0.011,0.01375,0.01375,0,0,0,0
05/03/2007 00:00,0,0,22.44,1,270.9,0,2.21,618.11,17.881,0,250,250,154.5,0,9.6,0,0.01375,0.011,0.01375,0.01375,0,0,0,0
06/03/2007 00:00,0,0,18.77,1,291.2,0,2.21,618.11,17.881,0,250,250,154.5,0,9.6,0,0.01375,0.011,0.01375,0.01375,0,0,0,0
07/03/2007 00:00,0,0,20.42,1,281.7,0,2.21,618.11,17.881,0,250,250,154.5,0,9.6,0,0.01375,0.011,0.01375,0.01375,0,0,0,0
08/03/2007 00:00,0,0,22.4,1,271.1,0,2.21,618.11,17.881,0,250,250,154.5,0,9.6,0,0.01375,0.011,0.01375,0.01375,0,0,0,0
09/03/2007 00:00,0,0,19.49,1,287,0,2.21,618.11,17.881,0,250,250,154.5,0,9.6,0,0.01375,0.011,0.01375,0.01375,0,0,0,0
10/03/2007 00:00,0,0,18.96,1,290.1,0,2.21,618.11,17.881,0,250,250,154.5,0,9.6,0,0.01375,0.011,0.01375,0.01375,0,0,0,0
11/03/2007 00:00,0,0,21.6,1,275.3,0,2.21,618.11,17.881,0,250,250,154.5,0,9.6,0,0.01375,0.011,0.01375,0.01375,0,0,0,0
12/03/2007 00:00,0,0,20.14,1,283.3,0,2.21,618.11,17.881,0,250,250,154.5,0,9.6,0,0.01375,0.011,0.01375,0.01375,0,0,0,0
13/03/2007 00:00,0,0,17.24,1,300.5,0,2.21,618.11,17.881,0,250,250,154.5,0,9.6,0,0.01375,0.011,0.01375,0.01375,0,0,0,0
14/03/2007 00:00,0,0,19.09,1,289.3,0,2.21,618.11,17.881,0,250,250,154.5,0,9.6,0,0.01375,0.011,0.01375,0.01375,0,0,0,0
15/03/2007 00:00,0,0,21.51,1,275.8,0,2.21,618.11,17.881,0,250,250,154.5,0,9.6,0,0.01375,0.011,0.01375,0.01375,0,0,0,0
16/03/2007 00:00,0,0,25.99,1,253.5,0,2.21,618.11,17.881,0,250,250,154.5,0,9.6,0,0.01375,0.011,0.01375,0.01375,0,0,0,0
17/03/2007 00:00,0,0,22.55,1,270.3,0,2.21,618.11,17.881,0,250,250,154.5,0,9.6,0,0.01375,0.011,0.01375,0.01375,0,0,0,0
18/03/2007 00:00,0,0,19.61,1,286.3,0,2.21,618.11,17.881,0,250,250,154.5,0,9.6,0,0.01375,0.011,0.01375,0.01375,0,0,0,0
19/03/2007 00:00,0,0,20.41,1,281.8,0,2.21,618.11,17.881,0,250,250,154.5,0,9.6,0,0.01375,0.011,0.01375,0.01375,0,0,0,0
20/03/2007 00:00,0,0,24.77,1,259.3,0,2.21,618.11,17.881,0,250,250,154.5,0,9.6,0,0.01375,0.011,0.01375,0.01375,0,0,0,0
21/03/2007 00:00,0,0,23.77,1,264.2,0,2.21,618.11,17.881,0,250,250,154.5,0,9.6,0,0.01375,0.011,0.01375,0.01375,0,0,0,0
22/03/2007 00:00,0,0,23.91,1,263.5,0,2.21,618.11,17.881,0,250,250,154.5,0,9.6,0,0.01375,0.011,0.01375,0.01375,0,0,0,0
23/03/2007 00:00,0,0,23.54,1,265.3,0,2.21,618.11,17.881,0,250,250,154.5,0,9.6,0,0.01375,0.011,0.01375,0.01375,0,0,0,0
24/03/2007 00:00,0,0,23.15,1,267.2,0,2.21,618.11,17.881,0,250,250,154.5,0,9.6,0,0.01375,0.011,0.01375,0.01375,0,0,0,0
25/03/2007 00:00,0,0,16.35,1,306.1,0,2.21,618.11,17.881,0,250,250,154.5,0,9.6,0,0.01375,0.011,0.01375,0.01375,0,0,0,0
26/03/2007 00:00,0,0,17.1,1,301.4,0,2.21,618.11,17.881,0,250,250,154.5,0,9.6,0,0.01375,0.011,0.01375,0.01375,0,0,0,0
27/03/2007 00:00,0,0,16.99,1,302,0,2.21,618.11,17.881,0,250,250,154.5,0,9.6,0,0.01375,0.011,0.01375,0.01375,0,0,0,0
28/03/2007 00:00,0,0,18.56,1,292.5,0,2.21,618.11,17.881,0,250,250,154.5,0,9.6,0,0.01375,0.011,0.01375,0.01375,0,0,0,0
29/03/2007 00:00,0,0,20.47,1,281.4,0,2.21,618.11,17.881,0,250,250,154.5,0,9.6,0,0.01375,0.011,0.01375,0.01375,0,0,0,0
30/03/2007 00:00,0,0,17.9,1,296.4,0,2.21,618.11,17.881,0,250,250,154.5,0,9.6,0,0.01375,0.011,0.01375,0.01375,0,0,0,0
31/03/2007 00:00,0,0,16.49,1,305.2,0,2.21,618.11,17.881,0,250,250,154.5,0,9.6,0,0.01375,0.011,0.01375,0.01375,0,0,0,0
01/04/2007 00:00,0,0,17.37,1,299.7,0,2.21,618.11,17.881,0,250,250,154.5,0,9.6,0,0.01375,0.011,0.01375,0.01375,0,0,0,0
02/04/2007 00:00,0,0,19.16,1,288.9,0,2.21,618.11,17.881,0,250,250,154.5,0,9.6,0,0.01375,0.011,0.01375,0.01375,0,0,0,0
03/04/2007 00:00,0,0,19.73,1,285.6,0,2.21,618.11,17.881,0,250,250,154.5,0,9.6,0,0.01375,0.011,0.01375,0.01375,0,0,0,0
04/04/2007 00:00,0,0,19.86,1,284.9,0,2.21,618.11,17.881,0,250,250,154.5,0,9.6,0,0.01375,0.011,0.01375,0.01375,0,0,0,0
05/04/2007 00:00,0,0,19.5,1,286.9,0,2.21,618.11,17.881,0,250,250,154.5,0,9.6,0,0.01375,0.011,0.01375,0.01375,0,0,0,0
06/04/2007 00:00,0,0,16.39,1,305.8,0,2.21,618.11,17.881,0,250,250,154.5,0,9.6,0,0.01375,0.011,0.01375,0.01375,0,0,0,0
07/04/2007 00:00,0,0,15.89,1,309.1,0,2.21,618.11,17.881,0,250,250,154.5,0,9.6,0,0.01375,0.011,0.01375,0.01375,0,0,0,0
08/04/2007 00:00,0,0,17.68,1,297.8,0,2.21,618.11,17.881,0,250,250,154.5,0,9.6,0,0.01375,0.011,0.01375,0.01375,0,0,0,0
09/04/2007 00:00,0,0,16.13,1,307.6,0,2.21,618.11,17.881,0,250,250,154.5,0,9.6,0,0.01375,0.011,0.01375,0.01375,0,0,0,0
10/04/2007 00:00,0,0,17.27,1,300.3,0,2.21,618.11,17.881,0,250,250,154.5,0,9.6,0,0.01375,0.011,0.01375,0.01375,0,0,0,0
11/04/2007 00:00,0,0,18.59,1,292.3,0,2.21,618.11,17.881,0,250,250,154.5,0,9.6,0,0.01375,0.011,0.01375,0.01375,0,0,0,0
12/04/2007 00:00,0,0,18.61,1,292.2,0,2.21,618.11,17.881,0,250,250,154.5,0,9.6,0,0.01375,0.011,0.01375,0.01375,0,0,0,0
13/04/2007 00:00,0,0,16.22,1,306.9,0,2.21,618.11,17.881,0,250,250,154.5,0,9.6,0,0.01375,0.011,0.01375,0.01375,0,0,0,0
14/04/2007 00:00,0,0,17.99,1,295.9,0,2.21,618.11,17.881,0,250,250,154.5,0,9.6,0,0.01375,0.011,0.01375,0.01375,0,0,0,0
15/04/2007 00:00,0,0,20.15,1,283.2,0,2.21,618.11,17.881,0,250,250,154.5,0,9.6,0,0.01375,0.011,0.01375,0.01375,0,0,0,0
16/04/2007 00:00,0,0,19.46,1,287.2,0,2.21,618.11,17.881,0,250,250,154.5,0,9.6,0,0.01375,0.011,0.01375,0.01375,0,0,0,0
17/04/2007 00:00,0,0,17.54,1,298.6,0,2.21,618.11,17.881,0,250,250,154.5,0,9.6,0,0.01375,0.011,0.01375,0.01375,0,0,0,0
18/04/2007 00:00,0,0,18.87,1,290.6,0,2.21,618.11,17.881,0,250,250,154.5,0,9.6,0,0.01375,0.011,0.01375,0.01375,0,0,0,0
19/04/2007 00:00,0,0,18.16,1,294.8,0,2.21,618.11,17.881,0,250,250,154.5,0,9.6,0,0.01375,0.011,0.01375,0.01375,0,0,0,0
20/04/2007 00:00,0,0,18.8,1,291,0,2.21,618.11,17.881,0,250,250,154.5,0,9.6,0,0.01375,0.011,0.01375,0.01375,0,0,0,0
21/04/2007 00:00,0,0,17.48,1,299,0,2.21,618.11,17.881,0,250,250,154.5,0,9.6,0,0.01375,0.011,0.01375,0.01375,0,0,0,0
22/04/2007 00:00,0,0,17.29,1,300.1,0,2.21,618.11,17.881,0,250,250,154.5,0,9.6,0,0.01375,0.011,0.01375,0.01375,0,0,0,0
23/04/2007 00:00,0,0,16.66,1,304.1,0,2.21,618.11,17.881,0,250,250,154.5,0,9.6,0,0.01375,0.011,0.01375,0.01375,0,0,0,0
24/04/2007 00:00,0,0,15.74,1,310.1,0,2.21,618.11,17.881,0,250,250,154.5,0,9.6,0,0.01375,0.011,0.01375,0.01375,0,0,0,0
25/04/2007 00:00,0,0,15.16,1,314,0,2.21,618.11,17.881,0,250,250,154.5,0,9.6,0,0.01375,0.011,0.01375,0.01375,0,0,0,0
26/04/2007 00:00,0,0,15.86,1,309.3,0,2.21,618.11,17.881,0,250,250,154.5,0,9.6,0,0.01375,0.011,0.01375,0.01375,0,0,0,0
27/04/2007 00:00,0,0,15.52,1,311.5,0,2.21,618.11,17.881,0,250,250,154.5,0,9.6,0,0.01375,0.011,0.01375,0.01375,0,0,0,0
28/04/2007 00:00,0,0,15.88,1,309.2,0,2.21,618.11,17.881,0,250,250,154.5,0,9.6,0,0.01375,0.011,0.01375,0.01375,0,0,0,0
29/04/2007 00:00,0,0,17.67,1,297.8,0,2.21,618.11,17.881,0,250,250,154.5,0,9.6,0,0.01375,0.011,0.01375,0.01375,0,0,0,0
30/04/2007 00:00,0,0,17.45,1,299.2,0,2.21,618.11,17.881,0,250,250,154.5,0,9.6,0,0.01375,0.011,0.01375,0.01375,0,0,0,0
01/05/2007 00:00,0,0,16.51,1,305.1,0,2.21,618.11,17.881,0,250,250,154.5,0,9.6,0,0.01375,0.011,0.01375,0.01375,0,0,0,0
02/05/2007 00:00,0,0,17.93,1,296.2,0,2.21,618.11,17.881,0,250,250,154.5,0,9.6,0,0.01375,0.011,0.01375,0.01375,0,0,0,0
03/05/2007 00:00,0,0,19.92,1,284.5,0,2.21,618.11,17.881,0,250,250,154.5,0,9.6,0,0.01375,0.011,0.01375,0.01375,0,0,0,0
04/05/2007 00:00,0,0,19.57,1,286.5,0,2.21,618.11,17.881,0,250,250,154.5,0,9.6,0,0.01375,0.011,0.01375,0.01375,0,0,0,0
05/05/2007 00:00,0,0,16.35,1,306.1,0,2.21,618.11,17.881,0,250,250,154.5,0,9.6,0,0.01375,0.011,0.01375,0.01375,0,0,0,0
06/05/2007 00:00,0,0,17,1,302,0,2.21,618.11,17.881,0,250,250,154.5,0,9.6,0,0.01375,0.011,0.01375,0.01375,0,0,0,0
07/05/2007 00:00,0,0,17.77,1,297.2,0,2.21,618.11,17.881,0,250,250,154.5,0,9.6,0,0.01375,0.011,0.01375,0.01375,0,0,0,0
08/05/2007 00:00,0,0,18.79,1,291.1,0,2.21,618.11,17.881,0,250,250,154.5,0,9.6,0,0.01375,0.011,0.01375,0.01375,0,0,0,0
09/05/2007 00:00,0,0,19.13,1,289.1,0,2.21,618.11,17.881,0,250,250,154.5,0,9.6,0,0.01375,0.011,0.01375,0.01375,0,0,0,0
10/05/2007 00:00,0,0,15.63,1,310.9,0,2.21,618.11,17.881,0,250,250,154.5,0,9.6,0,0.01375,0.011,0.01375,0.01375,0,0,0,0
11/05/2007 00:00,0,0,13.69,1,324.2,0,2.21,618.11,17.881,0,250,250,154.5,0,9.6,0,0.01375,0.011,0.01375,0.01375,0,0,0,0
12/05/2007 00:00,0,0,15.57,1,311.2,0,2.21,618.11,17.881,0,250,250,154.5,0,9.6,0,0.01375,0.011,0.01375,0.01375,0,0,0,0
13/05/2007 00:00,0,0,17.12,1,301.2,0,2.21,618.11,17.881,0,250,250,154.5,0,9.6,0,0.01375,0.011,0.01375,0.01375,0,0,0,0
14/05/2007 00:00,0,0,16.86,1,302.8,0,2.21,618.11,17.881,0,250,250,154.5,0,9.6,0,0.01375,0.011,0.01375,0.01375,0,0,0,0
15/05/2007 00:00,0,0,16.92,1,302.5,0,2.21,618.11,17.881,0,250,250,154.5,0,9.6,0,0.01375,0.011,0.01375,0.01375,0,0,0,0
16/05/2007 00:00,0,0,17.19,1,300.8,0,2.21,618.11,17.881,0,250,250,154.5,0,9.6,0,0.01375,0.011,0.01375,0.01375,0,0,0,0
17/05/2007 00:00,0,0,17.7,1,297.6,0,2.21,618.11,17.881,0,250,250,154.5,0,9.6,0,0.01375,0.011,0.01375,0.01375,0,0,0,0
18/05/2007 00:00,0,0,16.97,1,302.2,0,2.21,618.11,17.881,0,250,250,154.5,0,9.6,0,0.01375,0.011,0.01375,0.01375,0,0,0,0
19/05/2007 00:00,0,0,15.82,1,309.6,0,2.21,618.11,17.881,0,250,250,154.5,0,9.6,0,0.01375,0.011,0.01375,0.01375,0,0,0,0
20/05/2007 00:00,0,0,14.49,1,318.6,0,2.21,618.11,17.881,0,250,250,154.5,0,9.6,0,0.01375,0.011,0.01375,0.01375,0,0,0,0
21/05/2007 00:00,0,0,13.89,1,322.8,0,2.21,618.11,17.881,0,250,250,154.5,0,9.6,0,0.01375,0.011,0.01375,0.01375,0,0,0,0
22/05/2007 00:00,0,0,12.69,1,331.5,0,2.21,618.11,17.881,0,250,250,154.5,0,9.6,0,0.01375,0.011,0.01375,0.01375,0,0,0,0
23/05/2007 00:00,0,0,12.01,1,336.7,0,2.21,618.11,17.881,0,250,250,154.5,0,9.6,0,0.01375,0.011,0.01375,0.01375,0,0,0,0
24/05/2007 00:00,0,0,11.39,1,341.5,0,2.21,618.11,17.881,0,250,250,154.5,0,9.6,0,0.01375,0.011,0.01375,0.01375,0,0,0,0
25/05/2007 00:00,0,0,10.45,1,349,0,2.21,618.11,17.881,0,250,250,154.5,0,9.6,0,0.01375,0.011,0.01375,0.01375,0,0,0,0
26/05/2007 00:00,0,0,11.13,1,343.5,0,2.21,618.11,17.881,0,250,250,154.5,0,9.6,0,0.01375,0.011,0.01375,0.01375,0,0,0,0
27/05/2007 00:00,0,0,13.16,1,328,0,2.21,618.11,17.881,0,250,250,154.5,0,9.6,0,0.01375,0.011,0.01375,0.01375,0,0,0,0
28/05/2007 00:00,0,0,15.48,1,311.8,0,2.21,618.11,17.881,0,250,250,154.5,0,9.6,0,0.01375,0.011,0.01375,0.01375,0,0,0,0
29/05/2007 00:00,0,0,17.93,1,296.2,0,2.21,618.11,17.881,0,250,250,154.5,0,9.6,0,0.01375,0.011,0.01375,0.01375,0,0,0,0
30/05/2007 00:00,0,0,14.81,1,316.4,0,2.21,618.11,17.881,0,250,250,154.5,0,9.6,0,0.01375,0.011,0.01375,0.01375,0,0,0,0
31/05/2007 00:00,0,0,9.89,1,353.6,0,2.21,618.11,17.881,0,250,250,154.5,0,9.6,0,0.01375,0.011,0.01375,0.01375,0,0,0,0
01/06/2007 00:00,0,0,10.23,1,350.8,0,2.21,618.11,17.881,0,250,250,154.5,0,9.6,0,0.01375,0.011,0.01375,0.01375,0,0,0,0
02/06/2007 00:00,0,0,11.93,1,337.2,0,2.21,618.11,17.881,0,250,250,154.5,0,9.6,0,0.01375,0.011,0.01375,0.01375,0,0,0,0
03/06/2007 00:00,0,0,13.07,1,328.7,0,2.21,618.11,17.881,0,250,250,154.5,0,9.6,0,0.01375,0.011,0.01375,0.01375,0,0,0,0
04/06/2007 00:00,0,0,12.69,1,331.5,0,2.21,618.11,17.881,0,250,250,154.5,0,9.6,0,0.01375,0.011,0.01375,0.01375,0,0,0,0
05/06/2007 00:00,0,0,12.63,1,332,0,2.21,618.11,17.881,0,250,250,154.5,0,9.6,0,0.01375,0.011,0.01375,0.01375,0,0,0,0
06/06/2007 00:00,0,0,13.54,1,325.3,0,2.21,618.11,17.881,0,250,250,154.5,0,9.6,0,0.01375,0.011,0.01375,0.01375,0,0,0,0
07/06/2007 00:00,0,0,13.34,1,326.7,0,2.21,618.11,17.881,0,250,250,154.5,0,9.6,0,0.01375,0.011,0.01375,0.01375,0,0,0,0
08/06/2007 00:00,0,0,12.77,1,330.9,0,2.21,618.11,17.881,0,250,250,154.5,0,9.6,0,0.01375,0.011,0.01375,0.01375,0,0,0,0
09/06/2007 00:00,0,0,13.03,1,329,0,2.21,618.11,17.881,0,250,250,154.5,0,9.6,0,0.01375,0.011,0.01375,0.01375,0,0,0,0
10/06/2007 00:00,0,0,13.01,1,329.1,0,2.21,618.11,17.881,0,250,250,154.5,0,9.6,0,0.01375,0.011,0.01375,0.01375,0,0,0,0
11/06/2007 00:00,0,0,11.29,1,342.3,0,2.21,618.11,17.881,0,250,250,154.5,0,9.6,0,0.01375,0.011,0.01375,0.01375,0,0,0,0
12/06/2007 00:00,0,0,10.04,1,352.3,0,2.21,618.11,17.881,0,250,250,154.5,0,9.6,0,0.01375,0.011,0.01375,0.01375,0,0,0,0
13/06/2007 00:00,0,0,8.89,1,362.1,0,2.21,618.11,17.881,0,250,250,154.5,0,9.6,0,0.01375,0.011,0.01375,0.01375,0,0,0,0
14/06/2007 00:00,0,0,8.54,1,365.2,0,2.21,618.11,17.881,0,250,250,154.5,0,9.6,0,0.01375,0.011,0.01375,0.01375,0,0,0,0
15/06/2007 00:00,0,0,11.46,1,340.9,0,2.21,618.11,17.881,0,250,250,154.5,0,9.6,0,0.01375,0.011,0.01375,0.01375,0,0,0,0
16/06/2007 00:00,0,0,12.88,1,330.1,0,2.21,618.11,17.881,0,250,250,154.5,0,9.6,0,0.01375,0.011,0.01375,0.01375,0,0,0,0
17/06/2007 00:00,0,0,13.27,1,327.2,0,2.21,618.11,17.881,0,250,250,154.5,0,9.6,0,0.01375,0.011,0.01375,0.01375,0,0,0,0
18/06/2007 00:00,0,0,12.69,1,331.5,0,2.21,618.11,17.881,0,250,250,154.5,0,9.6,0,0.01375,0.011,0.01375,0.01375,0,0,0,0
19/06/2007 00:00,0,0,9.12,1,360.1,0,2.21,618.11,17.881,0,250,250,154.5,0,9.6,0,0.01375,0.011,0.01375,0.01375,0,0,0,0
20/06/2007 00:00,0,0,9.18,1,359.6,0,2.21,618.11,17.881,0,250,250,154.5,0,9.6,0,0.01375,0.011,0.01375,0.01375,0,0,0,0
21/06/2007 00:00,0,0,9.33,1,358.3,0,2.21,618.11,17.881,0,250,250,154.5,0,9.6,0,0.01375,0.011,0.01375,0.01375,0,0,0,0
22/06/2007 00:00,0,0,7.14,1,378,0,2.21,618.11,17.881,0,250,250,154.5,0,9.6,0,0.01375,0.011,0.01375,0.01375,0,0,0,0
23/06/2007 00:00,0,0,9.02,1,361,0,2.21,618.11,17.881,0,250,250,154.5,0,9.6,0,0.01375,0.011,0.01375,0.01375,0,0,0,0
24/06/2007 00:00,0,0,10.92,1,345.2,0,2.21,618.11,17.881,0,250,250,154.5,0,9.6,0,0.01375,0.011,0.01375,0.01375,0,0,0,0
25/06/2007 00:00,0,0,13.16,1,328,0,2.21,618.11,17.881,0,250,250,154.5,0,9.6,0,0.01375,0.011,0.01375,0.01375,0,0,0,0
26/06/2007 00:00,0,0,12.8,1,330.7,0,2.21,618.11,17.881,0,250,250,154.5,0,9.6,0,0.01375,0.011,0.01375,0.01375,0,0,0,0
27/06/2007 00:00,0,0,9.35,1,358.2,0,2.21,618.11,17.881,0,250,250,154.5,0,9.6,0,0.01375,0.011,0.01375,0.01375,0,0,0,0
28/06/2007 00:00,0,0,9,1,361.1,0,2.21,618.11,17.881,0,250,250,154.5,0,9.6,0,0.01375,0.011,0.01375,0.01375,0,0,0,0
29/06/2007 00:00,0,0,12.65,1,331.8,0,2.21,618.11,17.881,0,250,250,154.5,0,9.6,0,0.01375,0.011,0.01375,0.01375,0,0,0,0
30/06/2007 00:00,0,0,10.96,1,344.9,0,2.21,618.11,17.881,0,250,250,154.5,0,9.6,0,0.01375,0.011,0.01375,0.01375,0,0,0,0
01/07/2007 00:00,0,0,10.82,1,345.9,0,2.21,618.11,17.881,0,250,250,154.5,0,9.6,0,0.01375,0.011,0.01375,0.01375,0,0,0,0
02/07/2007 00:00,0,0,12.8,1,330.7,0,2.21,618.11,17.881,0,250,250,154.5,0,9.6,0,0.01375,0.011,0.01375,0.01375,0,0,0,0
03/07/2007 00:00,0,0,15.85,1,309.4,0,2.21,618.11,17.881,0,250,250,154.5,0,9.6,0,0.01375,0.011,0.01375,0.01375,0,0,0,0
04/07/2007 00:00,0,0,15.54,1,311.5,0,2.21,618.11,17.881,0,250,250,154.5,0,9.6,0,0.01375,0.011,0.01375,0.01375,0,0,0,0
05/07/2007 00:00,0,0,11.94,1,337.2,0,2.21,618.11,17.881,0,250,250,154.5,0,9.6,0,0.01375,0.011,0.01375,0.01375,0,0,0,0
06/07/2007 00:00,0,0,10.87,1,345.6,0,2.21,618.11,17.881,0,250,250,154.5,0,9.6,0,0.01375,0.011,0.01375,0.01375,0,0,0,0
07/07/2007 00:00,0,0,11.03,1,344.3,0,2.21,618.11,17.881,0,250,250,154.5,0,9.6,0,0.01375,0.011,0.01375,0.01375,0,0,0,0
08/07/2007 00:00,0,0,9.52,1,356.7,0,2.21,618.11,17.881,0,250,250,154.5,0,9.6,0,0.01375,0.011,0.01375,0.01375,0,0,0,0
09/07/2007 00:00,0,0,11.6,1,339.8,0,2.21,618.11,17.881,0,250,250,154.5,0,9.6,0,0.01375,0.011,0.01375,0.01375,0,0,0,0
10/07/2007 00:00,0,0,10.73,1,346.7,0,2.21,618.11,17.881,0,250,250,154.5,0,9.6,0,0.01375,0.011,0.01375,0.01375,0,0,0,0
11/07/2007 00:00,0,0,10.73,1,346.7,0,2.21,618.11,17.881,0,250,250,154.5,0,9.6,0,0.01375,0.011,0.01375,0.01375,0,0,0,0
12/07/2007 00:00,0,0,9.11,1,360.2,0,2.21,618.11,17.881,0,250,250,154.5,0,9.6,0,0.01375,0.011,0.01375,0.01375,0,0,0,0
13/07/2007 00:00,0,0,9.83,1,354.1,0,2.21,618.11,17.881,0,250,250,154.5,0,9.6,0,0.01375,0.011,0.01375,0.01375,0,0,0,0
14/07/2007 00:00,0,0,9.2,1,359.4,0,2.21,618.11,17.881,0,250,250,154.5,0,9.6,0,0.01375,0.011,0.01375,0.01375,0,0,0,0
15/07/2007 00:00,0,0,7.27,1,376.7,0,2.21,618.11,17.881,0,250,250,154.5,0,9.6,0,0.01375,0.011,0.01375,0.01375,0,0,0,0
16/07/2007 00:00,0,0,6.74,1,381.7,0,2.21,618.11,17.881,0,250,250,154.5,0,9.6,0,0.01375,0.011,0.01375,0.01375,0,0,0,0
17/07/2007 00:00,0,0,7.18,1,377.6,0,2.21,618.11,17.881,0,250,250,154.5,0,9.6,0,0.01375,0.011,0.01375,0.01375,0,0,0,0
18/07/2007 00:00,0,0,7.7,1,372.7,0,2.21,618.11,17.881,0,250,250,154.5,0,9.6,0,0.01375,0.011,0.01375,0.01375,0,0,0,0
19/07/2007 00:00,0,0,8.8,1,362.9,0,2.21,618.11,17.881,0,250,250,154.5,0,9.6,0,0.01375,0.011,0.01375,0.01375,0,0,0,0
20/07/2007 00:00,0,0,10.4,1,349.4,0,2.21,618.11,17.881,0,250,250,154.5,0,9.6,0,0.01375,0.011,0.01375,0.01375,0,0,0,0
21/07/2007 00:00,0,0,9.82,1,354.1,0,2.21,618.11,17.881,0,250,250,154.5,0,9.6,0,0.01375,0.011,0.01375,0.01375,0,0,0,0
22/07/2007 00:00,0,0,9.27,1,358.8,0,2.21,618.11,17.881,0,250,250,154.5,0,9.6,0,0.01375,0.011,0.01375,0.01375,0,0,0,0
23/07/2007 00:00,0,0,10.32,1,350,0,2.21,618.11,17.881,0,250,250,154.5,0,9.6,0,0.01375,0.011,0.01375,0.01375,0,0,0,0
24/07/2007 00:00,0,0,11.59,1,339.9,0,2.21,618.11,17.881,0,250,250,154.5,0,9.6,0,0.01375,0.011,0.01375,0.01375,0,0,0,0
25/07/2007 00:00,0,0,13.02,1,329.1,0,2.21,618.11,17.881,0,250,250,154.5,0,9.6,0,0.01375,0.011,0.01375,0.01375,0,0,0,0
26/07/2007 00:00,0,0,13.96,1,322.3,0,2.21,618.11,17.881,0,250,250,154.5,0,9.6,0,0.01375,0.011,0.01375,0.01375,0,0,0,0
27/07/2007 00:00,0,0,14.22,1,320.5,0,2.21,618.11,17.881,0,250,250,154.5,0,9.6,0,0.01375,0.011,0.01375,0.01375,0,0,0,0
28/07/2007 00:00,0,0,11.79,1,338.4,0,2.21,618.11,17.881,0,250,250,154.5,0,9.6,0,0.01375,0.011,0.01375,0.01375,0,0,0,0
29/07/2007 00:00,0,0,10.38,1,349.5,0,2.21,618.11,17.881,0,250,250,154.5,0,9.6,0,0.01375,0.011,0.01375,0.01375,0,0,0,0
30/07/2007 00:00,0,0,9.41,1,357.7,0,2.21,618.11,17.881,0,250,250,154.5,0,9.6,0,0.01375,0.011,0.01375,0.01375,0,0,0,0
31/07/2007 00:00,0,0,12.16,1,335.5,0,2.21,618.11,17.881,0,250,250,154.5,0,9.6,0,0.01375,0.011,0.01375,0.01375,0,0,0,0
01/08/2007 00:00,0,0,16.96,1,302.2,0,2.21,618.11,17.881,0,250,250,154.5,0,9.6,0,0.01375,0.011,0.01375,0.01375,0,0,0,0
02/08/2007 00:00,0,0,17.92,1,296.3,0,2.21,618.11,17.881,0,250,250,154.5,0,9.6,0,0.01375,0.011,0.01375,0.01375,0,0,0,0
03/08/2007 00:00,0,0,12.25,1,334.8,0,2.21,618.11,17.881,0,250,250,154.5,0,9.6,0,0.01375,0.011,0.01375,0.01375,0,0,0,0
04/08/2007 00:00,0,0,9.82,1,354.2,0,2.21,618.11,17.881,0,250,250,154.5,0,9.6,0,0.01375,0.011,0.01375,0.01375,0,0,0,0
05/08/2007 00:00,0,0,11.56,1,340.2,0,2.21,618.11,17.881,0,250,250,154.5,0,9.6,0,0.01375,0.011,0.01375,0.01375,0,0,0,0
06/08/2007 00:00,0,0,12.17,1,335.4,0,2.21,618.11,17.881,0,250,250,154.5,0,9.6,0,0.01375,0.011,0.01375,0.01375,0,0,0,0
07/08/2007 00:00,0,0,12.02,1,336.6,0,2.21,618.11,17.881,0,250,250,154.5,0,9.6,0,0.01375,0.011,0.01375,0.01375,0,0,0,0
08/08/2007 00:00,0,0,13.99,1,322.1,0,2.21,618.11,17.881,0,250,250,154.5,0,9.6,0,0.01375,0.011,0.01375,0.01375,0,0,0,0
09/08/2007 00:00,0,0,15.64,1,310.8,0,2.21,618.11,17.881,0,250,250,154.5,0,9.6,0,0.01375,0.011,0.01375,0.01375,0,0,0,0
10/08/2007 00:00,0,0,16.61,1,304.5,0,2.21,618.11,17.881,0,250,250,154.5,0,9.6,0,0.01375,0.011,0.01375,0.01375,0,0,0,0
11/08/2007 00:00,0,0,18.37,1,293.6,0,2.21,618.11,17.881,0,250,250,154.5,0,9.6,0,0.01375,0.011,0.01375,0.01375,0,0,0,0
12/08/2007 00:00,0,0,16.6,1,304.5,0,2.21,618.11,17.881,0,250,250,154.5,0,9.6,0,0.01375,0.011,0.01375,0.01375,0,0,0,0
13/08/2007 00:00,0,0,11.76,1,338.5,0,2.21,618.11,17.881,0,250,250,154.5,0,9.6,0,0.01375,0.011,0.01375,0.01375,0,0,0,0
14/08/2007 00:00,0,0,10.49,1,348.7,0,2.21,618.11,17.881,0,250,250,154.5,0,9.6,0,0.01375,0.011,0.01375,0.01375,0,0,0,0
15/08/2007 00:00,0,0,12.9,1,330,0,2.21,618.11,17.881,0,250,250,154.5,0,9.6,0,0.01375,0.011,0.01375,0.01375,0,0,0,0
16/08/2007 00:00,0,0,12.59,1,332.3,0,2.21,618.11,17.881,0,250,250,154.5,0,9.6,0,0.01375,0.011,0.01375,0.01375,0,0,0,0
17/08/2007 00:00,0,0,14.82,1,316.3,0,2.21,618.11,17.881,0,250,250,154.5,0,9.6,0,0.01375,0.011,0.01375,0.01375,0,0,0,0
18/08/2007 00:00,0,0,13.24,1,327.4,0,2.21,618.11,17.881,0,250,250,154.5,0,9.6,0,0.01375,0.011,0.01375,0.01375,0,0,0,0
19/08/2007 00:00,0,0,12.4,1,333.7,0,2.21,618.11,17.881,0,250,250,154.5,0,9.6,0,0.01375,0.011,0.01375,0.01375,0,0,0,0
20/08/2007 00:00,0,0,13.15,1,328.2,0,2.21,618.11,17.881,0,250,250,154.5,0,9.6,0,0.01375,0.011,0.01375,0.01375,0,0,0,0
21/08/2007 00:00,0,0,12.84,1,330.4,0,2.21,618.11,17.881,0,250,250,154.5,0,9.6,0,0.01375,0.011,0.01375,0.01375,0,0,0,0
22/08/2007 00:00,0,0,11.93,1,337.3,0,2.21,618.11,17.881,0,250,250,154.5,0,9.6,0,0.01375,0.011,0.01375,0.01375,0,0,0,0
23/08/2007 00:00,0,0,12.72,1,331.3,0,2.21,618.11,17.881,0,250,250,154.5,0,9.6,0,0.01375,0.011,0.01375,0.01375,0,0,0,0
24/08/2007 00:00,0,0,12.63,1,332,0,2.21,618.11,17.881,0,250,250,154.5,0,9.6,0,0.01375,0.011,0.01375,0.01375,0,0,0,0
25/08/2007 00:00,0,0,13.45,1,325.9,0,2.21,618.11,17.881,0,250,250,154.5,0,9.6,0,0.01375,0.011,0.01375,0.01375,0,0,0,0
26/08/2007 00:00,0,0,15.24,1,313.4,0,2.21,618.11,17.881,0,250,250,154.5,0,9.6,0,0.01375,0.011,0.01375,0.01375,0,0,0,0
27/08/2007 00:00,0,0,16.78,1,303.4,0,2.21,618.11,17.881,0,250,250,154.5,0,9.6,0,0.01375,0.011,0.01375,0.01375,0,0,0,0
28/08/2007 00:00,0,0,17.65,1,297.9,0,2.21,618.11,17.881,0,250,250,154.5,0,9.6,0,0.01375,0.011,0.01375,0.01375,0,0,0,0
29/08/2007 00:00,0,0,15.26,1,313.3,0,2.21,618.11,17.881,0,250,250,154.5,0,9.6,0,0.01375,0.011,0.01375,0.01375,0,0,0,0
30/08/2007 00:00,0,0,17.15,1,301,0,2.21,618.11,17.881,0,250,250,154.5,0,9.6,0,0.01375,0.011,0.01375,0.01375,0,0,0,0
31/08/2007 00:00,0,0,18.68,1,291.7,0,2.21,618.11,17.881,0,250,250,154.5,0,9.6,0,0.01375,0.011,0.01375,0.01375,0,0,0,0
01/09/2007 00:00,0,0,14.59,1,317.9,0,2.21,618.11,17.881,0,250,250,154.5,0,9.6,0,0.01375,0.011,0.01375,0.01375,0,0,0,0
02/09/2007 00:00,0,0,17.18,1,300.8,0,2.21,618.11,17.881,0,250,250,154.5,0,9.6,0,0.01375,0.011,0.01375,0.01375,0,0,0,0
03/09/2007 00:00,0,0,15.95,1,308.8,0,2.21,618.11,17.881,0,250,250,154.5,0,9.6,0,0.01375,0.011,0.01375,0.01375,0,0,0,0
04/09/2007 00:00,0,0,12.4,1,333.7,0,2.21,618.11,17.881,0,250,250,154.5,0,9.6,0,0.01375,0.011,0.01375,0.01375,0,0,0,0
05/09/2007 00:00,0,0,12.65,1,331.8,0,2.21,618.11,17.881,0,250,250,154.5,0,9.6,0,0.01375,0.011,0.01375,0.01375,0,0,0,0
06/09/2007 00:00,0,0,12.88,1,330.1,0,2.21,618.11,17.881,0,250,250,154.5,0,9.6,0,0.01375,0.011,0.01375,0.01375,0,0,0,0
07/09/2007 00:00,0,0,12.21,1,335.1,0,2.21,618.11,17.881,0,250,250,154.5,0,9.6,0,0.01375,0.011,0.01375,0.01375,0,0,0,0
08/09/2007 00:00,0,0,13.61,1,324.8,0,2.21,618.11,17.881,0,250,250,154.5,0,9.6,0,0.01375,0.011,0.01375,0.01375,0,0,0,0
09/09/2007 00:00,0,0,12.21,1,335.1,0,2.21,618.11,17.881,0,250,250,154.5,0,9.6,0,0.01375,0.011,0.01375,0.01375,0,0,0,0
10/09/2007 00:00,0,0,14.38,1,319.4,0,2.21,618.11,17.881,0,250,250,154.5,0,9.6,0,0.01375,0.011,0.01375,0.01375,0,0,0,0
11/09/2007 00:00,0,0,15.53,1,311.5,0,2.21,618.11,17.881,0,250,250,154.5,0,9.6,0,0.01375,0.011,0.01375,0.01375,0,0,0,0
12/09/2007 00:00,0,0,14.9,1,315.8,0,2.21,618.11,17.881,0,250,250,154.5,0,9.6,0,0.01375,0.011,0.01375,0.01375,0,0,0,0
13/09/2007 00:00,0,0,15.58,1,311.2,0,2.21,618.11,17.881,0,250,250,154.5,0,9.6,0,0.01375,0.011,0.01375,0.01375,0,0,0,0
14/09/2007 00:00,0,0,18.29,1,294.1,0,2.21,618.11,17.881,0,250,250,154.5,0,9.6,0,0.01375,0.011,0.01375,0.01375,0,0,0,0
15/09/2007 00:00,0,0,14.03,1,321.8,0,2.21,618.11,17.881,0,250,250,154.5,0,9.6,0,0.01375,0.011,0.01375,0.01375,0,0,0,0
16/09/2007 00:00,0,0,15.23,1,313.5,0,2.21,618.11,17.881,0,250,250,154.5,0,9.6,0,0.01375,0.011,0.01375,0.01375,0,0,0,0
17/09/2007 00:00,0,0,13.52,1,325.4,0,2.21,618.11,17.881,0,250,250,154.5,0,9.6,0,0.01375,0.011,0.01375,0.01375,0,0,0,0
18/09/2007 00:00,0,0,13.65,1,324.5,0,2.21,618.11,17.881,0,250,250,154.5,0,9.6,0,0.01375,0.011,0.01375,0.01375,0,0,0,0
19/09/2007 00:00,0,0,17.7,1,297.6,0,2.21,618.11,17.881,0,250,250,154.5,0,9.6,0,0.01375,0.011,0.01375,0.01375,0,0,0,0
20/09/2007 00:00,0,0,15.52,1,311.6,0,2.21,618.11,17.881,0,250,250,154.5,0,9.6,0,0.01375,0.011,0.01375,0.01375,0,0,0,0
21/09/2007 00:00,0,0,14.09,1,321.4,0,2.21,618.11,17.881,0,250,250,154.5,0,9.6,0,0.01375,0.011,0.01375,0.01375,0,0,0,0
22/09/2007 00:00,0,0,12.26,1,334.8,0,2.21,618.11,17.881,0,250,250,154.5,0,9.6,0,0.01375,0.011,0.01375,0.01375,0,0,0,0
23/09/2007 00:00,0,0,13.14,1,328.2,0,2.21,618.11,17.881,0,250,250,154.5,0,9.6,0,0.01375,0.011,0.01375,0.01375,0,0,0,0
24/09/2007 00:00,0,0,17.49,1,298.9,0,2.21,618.11,17.881,0,250,250,154.5,0,9.6,0,0.01375,0.011,0.01375,0.01375,0,0,0,0
25/09/2007 00:00,0,0,14.83,1,316.2,0,2.21,618.11,17.881,0,250,250,154.5,0,9.6,0,0.01375,0.011,0.01375,0.01375,0,0,0,0
26/09/2007 00:00,0,0,15.22,1,313.6,0,2.21,618.11,17.881,0,250,250,154.5,0,9.6,0,0.01375,0.011,0.01375,0.01375,0,0,0,0
27/09/2007 00:00,0,0,18.8,1,291,0,2.21,618.11,17.881,0,250,250,154.5,0,9.6,0,0.01375,0.011,0.01375,0.01375,0,0,0,0
28/09/2007 00:00,0,0,21.14,1,277.8,0,2.21,618.11,17.881,0,250,250,154.5,0,9.6,0,0.01375,0.011,0.01375,0.01375,0,0,0,0
29/09/2007 00:00,0,0,14.85,1,316.1,0,2.21,618.11,17.881,0,250,250,154.5,0,9.6,0,0.01375,0.011,0.01375,0.01375,0,0,0,0
30/09/2007 00:00,0,0,18.9,1,290.4,0,2.21,618.11,17.881,0,250,250,154.5,0,9.6,0,0.01375,0.011,0.01375,0.01375,0,0,0,0
01/10/2007 00:00,0,0,23.28,1,266.6,0,2.21,618.11,17.881,0,250,250,154.5,0,9.6,0,0.01375,0.011,0.01375,0.01375,0,0,0,0
02/10/2007 00:00,0,0,19.54,1,286.7,0,2.21,618.11,17.881,0,250,250,154.5,0,9.6,0,0.01375,0.011,0.01375,0.01375,0,0,0,0
03/10/2007 00:00,0,0,23.61,1,264.9,0,2.21,618.11,17.881,0,250,250,154.5,0,9.6,0,0.01375,0.011,0.01375,0.01375,0,0,0,0
04/10/2007 00:00,0,0,17.32,1,299.9,0,2.21,618.11,17.881,0,250,250,154.5,0,9.6,0,0.01375,0.011,0.01375,0.01375,0,0,0,0
05/10/2007 00:00,0,0,18.52,1,292.7,0,2.21,618.11,17.881,0,250,250,154.5,0,9.6,0,0.01375,0.011,0.01375,0.01375,0,0,0,0
06/10/2007 00:00,0,0,20.65,1,280.4,0,2.21,618.11,17.881,0,250,250,154.5,0,9.6,0,0.01375,0.011,0.01375,0.01375,0,0,0,0
07/10/2007 00:00,0,0,17.36,1,299.7,0,2.21,618.11,17.881,0,250,250,154.5,0,9.6,0,0.01375,0.011,0.01375,0.01375,0,0,0,0
08/10/2007 00:00,0,0,17.1,1,301.4,0,2.21,618.11,17.881,0,250,250,154.5,0,9.6,0,0.01375,0.011,0.01375,0.01375,0,0,0,0
09/10/2007 00:00,0,0,16.22,1,307,0,2.21,618.11,17.881,0,250,250,154.5,0,9.6,0,0.01375,0.011,0.01375,0.01375,0,0,0,0
10/10/2007 00:00,0,0,15.81,1,309.6,0,2.21,618.11,17.881,0,250,250,154.5,0,9.6,0,0.01375,0.011,0.01375,0.01375,0,0,0,0
11/10/2007 00:00,0,0,21.57,1,275.5,0,2.21,618.11,17.881,0,250,250,154.5,0,9.6,0,0.01375,0.011,0.01375,0.01375,0,0,0,0
12/10/2007 00:00,0,0,18.62,1,292.1,0,2.21,618.11,17.881,0,250,250,154.5,0,9.6,0,0.01375,0.011,0.01375,0.01375,0,0,0,0
13/10/2007 00:00,0,0,12.52,1,332.8,0,2.21,618.11,17.881,0,250,250,154.5,0,9.6,0,0.01375,0.011,0.01375,0.01375,0,0,0,0
14/10/2007 00:00,0,0,15.84,1,309.5,0,2.21,618.11,17.881,0,250,250,154.5,0,9.6,0,0.01375,0.011,0.01375,0.01375,0,0,0,0
15/10/2007 00:00,0,0,22.2,1,272.1,0,2.21,618.11,17.881,0,250,250,154.5,0,9.6,0,0.01375,0.011,0.01375,0.01375,0,0,0,0
16/10/2007 00:00,0,0,21.92,1,273.6,0,2.21,618.11,17.881,0,250,250,154.5,0,9.6,0,0.01375,0.011,0.01375,0.01375,0,0,0,0
17/10/2007 00:00,0,0,13.22,1,327.6,0,2.21,618.11,17.881,0,250,250,154.5,0,9.6,0,0.01375,0.011,0.01375,0.01375,0,0,0,0
18/10/2007 00:00,0,0,13.61,1,324.8,0,2.21,618.11,17.881,0,250,250,154.5,0,9.6,0,0.01375,0.011,0.01375,0.01375,0,0,0,0
19/10/2007 00:00,0,0,20.75,1,279.9,0,2.21,618.11,17.881,0,250,250,154.5,0,9.6,0,0.01375,0.011,0.01375,0.01375,0,0,0,0
20/10/2007 00:00,0,0,18.73,1,291.4,0,2.21,618.11,17.881,0,250,250,154.5,0,9.6,0,0.01375,0.011,0.01375,0.01375,0,0,0,0
21/10/2007 00:00,0,0,22.56,1,270.2,0,2.21,618.11,17.881,0,250,250,154.5,0,9.6,0,0.01375,0.011,0.01375,0.01375,0,0,0,0
22/10/2007 00:00,0,0,23.4,1,266,0,2.21,618.11,17.881,0,250,250,154.5,0,9.6,0,0.01375,0.011,0.01375,0.01375,0,0,0,0
23/10/2007 00:00,0,0,20.09,1,283.6,0,2.21,618.11,17.881,0,250,250,154.5,0,9.6,0,0.01375,0.011,0.01375,0.01375,0,0,0,0
24/10/2007 00:00,0,0,17.64,1,298,0,2.21,618.11,17.881,0,250,250,154.5,0,9.6,0,0.01375,0.011,0.01375,0.01375,0,0,0,0
25/10/2007 00:00,0,0,17.84,1,296.8,0,2.21,618.11,17.881,0,250,250,154.5,0,9.6,0,0.01375,0.011,0.01375,0.01375,0,0,0,0
26/10/2007 00:00,0,0,18.37,1,293.6,0,2.21,618.11,17.881,0,250,250,154.5,0,9.6,0,0.01375,0.011,0.01375,0.01375,0,0,0,0
27/10/2007 00:00,0,0,19.78,1,285.3,0,2.21,618.11,17.881,0,250,250,154.5,0,9.6,0,0.01375,0.011,0.01375,0.01375,0,0,0,0
28/10/2007 00:00,0,0,21.62,1,275.2,0,2.21,618.11,17.881,0,250,250,154.5,0,9.6,0,0.01375,0.011,0.01375,0.01375,0,0,0,0
29/10/2007 00:00,0,0,23.84,1,263.8,0,2.21,618.11,17.881,0,250,250,154.5,0,9.6,0,0.01375,0.011,0.01375,0.01375,0,0,0,0
30/10/2007 00:00,0,0,19.94,1,284.4,0,2.21,618.11,17.881,0,250,250,154.5,0,9.6,0,0.01375,0.011,0.01375,0.01375,0,0,0,0
31/10/2007 00:00,0,0,18.37,1,293.6,0,2.21,618.11,17.881,0,250,250,154.5,0,9.6,0,0.01375,0.011,0.01375,0.01375,0,0,0,0
01/11/2007 00:00,0,0,19.14,1,289,0,2.21,618.11,17.881,0,250,250,154.5,0,9.6,0,0.01375,0.011,0.01375,0.01375,0,0,0,0
02/11/2007 00:00,0,0,22,1,273.2,0,2.21,618.11,17.881,0,250,250,154.5,0,9.6,0,0.01375,0.011,0.01375,0.01375,0,0,0,0
03/11/2007 00:00,0,0,19.2,1,288.7,0,2.21,618.11,17.881,0,250,250,154.5,0,9.6,0,0.01375,0.011,0.01375,0.01375,0,0,0,0
04/11/2007 00:00,0,0,20.06,1,283.7,0,2.21,618.11,17.881,0,250,250,154.5,0,9.6,0,0.01375,0.011,0.01375,0.01375,0,0,0,0
05/11/2007 00:00,0,0,13.48,1,325.7,0,2.21,618.11,17.881,0,250,250,154.5,0,9.6,0,0.01375,0.011,0.01375,0.01375,0,0,0,0
06/11/2007 00:00,0,0,13.65,1,324.5,0,2.21,618.11,17.881,0,250,250,154.5,0,9.6,0,0.01375,0.011,0.01375,0.01375,0,0,0,0
07/11/2007 00:00,0,0,13.8,1,323.5,0,2.21,618.11,17.881,0,250,250,154.5,0,9.6,0,0.01375,0.011,0.01375,0.01375,0,0,0,0
08/11/2007 00:00,0,0,14.72,1,317,0,2.21,618.11,17.881,0,250,250,154.5,0,9.6,0,0.01375,0.011,0.01375,0.01375,0,0,0,0
09/11/2007 00:00,0,0,15.54,1,311.5,0,2.21,618.11,17.881,0,250,250,154.5,0,9.6,0,0.01375,0.011,0.01375,0.01375,0,0,0,0
10/11/2007 00:00,0,0,16.15,1,307.4,0,2.21,618.11,17.881,0,250,250,154.5,0,9.6,0,0.01375,0.011,0.01375,0.01375,0,0,0,0
11/11/2007 00:00,0,0,17.68,1,297.7,0,2.21,618.11,17.881,0,250,250,154.5,0,9.6,0,0.01375,0.011,0.01375,0.01375,0,0,0,0
12/11/2007 00:00,0,0,18.01,1,295.7,0,2.21,618.11,17.881,0,250,250,154.5,0,9.6,0,0.01375,0.011,0.01375,0.01375,0,0,0,0
13/11/2007 00:00,0,0,18.8,1,291,0,2.21,618.11,17.881,0,250,250,154.5,0,9.6,0,0.01375,0.011,0.01375,0.01375,0,0,0,0
14/11/2007 00:00,0,0,22.31,1,271.6,0,2.21,618.11,17.881,0,250,250,154.5,0,9.6,0,0.01375,0.011,0.01375,0.01375,0,0,0,0
15/11/2007 00:00,0,0,20.91,1,279,0,2.21,618.11,17.881,0,250,250,154.5,0,9.6,0,0.01375,0.011,0.01375,0.01375,0,0,0,0
16/11/2007 00:00,0,0,21.07,1,278.2,0,2.21,618.11,17.881,0,250,250,154.5,0,9.6,0,0.01375,0.011,0.01375,0.01375,0,0,0,0
17/11/2007 00:00,0,0,20.61,1,280.7,0,2.21,618.11,17.881,0,250,250,154.5,0,9.6,0,0.01375,0.011,0.01375,0.01375,0,0,0,0
18/11/2007 00:00,0,0,20.92,1,279,0,2.21,618.11,17.881,0,250,250,154.5,0,9.6,0,0.01375,0.011,0.01375,0.01375,0,0,0,0
19/11/2007 00:00,0,0,21.45,1,276.1,0,2.21,618.11,17.881,0,250,250,154.5,0,9.6,0,0.01375,0.011,0.01375,0.01375,0,0,0,0
20/11/2007 00:00,0,0,20.79,1,279.7,0,2.21,618.11,17.881,0,250,250,154.5,0,9.6,0,0.01375,0.011,0.01375,0.01375,0,0,0,0
21/11/2007 00:00,0,0,22,1,273.2,0,2.21,618.11,17.881,0,250,250,154.5,0,9.6,0,0.01375,0.011,0.01375,0.01375,0,0,0,0
22/11/2007 00:00,0,0,18.64,1,292,0,2.21,618.11,17.881,0,250,250,154.5,0,9.6,0,0.01375,0.011,0.01375,0.01375,0,0,0,0
23/11/2007 00:00,0,0,17.68,1,297.8,0,2.21,618.11,17.881,0,250,250,154.5,0,9.6,0,0.01375,0.011,0.01375,0.01375,0,0,0,0
24/11/2007 00:00,0,0,17.83,1,296.8,0,2.21,618.11,17.881,0,250,250,154.5,0,9.6,0,0.01375,0.011,0.01375,0.01375,0,0,0,0
25/11/2007 00:00,0,0,20.88,1,279.2,0,2.21,618.11,17.881,0,250,250,154.5,0,9.6,0,0.01375,0.011,0.01375,0.01375,0,0,0,0
26/11/2007 00:00,0,0,20.55,1,281,0,2.21,618.11,17.881,0,250,250,154.5,0,9.6,0,0.01375,0.011,0.01375,0.01375,0,0,0,0
27/11/2007 00:00,0,0,18.37,1,293.5,0,2.21,618.11,17.881,0,250,250,154.5,0,9.6,0,0.01375,0.011,0.01375,0.01375,0,0,0,0
28/11/2007 00:00,0,0,21.13,1,277.8,0,2.21,618.11,17.881,0,250,250,154.5,0,9.6,0,0.01375,0.011,0.01375,0.01375,0,0,0,0
29/11/2007 00:00,0,0,20.84,1,279.4,0,2.21,618.11,17.881,0,250,250,154.5,0,9.6,0,0.01375,0.011,0.01375,0.01375,0,0,0,0
30/11/2007 00:00,0,0,19.47,1,287.1,0,2.21,618.11,17.881,0,250,250,154.5,0,9.6,0,0.01375,0.011,0.01375,0.01375,0,0,0,0
01/12/2007 00:00,0,0,18.56,1,292.4,0,2.21,618.11,17.881,0,250,250,154.5,0,9.6,0,0.01375,0.011,0.01375,0.01375,0,0,0,0
02/12/2007 00:00,0,0,19.85,1,285,0,2.21,618.11,17.881,0,250,250,154.5,0,9.6,0,0.01375,0.011,0.01375,0.01375,0,0,0,0
03/12/2007 00:00,0,0,21.35,1,276.7,0,2.21,618.11,17.881,0,250,250,154.5,0,9.6,0,0.01375,0.011,0.01375,0.01375,0,0,0,0
04/12/2007 00:00,0,0,21.17,1,277.6,0,2.21,618.11,17.881,0,250,250,154.5,0,9.6,0,0.01375,0.011,0.01375,0.01375,0,0,0,0
05/12/2007 00:00,0,0,20.51,1,281.2,0,2.21,618.11,17.881,0,250,250,154.5,0,9.6,0,0.01375,0.011,0.01375,0.01375,0,0,0,0
06/12/2007 00:00,0,0,20.92,1,279,0,2.21,618.11,17.881,0,250,250,154.5,0,9.6,0,0.01375,0.011,0.01375,0.01375,0,0,0,0
07/12/2007 00:00,0,0,22.71,1,269.5,0,2.21,618.11,17.881,0,250,250,154.5,0,9.6,0,0.01375,0.011,0.01375,0.01375,0,0,0,0
08/12/2007 00:00,0,0,20.8,1,279.7,0,2.21,618.11,17.881,0,250,250,154.5,0,9.6,0,0.01375,0.011,0.01375,0.01375,0,0,0,0
09/12/2007 00:00,0,0,24.49,1,260.6,0,2.21,618.11,17.881,0,250,250,154.5,0,9.6,0,0.01375,0.011,0.01375,0.01375,0,0,0,0
10/12/2007 00:00,0,0,20.49,1,281.4,0,2.21,618.11,17.881,0,250,250,154.5,0,9.6,0,0.01375,0.011,0.01375,0.01375,0,0,0,0
11/12/2007 00:00,0,0,16.64,1,304.2,0,2.21,618.11,17.881,0,250,250,154.5,0,9.6,0,0.01375,0.011,0.01375,0.01375,0,0,0,0
12/12/2007 00:00,0,0,17.81,1,297,0,2.21,618.11,17.881,0,250,250,154.5,0,9.6,0,0.01375,0.011,0.01375,0.01375,0,0,0,0
13/12/2007 00:00,0,0,17.22,1,300.6,0,2.21,618.11,17.881,0,250,250,154.5,0,9.6,0,0.01375,0.011,0.01375,0.01375,0,0,0,0
14/12/2007 00:00,0,0,17.95,1,296.1,0,2.21,618.11,17.881,0,250,250,154.5,0,9.6,0,0.01375,0.011,0.01375,0.01375,0,0,0,0
15/12/2007 00:00,0,0,22.65,1,269.8,0,2.21,618.11,17.881,0,250,250,154.5,0,9.6,0,0.01375,0.011,0.01375,0.01375,0,0,0,0
16/12/2007 00:00,0,0,20.87,1,279.3,0,2.21,618.11,17.881,0,250,250,154.5,0,9.6,0,0.01375,0.011,0.01375,0.01375,0,0,0,0
17/12/2007 00:00,0,0,18.42,1,293.2,0,2.21,618.11,17.881,0,250,250,154.5,0,9.6,0,0.01375,0.011,0.01375,0.01375,0,0,0,0
18/12/2007 00:00,0,0,18.58,1,292.3,0,2.21,618.11,17.881,0,250,250,154.5,0,9.6,0,0.01375,0.011,0.01375,0.01375,0,0,0,0
19/12/2007 00:00,0,0,20.39,1,281.9,0,2.21,618.11,17.881,0,250,250,154.5,0,9.6,0,0.01375,0.011,0.01375,0.01375,0,0,0,0
20/12/2007 00:00,0,0,20.33,1,282.2,0,2.21,618.11,17.881,0,250,250,154.5,0,9.6,0,0.01375,0.011,0.01375,0.01375,0,0,0,0
21/12/2007 00:00,0,0,24.71,1,259.6,0,2.21,618.11,17.881,0,250,250,154.5,0,9.6,0,0.01375,0.011,0.01375,0.01375,0,0,0,0
22/12/2007 00:00,0.001,0,22.79,1,269.1,0,2.21,618.11,17.881,0,250,250,154.5,0,9.6,0,0.01375,0.011,0.01375,0.01375,0,0,0,0
23/12/2007 00:00,0.001,0,17.8,1,297,0,2.21,618.11,17.881,0,250,250,154.5,0,9.6,0,0.01375,0.011,0.01375,0.01375,0,0,0,0
24/12/2007 00:00,0,0,18.95,1,290.1,0,2.21,618.11,17.881,0,250,250,154.5,0,9.6,0,0.01375,0.011,0.01375,0.01375,0,0,0,0
25/12/2007 00:00,0.001,0,16.79,1,303.3,0,2.21,618.11,17.881,0,250,250,154.5,0,9.6,0,0.01375,0.011,0.01375,0.01375,0,0,0,0
26/12/2007 00:00,0,0,19.61,1,286.3,0,2.21,618.11,17.881,0,250,250,154.5,0,9.6,0,0.01375,0.011,0.01375,0.01375,0,0,0,0
27/12/2007 00:00,0.001,0,22.05,1,272.9,0,2.21,618.11,17.881,0,250,250,154.5,0,9.6,0,0.01375,0.011,0.01375,0.01375,0,0,0,0
28/12/2007 00:00,0.001,0,22.08,1,272.8,0,2.21,618.11,17.881,0,250,250,154.5,0,9.6,0,0.01375,0.011,0.01375,0.01375,0,0,0,0
29/12/2007 00:00,0.001,0,21.95,1,273.4,0,2.21,618.11,17.881,0,250,250,154.5,0,9.6,0,0.01375,0.011,0.01375,0.01375,0,0,0,0
30/12/2007 00:00,0.001,0,21.29,1,277,0,2.21,618.11,17.881,0,250,250,154.5,0,9.6,0,0.01375,0.011,0.01375,0.01375,0,0,0,0
31/12/2007 00:00,0.001,0,20.13,1,283.4,0,2.21,618.11,17.881,0,250,250,154.5,0,9.6,0,0.01375,0.011,0.01375,0.01375,0,0,0,0
01/01/2008 00:00,0.001,0,13.23,1,327.5,0,2.21,618.11,17.881,0,250,250,154.5,0,9.6,0,0.01375,0.011,0.01375,0.01375,0,0,0,0
