Date,Q_m3s,Sal_gperL,Temp_degC,TSS_mgperL,DO_mmolperm3,SiO2_mmolperm3,Ammonium_mmolperm3,NOx_mmolperm3,FRP_mmolperm3,FRP_ADS_mmolperm3,DOC_mmolperm3,POC_mmolperm3,DON_mmolperm3,PON_mmolperm3,DOP_mmolperm3,POP_mmolperm3,PHY_GRN_mmolperm3,PHY_BGA_mmolperm3,PHY_FDIA_mmolperm3,PHY_MDIA_mmolperm3,Crypto_cfuper100mL,Ecoli_cfuper100mL,FC_cfuper100mL,Enterococci_cfuper100mL
01/10/2005 00:00,0.017,0,16.21,98.1,307,0,193.3,0,10.873,0,250,250,0,0,5.9,0,0.01375,0.011,0.01375,0.01375,0,0,0,0
02/10/2005 00:00,0.016,0,19.42,92.2,287.4,0,193.3,0,10.439,0,250,250,0,0,5.6,0,0.01375,0.011,0.01375,0.01375,0,0,0,0
03/10/2005 00:00,0.015,0,21.49,86.3,275.9,0,193.3,0,10.005,0,250,250,0,0,5.4,0,0.01375,0.011,0.01375,0.01375,0,0,0,0
04/10/2005 00:00,0.014,0,13.77,80.4,323.6,0,193.3,0,9.57,0,250,250,0,0,5.2,0,0.01375,0.011,0.01375,0.01375,0,0,0,0
05/10/2005 00:00,0.014,0,21.91,74.4,273.7,0,193.3,0,9.136,0,250,250,0,0,4.9,0,0.01375,0.011,0.01375,0.01375,0,0,0,0
06/10/2005 00:00,0.013,0,18.45,68.5,293.1,0,193.3,0,8.702,0,250,250,0,0,4.7,0,0.01375,0.011,0.01375,0.01375,0,0,0,0
07/10/2005 00:00,0.012,0,15.92,62.6,308.9,0,193.3,0,8.267,0,250,250,0,0,4.5,0,0.01375,0.011,0.01375,0.01375,0,0,0,0
08/10/2005 00:00,0.011,0,16.02,56.6,308.2,0,193.3,0,7.833,0,250,250,0,0,4.2,0,0.01375,0.011,0.01375,0.01375,0,0,0,0
09/10/2005 00:00,0.01,0,12.17,50.7,335.4,0,193.3,0,7.399,0,250,250,0,0,4,0,0.01375,0.011,0.01375,0.01375,0,0,0,0
10/10/2005 00:00,0.009,0,14.62,44.8,317.7,0,193.3,0,6.964,0,250,250,0,0,3.8,0,0.01375,0.011,0.01375,0.01375,0,0,0,0
11/10/2005 00:00,0.008,0,17.66,38.9,297.9,0,193.3,0,6.53,0,250,250,0,0,3.5,0,0.01375,0.011,0.01375,0.01375,0,0,0,0
12/10/2005 00:00,0.007,0,12.79,32.9,330.8,0,193.3,0,6.096,0,250,250,0,0,3.3,0,0.01375,0.011,0.01375,0.01375,0,0,0,0
13/10/2005 00:00,0.006,0,16.57,27,304.7,0,193.3,0,5.661,0,250,250,0,0,3,0,0.01375,0.011,0.01375,0.01375,0,0,0,0
14/10/2005 00:00,0.006,0,18.04,27.6,295.5,0,193.3,0,5.721,0,250,250,0,0,3.1,0,0.01375,0.011,0.01375,0.01375,0,0,0,0
15/10/2005 00:00,0.006,0,13.88,28.1,322.9,0,193.3,0,5.781,0,250,250,0,0,3.1,0,0.01375,0.011,0.01375,0.01375,0,0,0,0
16/10/2005 00:00,0.006,0,13.42,28.7,326.2,0,193.3,0,5.841,0,250,250,0,0,3.1,0,0.01375,0.011,0.01375,0.01375,0,0,0,0
17/10/2005 00:00,0.006,0,12.81,29.3,330.6,0,193.3,0,5.901,0,250,250,0,0,3.2,0,0.01375,0.011,0.01375,0.01375,0,0,0,0
18/10/2005 00:00,0.006,0,13.55,29.9,325.2,0,193.3,0,5.961,0,250,250,0,0,3.2,0,0.01375,0.011,0.01375,0.01375,0,0,0,0
19/10/2005 00:00,0.006,0,15.52,30.4,311.6,0,193.3,0,6.021,0,250,250,0,0,3.2,0,0.01375,0.011,0.01375,0.01375,0,0,0,0
20/10/2005 00:00,0.006,0,15.48,31,311.8,0,193.3,0,6.081,0,250,250,0,0,3.3,0,0.01375,0.011,0.01375,0.01375,0,0,0,0
21/10/2005 00:00,0.006,0,18.27,31.6,294.2,0,193.3,0,6.141,0,250,250,0,0,3.3,0,0.01375,0.011,0.01375,0.01375,0,0,0,0
22/10/2005 00:00,0.006,0,18.03,32.1,295.6,0,193.3,0,6.2,0,250,250,0,0,3.3,0,0.01375,0.011,0.01375,0.01375,0,0,0,0
23/10/2005 00:00,0.006,0,20.67,32.7,280.4,0,193.3,0,6.26,0,250,250,0,0,3.4,0,0.01375,0.011,0.01375,0.01375,0,0,0,0
24/10/2005 00:00,0.006,0,19.4,33.3,287.5,0,193.3,0,6.32,0,250,250,0,0,3.4,0,0.01375,0.011,0.01375,0.01375,0,0,0,0
25/10/2005 00:00,0.006,0,20.19,33.9,283,0,193.3,0,6.38,0,250,250,0,0,3.4,0,0.01375,0.011,0.01375,0.01375,0,0,0,0
26/10/2005 00:00,0.006,0,23.34,34.4,266.3,0,193.3,0,6.44,0,250,250,0,0,3.5,0,0.01375,0.011,0.01375,0.01375,0,0,0,0
27/10/2005 00:00,0.006,0,20.89,35,279.2,0,193.3,0,6.5,0,250,250,0,0,3.5,0,0.01375,0.011,0.01375,0.01375,0,0,0,0
28/10/2005 00:00,0.008,0,17.7,34.4,297.6,0,193.3,0,7.039,0,250,250,0,0,3.8,0,0.01375,0.011,0.01375,0.01375,0,0,0,0
29/10/2005 00:00,0.01,0,19.68,33.7,285.9,0,193.3,0,7.578,0,250,250,0,0,4.1,0,0.01375,0.011,0.01375,0.01375,0,0,0,0
30/10/2005 00:00,0.012,0,18.76,33.1,291.3,0,193.3,0,8.118,0,250,250,0,0,4.4,0,0.01375,0.011,0.01375,0.01375,0,0,0,0
31/10/2005 00:00,0.013,0,20,32.4,284.1,0,193.3,0,8.657,0,250,250,0,0,4.7,0,0.01375,0.011,0.01375,0.01375,0,0,0,0
01/11/2005 00:00,0.015,0,18.82,31.8,290.9,0,193.3,0,9.196,0,250,250,0,0,5,0,0.01375,0.011,0.01375,0.01375,0,0,0,0
02/11/2005 00:00,0.017,0,20.86,31.1,279.3,0,193.3,0,9.735,0,250,250,0,0,5.2,0,0.01375,0.011,0.01375,0.01375,0,0,0,0
03/11/2005 00:00,0.019,0,24.3,30.5,261.6,0,193.3,0,10.274,0,250,250,0,0,5.5,0,0.01375,0.011,0.01375,0.01375,0,0,0,0
04/11/2005 00:00,0.021,0,20.46,29.9,281.5,0,193.3,0,10.813,0,250,250,0,0,5.8,0,0.01375,0.011,0.01375,0.01375,0,0,0,0
05/11/2005 00:00,0.023,0,16.81,29.2,303.2,0,193.3,0,11.353,0,250,250,0,0,6.1,0,0.01375,0.011,0.01375,0.01375,0,0,0,0
06/11/2005 00:00,0.024,0,17.55,28.6,298.5,0,193.3,0,11.892,0,250,250,0,0,6.4,0,0.01375,0.011,0.01375,0.01375,0,0,0,0
07/11/2005 00:00,0.026,0,17.17,27.9,300.9,0,193.3,0,12.431,0,250,250,0,0,6.7,0,0.01375,0.011,0.01375,0.01375,0,0,0,0
08/11/2005 00:00,0.028,0,19.99,27.3,284.1,0,193.3,0,12.97,0,250,250,0,0,7,0,0.01375,0.011,0.01375,0.01375,0,0,0,0
09/11/2005 00:00,0.03,0,25.78,26.6,254.5,0,193.3,0,13.509,0,250,250,0,0,7.3,0,0.01375,0.011,0.01375,0.01375,0,0,0,0
10/11/2005 00:00,0.032,0,23.15,26,267.3,0,193.3,0,14.048,0,250,250,0,0,7.6,0,0.01375,0.011,0.01375,0.01375,0,0,0,0
11/11/2005 00:00,0.03,0,16.06,28.3,308,0,193.3,0,13.988,0,250,250,0,0,7.5,0,0.01375,0.011,0.01375,0.01375,0,0,0,0
12/11/2005 00:00,0.029,0,16.36,30.6,306,0,193.3,0,13.929,0,250,250,0,0,7.5,0,0.01375,0.011,0.01375,0.01375,0,0,0,0
13/11/2005 00:00,0.027,0,17.79,32.9,297.1,0,193.3,0,13.869,0,250,250,0,0,7.5,0,0.01375,0.011,0.01375,0.01375,0,0,0,0
14/11/2005 00:00,0.026,0,17.63,35.1,298.1,0,193.3,0,13.809,0,250,250,0,0,7.4,0,0.01375,0.011,0.01375,0.01375,0,0,0,0
15/11/2005 00:00,0.024,0,16.86,37.4,302.9,0,193.3,0,13.749,0,250,250,0,0,7.4,0,0.01375,0.011,0.01375,0.01375,0,0,0,0
16/11/2005 00:00,0.022,0,13.01,39.7,329.2,0,193.3,0,13.689,0,250,250,0,0,7.4,0,0.01375,0.011,0.01375,0.01375,0,0,0,0
17/11/2005 00:00,0.021,0,13.87,42,322.9,0,193.3,0,13.629,0,250,250,0,0,7.3,0,0.01375,0.011,0.01375,0.01375,0,0,0,0
18/11/2005 00:00,0.019,0,18.02,44.3,295.7,0,193.3,0,13.569,0,250,250,0,0,7.3,0,0.01375,0.011,0.01375,0.01375,0,0,0,0
19/11/2005 00:00,0.018,0,22.17,46.6,272.3,0,193.3,0,13.509,0,250,250,0,0,7.3,0,0.01375,0.011,0.01375,0.01375,0,0,0,0
20/11/2005 00:00,0.016,0,18.11,48.9,295.1,0,193.3,0,13.449,0,250,250,0,0,7.2,0,0.01375,0.011,0.01375,0.01375,0,0,0,0
21/11/2005 00:00,0.015,0,16.59,51.1,304.6,0,193.3,0,13.389,0,250,250,0,0,7.2,0,0.01375,0.011,0.01375,0.01375,0,0,0,0
22/11/2005 00:00,0.013,0,20.48,53.4,281.4,0,193.3,0,13.329,0,250,250,0,0,7.2,0,0.01375,0.011,0.01375,0.01375,0,0,0,0
23/11/2005 00:00,0.012,0,15.74,55.7,310.1,0,193.3,0,13.27,0,250,250,0,0,7.1,0,0.01375,0.011,0.01375,0.01375,0,0,0,0
24/11/2005 00:00,0.01,0,16.33,58,306.3,0,193.3,0,13.21,0,250,250,0,0,7.1,0,0.01375,0.011,0.01375,0.01375,0,0,0,0
25/11/2005 00:00,0.01,0,14.95,57.1,315.4,0,193.3,0,13.344,0,250,250,0,0,7.2,0,0.01375,0.011,0.01375,0.01375,0,0,0,0
26/11/2005 00:00,0.01,0,20.44,56.3,281.6,0,193.3,0,13.479,0,250,250,0,0,7.3,0,0.01375,0.011,0.01375,0.01375,0,0,0,0
27/11/2005 00:00,0.01,0,12.73,55.4,331.2,0,193.3,0,13.614,0,250,250,0,0,7.3,0,0.01375,0.011,0.01375,0.01375,0,0,0,0
28/11/2005 00:00,0.01,0,12.65,54.6,331.8,0,193.3,0,13.749,0,250,250,0,0,7.4,0,0.01375,0.011,0.01375,0.01375,0,0,0,0
29/11/2005 00:00,0.01,0,13.36,53.7,326.6,0,193.3,0,13.884,0,250,250,0,0,7.5,0,0.01375,0.011,0.01375,0.01375,0,0,0,0
30/11/2005 00:00,0.01,0,15.46,52.9,312,0,193.3,0,14.018,0,250,250,0,0,7.5,0,0.01375,0.011,0.01375,0.01375,0,0,0,0
01/12/2005 00:00,0.01,0,22.02,52,273.1,0,193.3,0,14.153,0,250,250,0,0,7.6,0,0.01375,0.011,0.01375,0.01375,0,0,0,0
02/12/2005 00:00,0.01,0,22.09,51.1,272.7,0,193.3,0,14.288,0,250,250,0,0,7.7,0,0.01375,0.011,0.01375,0.01375,0,0,0,0
03/12/2005 00:00,0.011,0,17.59,50.3,298.3,0,193.3,0,14.423,0,250,250,0,0,7.8,0,0.01375,0.011,0.01375,0.01375,0,0,0,0
04/12/2005 00:00,0.011,0,21.02,49.4,278.4,0,193.3,0,14.558,0,250,250,0,0,7.8,0,0.01375,0.011,0.01375,0.01375,0,0,0,0
05/12/2005 00:00,0.011,0,23.53,48.6,265.4,0,193.3,0,14.692,0,250,250,0,0,7.9,0,0.01375,0.011,0.01375,0.01375,0,0,0,0
06/12/2005 00:00,0.011,0,25.59,47.7,255.4,0,193.3,0,14.827,0,250,250,0,0,8,0,0.01375,0.011,0.01375,0.01375,0,0,0,0
07/12/2005 00:00,0.011,0,29.32,46.9,239,0,193.3,0,14.962,0,250,250,0,0,8.1,0,0.01375,0.011,0.01375,0.01375,0,0,0,0
08/12/2005 00:00,0.011,0,23.02,46,267.9,0,193.3,0,15.097,0,250,250,0,0,8.1,0,0.01375,0.011,0.01375,0.01375,0,0,0,0
09/12/2005 00:00,0.01,0,19.07,48.9,289.4,0,193.3,0,15.666,0,250,250,0,0,8.4,0,0.01375,0.011,0.01375,0.01375,0,0,0,0
10/12/2005 00:00,0.01,0,21.01,51.9,278.5,0,193.3,0,16.235,0,250,250,0,0,8.7,0,0.01375,0.011,0.01375,0.01375,0,0,0,0
11/12/2005 00:00,0.009,0,15.55,54.8,311.4,0,193.3,0,16.804,0,250,250,0,0,9,0,0.01375,0.011,0.01375,0.01375,0,0,0,0
12/12/2005 00:00,0.008,0,17.28,57.7,300.2,0,193.3,0,17.373,0,250,250,0,0,9.4,0,0.01375,0.011,0.01375,0.01375,0,0,0,0
13/12/2005 00:00,0.008,0,22.95,60.6,268.3,0,193.3,0,17.942,0,250,250,0,0,9.7,0,0.01375,0.011,0.01375,0.01375,0,0,0,0
14/12/2005 00:00,0.007,0,19.88,63.6,284.8,0,193.3,0,18.512,0,250,250,0,0,10,0,0.01375,0.011,0.01375,0.01375,0,0,0,0
15/12/2005 00:00,0.007,0,19.5,66.5,286.9,0,193.3,0,19.081,0,250,250,0,0,10.3,0,0.01375,0.011,0.01375,0.01375,0,0,0,0
16/12/2005 00:00,0.006,0,25.74,69.4,254.7,0,193.3,0,19.65,0,250,250,0,0,10.6,0,0.01375,0.011,0.01375,0.01375,0,0,0,0
17/12/2005 00:00,0.006,0,23.01,72.4,268,0,193.3,0,20.219,0,250,250,0,0,10.9,0,0.01375,0.011,0.01375,0.01375,0,0,0,0
18/12/2005 00:00,0.005,0,17.03,75.3,301.8,0,193.3,0,20.788,0,250,250,0,0,11.2,0,0.01375,0.011,0.01375,0.01375,0,0,0,0
19/12/2005 00:00,0.004,0,17.46,78.2,299.1,0,193.3,0,21.357,0,250,250,0,0,11.5,0,0.01375,0.011,0.01375,0.01375,0,0,0,0
20/12/2005 00:00,0.004,0,19.5,81.1,286.9,0,193.3,0,21.926,0,250,250,0,0,11.8,0,0.01375,0.011,0.01375,0.01375,0,0,0,0
21/12/2005 00:00,0.003,0,26.44,84.1,251.5,0,193.3,0,22.495,0,250,250,0,0,12.1,0,0.01375,0.011,0.01375,0.01375,0,0,0,0
22/12/2005 00:00,0.003,0,23.74,87,264.3,0,193.3,0,23.065,0,250,250,0,0,12.4,0,0.01375,0.011,0.01375,0.01375,0,0,0,0
23/12/2005 00:00,0.003,0,24.84,80.8,258.9,0,193.3,0,21.417,0,250,250,0,0,11.5,0,0.01375,0.011,0.01375,0.01375,0,0,0,0
24/12/2005 00:00,0.002,0,28.94,74.6,240.6,0,193.3,0,19.77,0,250,250,0,0,10.6,0,0.01375,0.011,0.01375,0.01375,0,0,0,0
25/12/2005 00:00,0.002,0,20.79,68.4,279.7,0,193.3,0,18.122,0,250,250,0,0,9.8,0,0.01375,0.011,0.01375,0.01375,0,0,0,0
26/12/2005 00:00,0.002,0,20.69,62.1,280.3,0,193.3,0,16.475,0,250,250,0,0,8.9,0,0.01375,0.011,0.01375,0.01375,0,0,0,0
27/12/2005 00:00,0.002,0,21.83,55.9,274.1,0,193.3,0,14.827,0,250,250,0,0,8,0,0.01375,0.011,0.01375,0.01375,0,0,0,0
28/12/2005 00:00,0.002,0,27.4,49.7,247.2,0,193.3,0,13.18,0,250,250,0,0,7.1,0,0.01375,0.011,0.01375,0.01375,0,0,0,0
29/12/2005 00:00,0.002,0,23.95,43.5,263.3,0,193.3,0,11.532,0,250,250,0,0,6.2,0,0.01375,0.011,0.01375,0.01375,0,0,0,0
30/12/2005 00:00,0.001,0,23.53,37.3,265.4,0,193.3,0,9.885,0,250,250,0,0,5.3,0,0.01375,0.011,0.01375,0.01375,0,0,0,0
31/12/2005 00:00,0.001,0,25.11,31.1,257.6,0,193.3,0,8.237,0,250,250,0,0,4.4,0,0.01375,0.011,0.01375,0.01375,0,0,0,0
01/01/2006 00:00,0.001,0,32.3,24.9,227.1,0,193.3,0,6.59,0,250,250,0,0,3.5,0,0.01375,0.011,0.01375,0.01375,0,0,0,0
02/01/2006 00:00,0.001,0,20.03,18.6,283.9,0,193.3,0,4.942,0,250,250,0,0,2.7,0,0.01375,0.011,0.01375,0.01375,0,0,0,0
03/01/2006 00:00,0.001,0,23.33,12.4,266.4,0,193.3,0,3.295,0,250,250,0,0,1.8,0,0.01375,0.011,0.01375,0.01375,0,0,0,0
04/01/2006 00:00,0.001,0,16.66,6.2,304.1,0,193.3,0,1.647,0,250,250,0,0,0.9,0,0.01375,0.011,0.01375,0.01375,0,0,0,0
05/01/2006 00:00,0,0,17.23,0,300.5,0,193.3,0,0,0,250,250,0,0,0,0,0.01375,0.011,0.01375,0.01375,0,0,0,0
06/01/2006 00:00,0.002,0,20.23,6.4,282.8,0,193.3,0,1.198,0,250,250,0,0,0.6,0,0.01375,0.011,0.01375,0.01375,0,0,0,0
07/01/2006 00:00,0.004,0,19.02,12.9,289.7,0,193.3,0,2.396,0,250,250,0,0,1.3,0,0.01375,0.011,0.01375,0.01375,0,0,0,0
08/01/2006 00:00,0.005,0,19.86,19.3,284.8,0,193.3,0,3.594,0,250,250,0,0,1.9,0,0.01375,0.011,0.01375,0.01375,0,0,0,0
09/01/2006 00:00,0.007,0,19.39,25.7,287.6,0,193.3,0,4.793,0,250,250,0,0,2.6,0,0.01375,0.011,0.01375,0.01375,0,0,0,0
10/01/2006 00:00,0.008,0,24.75,32.1,259.4,0,193.3,0,5.991,0,250,250,0,0,3.2,0,0.01375,0.011,0.01375,0.01375,0,0,0,0
11/01/2006 00:00,0.01,0,25.24,38.6,257,0,193.3,0,7.189,0,250,250,0,0,3.9,0,0.01375,0.011,0.01375,0.01375,0,0,0,0
12/01/2006 00:00,0.012,0,22.18,45,272.2,0,193.3,0,8.387,0,250,250,0,0,4.5,0,0.01375,0.011,0.01375,0.01375,0,0,0,0
13/01/2006 00:00,0.013,0,20.57,51.4,280.9,0,193.3,0,9.585,0,250,250,0,0,5.2,0,0.01375,0.011,0.01375,0.01375,0,0,0,0
14/01/2006 00:00,0.015,0,25.02,57.9,258.1,0,193.3,0,10.783,0,250,250,0,0,5.8,0,0.01375,0.011,0.01375,0.01375,0,0,0,0
15/01/2006 00:00,0.016,0,19.51,64.3,286.9,0,193.3,0,11.982,0,250,250,0,0,6.5,0,0.01375,0.011,0.01375,0.01375,0,0,0,0
16/01/2006 00:00,0.018,0,21.48,70.7,275.9,0,193.3,0,13.18,0,250,250,0,0,7.1,0,0.01375,0.011,0.01375,0.01375,0,0,0,0
17/01/2006 00:00,0.019,0,21.5,77.1,275.9,0,193.3,0,14.378,0,250,250,0,0,7.7,0,0.01375,0.011,0.01375,0.01375,0,0,0,0
18/01/2006 00:00,0.021,0,17.96,83.6,296.1,0,193.3,0,15.576,0,250,250,0,0,8.4,0,0.01375,0.011,0.01375,0.01375,0,0,0,0
19/01/2006 00:00,0.023,0,17.53,90,298.7,0,193.3,0,16.774,0,250,250,0,0,9,0,0.01375,0.011,0.01375,0.01375,0,0,0,0
20/01/2006 00:00,0.022,0,19.39,93.6,287.6,0,193.3,0,17.972,0,250,250,0,0,9.7,0,0.01375,0.011,0.01375,0.01375,0,0,0,0
21/01/2006 00:00,0.02,0,24.48,97.1,260.7,0,193.3,0,19.171,0,250,250,0,0,10.3,0,0.01375,0.011,0.01375,0.01375,0,0,0,0
22/01/2006 00:00,0.019,0,24.13,100.7,262.4,0,193.3,0,20.369,0,250,250,0,0,11,0,0.01375,0.011,0.01375,0.01375,0,0,0,0
23/01/2006 00:00,0.018,0,25.9,104.3,254,0,193.3,0,21.567,0,250,250,0,0,11.6,0,0.01375,0.011,0.01375,0.01375,0,0,0,0
24/01/2006 00:00,0.017,0,21.08,107.9,278.1,0,193.3,0,22.765,0,250,250,0,0,12.3,0,0.01375,0.011,0.01375,0.01375,0,0,0,0
25/01/2006 00:00,0.016,0,17.97,111.4,295.9,0,193.3,0,23.963,0,250,250,0,0,12.9,0,0.01375,0.011,0.01375,0.01375,0,0,0,0
26/01/2006 00:00,0.015,0,22.94,115,268.3,0,193.3,0,25.161,0,250,250,0,0,13.5,0,0.01375,0.011,0.01375,0.01375,0,0,0,0
27/01/2006 00:00,0.014,0,24.78,118.6,259.2,0,193.3,0,26.359,0,250,250,0,0,14.2,0,0.01375,0.011,0.01375,0.01375,0,0,0,0
28/01/2006 00:00,0.012,0,22.3,122.1,271.6,0,193.3,0,27.558,0,250,250,0,0,14.8,0,0.01375,0.011,0.01375,0.01375,0,0,0,0
29/01/2006 00:00,0.011,0,20.68,125.7,280.3,0,193.3,0,28.756,0,250,250,0,0,15.5,0,0.01375,0.011,0.01375,0.01375,0,0,0,0
30/01/2006 00:00,0.01,0,22.96,129.3,268.2,0,193.3,0,29.954,0,250,250,0,0,16.1,0,0.01375,0.011,0.01375,0.01375,0,0,0,0
31/01/2006 00:00,0.009,0,20.67,132.9,280.4,0,193.3,0,31.152,0,250,250,0,0,16.8,0,0.01375,0.011,0.01375,0.01375,0,0,0,0
01/02/2006 00:00,0.008,0,27.01,136.4,248.9,0,193.3,0,32.35,0,250,250,0,0,17.4,0,0.01375,0.011,0.01375,0.01375,0,0,0,0
02/02/2006 00:00,0.007,0,28.6,140,242,0,193.3,0,33.548,0,250,250,0,0,18.1,0,0.01375,0.011,0.01375,0.01375,0,0,0,0
03/02/2006 00:00,0.006,0,23.34,133.6,266.3,0,193.3,0,32.245,0,250,250,0,0,17.4,0,0.01375,0.011,0.01375,0.01375,0,0,0,0
04/02/2006 00:00,0.006,0,20.27,127.1,282.5,0,193.3,0,30.942,0,250,250,0,0,16.7,0,0.01375,0.011,0.01375,0.01375,0,0,0,0
05/02/2006 00:00,0.005,0,19.9,120.7,284.7,0,193.3,0,29.639,0,250,250,0,0,16,0,0.01375,0.011,0.01375,0.01375,0,0,0,0
06/02/2006 00:00,0.005,0,26.12,114.3,253,0,193.3,0,28.336,0,250,250,0,0,15.3,0,0.01375,0.011,0.01375,0.01375,0,0,0,0
07/02/2006 00:00,0.004,0,16.84,107.9,303,0,193.3,0,27.033,0,250,250,0,0,14.6,0,0.01375,0.011,0.01375,0.01375,0,0,0,0
08/02/2006 00:00,0.004,0,17.03,101.4,301.8,0,193.3,0,25.73,0,250,250,0,0,13.9,0,0.01375,0.011,0.01375,0.01375,0,0,0,0
09/02/2006 00:00,0.004,0,23.5,95,265.5,0,193.3,0,24.427,0,250,250,0,0,13.2,0,0.01375,0.011,0.01375,0.01375,0,0,0,0
10/02/2006 00:00,0.003,0,19.1,88.6,289.3,0,193.3,0,23.124,0,250,250,0,0,12.5,0,0.01375,0.011,0.01375,0.01375,0,0,0,0
11/02/2006 00:00,0.003,0,21.06,82.1,278.2,0,193.3,0,21.821,0,250,250,0,0,11.8,0,0.01375,0.011,0.01375,0.01375,0,0,0,0
12/02/2006 00:00,0.002,0,22.64,75.7,269.9,0,193.3,0,20.518,0,250,250,0,0,11,0,0.01375,0.011,0.01375,0.01375,0,0,0,0
13/02/2006 00:00,0.002,0,23.13,69.3,267.4,0,193.3,0,19.215,0,250,250,0,0,10.3,0,0.01375,0.011,0.01375,0.01375,0,0,0,0
14/02/2006 00:00,0.001,0,18.83,62.9,290.8,0,193.3,0,17.912,0,250,250,0,0,9.6,0,0.01375,0.011,0.01375,0.01375,0,0,0,0
15/02/2006 00:00,0.001,0,21.38,56.4,276.5,0,193.3,0,16.609,0,250,250,0,0,8.9,0,0.01375,0.011,0.01375,0.01375,0,0,0,0
16/02/2006 00:00,0,0,22.43,50,271,0,193.3,0,15.306,0,250,250,0,0,8.2,0,0.01375,0.011,0.01375,0.01375,0,0,0,0
17/02/2006 00:00,0.002,0,25.56,55.7,255.6,0,193.3,0,15.037,0,250,250,0,0,8.1,0,0.01375,0.011,0.01375,0.01375,0,0,0,0
18/02/2006 00:00,0.004,0,25.77,61.4,254.5,0,193.3,0,14.767,0,250,250,0,0,8,0,0.01375,0.011,0.01375,0.01375,0,0,0,0
19/02/2006 00:00,0.006,0,26.16,67.1,252.8,0,193.3,0,14.498,0,250,250,0,0,7.8,0,0.01375,0.011,0.01375,0.01375,0,0,0,0
20/02/2006 00:00,0.008,0,20.16,72.9,283.2,0,193.3,0,14.228,0,250,250,0,0,7.7,0,0.01375,0.011,0.01375,0.01375,0,0,0,0
21/02/2006 00:00,0.01,0,19.93,78.6,284.5,0,193.3,0,13.959,0,250,250,0,0,7.5,0,0.01375,0.011,0.01375,0.01375,0,0,0,0
22/02/2006 00:00,0.013,0,21.4,84.3,276.4,0,193.3,0,13.689,0,250,250,0,0,7.4,0,0.01375,0.011,0.01375,0.01375,0,0,0,0
23/02/2006 00:00,0.015,0,20.34,90,282.2,0,193.3,0,13.419,0,250,250,0,0,7.2,0,0.01375,0.011,0.01375,0.01375,0,0,0,0
24/02/2006 00:00,0.017,0,20.41,95.7,281.8,0,193.3,0,13.15,0,250,250,0,0,7.1,0,0.01375,0.011,0.01375,0.01375,0,0,0,0
25/02/2006 00:00,0.019,0,21.46,101.4,276.1,0,193.3,0,12.88,0,250,250,0,0,6.9,0,0.01375,0.011,0.01375,0.01375,0,0,0,0
26/02/2006 00:00,0.021,0,21.76,107.1,274.5,0,193.3,0,12.611,0,250,250,0,0,6.8,0,0.01375,0.011,0.01375,0.01375,0,0,0,0
27/02/2006 00:00,0.023,0,17.59,112.9,298.3,0,193.3,0,12.341,0,250,250,0,0,6.6,0,0.01375,0.011,0.01375,0.01375,0,0,0,0
28/02/2006 00:00,0.025,0,19.2,118.6,288.7,0,193.3,0,12.071,0,250,250,0,0,6.5,0,0.01375,0.011,0.01375,0.01375,0,0,0,0
01/03/2006 00:00,0.027,0,19.31,124.3,288,0,193.3,0,11.802,0,250,250,0,0,6.4,0,0.01375,0.011,0.01375,0.01375,0,0,0,0
02/03/2006 00:00,0.029,0,19.48,130,287,0,193.3,0,11.532,0,250,250,0,0,6.2,0,0.01375,0.011,0.01375,0.01375,0,0,0,0
03/03/2006 00:00,0.028,0,19.04,128.6,289.6,0,193.3,0,11.248,0,250,250,0,0,6.1,0,0.01375,0.011,0.01375,0.01375,0,0,0,0
04/03/2006 00:00,0.027,0,18.98,127.1,290,0,193.3,0,10.963,0,250,250,0,0,5.9,0,0.01375,0.011,0.01375,0.01375,0,0,0,0
05/03/2006 00:00,0.026,0,18.15,125.7,294.9,0,193.3,0,10.679,0,250,250,0,0,5.8,0,0.01375,0.011,0.01375,0.01375,0,0,0,0
06/03/2006 00:00,0.025,0,22.79,124.3,269.1,0,193.3,0,10.394,0,250,250,0,0,5.6,0,0.01375,0.011,0.01375,0.01375,0,0,0,0
07/03/2006 00:00,0.023,0,21.6,122.9,275.3,0,193.3,0,10.109,0,250,250,0,0,5.4,0,0.01375,0.011,0.01375,0.01375,0,0,0,0
08/03/2006 00:00,0.022,0,20.75,121.4,279.9,0,193.3,0,9.825,0,250,250,0,0,5.3,0,0.01375,0.011,0.01375,0.01375,0,0,0,0
09/03/2006 00:00,0.021,0,23.93,120,263.4,0,193.3,0,9.54,0,250,250,0,0,5.1,0,0.01375,0.011,0.01375,0.01375,0,0,0,0
10/03/2006 00:00,0.02,0,22.59,118.6,270.1,0,193.3,0,9.256,0,250,250,0,0,5,0,0.01375,0.011,0.01375,0.01375,0,0,0,0
11/03/2006 00:00,0.019,0,22.28,117.1,271.7,0,193.3,0,8.971,0,250,250,0,0,4.8,0,0.01375,0.011,0.01375,0.01375,0,0,0,0
12/03/2006 00:00,0.018,0,23.98,115.7,263.1,0,193.3,0,8.687,0,250,250,0,0,4.7,0,0.01375,0.011,0.01375,0.01375,0,0,0,0
13/03/2006 00:00,0.017,0,25.5,114.3,255.8,0,193.3,0,8.402,0,250,250,0,0,4.5,0,0.01375,0.011,0.01375,0.01375,0,0,0,0
14/03/2006 00:00,0.016,0,21.65,112.9,275,0,193.3,0,8.118,0,250,250,0,0,4.4,0,0.01375,0.011,0.01375,0.01375,0,0,0,0
15/03/2006 00:00,0.015,0,21.07,111.4,278.2,0,193.3,0,7.833,0,250,250,0,0,4.2,0,0.01375,0.011,0.01375,0.01375,0,0,0,0
16/03/2006 00:00,0.014,0,23.27,110,266.6,0,193.3,0,7.548,0,250,250,0,0,4.1,0,0.01375,0.011,0.01375,0.01375,0,0,0,0
17/03/2006 00:00,0.013,0,18.67,112.1,291.8,0,193.3,0,7.533,0,250,250,0,0,4.1,0,0.01375,0.011,0.01375,0.01375,0,0,0,0
18/03/2006 00:00,0.013,0,18.93,114.3,290.2,0,193.3,0,7.518,0,250,250,0,0,4,0,0.01375,0.011,0.01375,0.01375,0,0,0,0
19/03/2006 00:00,0.012,0,23.07,116.4,267.7,0,193.3,0,7.503,0,250,250,0,0,4,0,0.01375,0.011,0.01375,0.01375,0,0,0,0
20/03/2006 00:00,0.011,0,17.21,118.6,300.6,0,193.3,0,7.488,0,250,250,0,0,4,0,0.01375,0.011,0.01375,0.01375,0,0,0,0
21/03/2006 00:00,0.01,0,17.09,120.7,301.4,0,193.3,0,7.474,0,250,250,0,0,4,0,0.01375,0.011,0.01375,0.01375,0,0,0,0
22/03/2006 00:00,0.01,0,17.33,122.9,299.9,0,193.3,0,7.459,0,250,250,0,0,4,0,0.01375,0.011,0.01375,0.01375,0,0,0,0
23/03/2006 00:00,0.009,0,18.45,125,293.1,0,193.3,0,7.444,0,250,250,0,0,4,0,0.01375,0.011,0.01375,0.01375,0,0,0,0
24/03/2006 00:00,0.008,0,17.57,127.1,298.5,0,193.3,0,7.429,0,250,250,0,0,4,0,0.01375,0.011,0.01375,0.01375,0,0,0,0
25/03/2006 00:00,0.007,0,16.53,129.3,305,0,193.3,0,7.414,0,250,250,0,0,4,0,0.01375,0.011,0.01375,0.01375,0,0,0,0
26/03/2006 00:00,0.007,0,17.67,131.4,297.8,0,193.3,0,7.399,0,250,250,0,0,4,0,0.01375,0.011,0.01375,0.01375,0,0,0,0
27/03/2006 00:00,0.006,0,19.79,133.6,285.3,0,193.3,0,7.384,0,250,250,0,0,4,0,0.01375,0.011,0.01375,0.01375,0,0,0,0
28/03/2006 00:00,0.005,0,20.05,135.7,283.8,0,193.3,0,7.369,0,250,250,0,0,4,0,0.01375,0.011,0.01375,0.01375,0,0,0,0
29/03/2006 00:00,0.004,0,18.74,137.9,291.4,0,193.3,0,7.354,0,250,250,0,0,4,0,0.01375,0.011,0.01375,0.01375,0,0,0,0
30/03/2006 00:00,0.004,0,20.48,140,281.4,0,193.3,0,7.339,0,250,250,0,0,4,0,0.01375,0.011,0.01375,0.01375,0,0,0,0
31/03/2006 00:00,0.003,0,18.58,133.1,292.3,0,193.3,0,7.024,0,250,250,0,0,3.8,0,0.01375,0.011,0.01375,0.01375,0,0,0,0
01/04/2006 00:00,0.003,0,13.84,126.1,323.1,0,193.3,0,6.71,0,250,250,0,0,3.6,0,0.01375,0.011,0.01375,0.01375,0,0,0,0
02/04/2006 00:00,0.003,0,12.51,119.2,332.8,0,193.3,0,6.395,0,250,250,0,0,3.4,0,0.01375,0.011,0.01375,0.01375,0,0,0,0
03/04/2006 00:00,0.003,0,15.92,112.3,308.9,0,193.3,0,6.081,0,250,250,0,0,3.3,0,0.01375,0.011,0.01375,0.01375,0,0,0,0
04/04/2006 00:00,0.003,0,18.51,105.4,292.8,0,193.3,0,5.766,0,250,250,0,0,3.1,0,0.01375,0.011,0.01375,0.01375,0,0,0,0
05/04/2006 00:00,0.002,0,22.38,98.4,271.2,0,193.3,0,5.452,0,250,250,0,0,2.9,0,0.01375,0.011,0.01375,0.01375,0,0,0,0
06/04/2006 00:00,0.002,0,14.35,91.5,319.5,0,193.3,0,5.137,0,250,250,0,0,2.8,0,0.01375,0.011,0.01375,0.01375,0,0,0,0
07/04/2006 00:00,0.002,0,14.9,84.6,315.8,0,193.3,0,4.823,0,250,250,0,0,2.6,0,0.01375,0.011,0.01375,0.01375,0,0,0,0
08/04/2006 00:00,0.002,0,14.32,77.6,319.8,0,193.3,0,4.508,0,250,250,0,0,2.4,0,0.01375,0.011,0.01375,0.01375,0,0,0,0
09/04/2006 00:00,0.001,0,13.74,70.7,323.9,0,193.3,0,4.194,0,250,250,0,0,2.3,0,0.01375,0.011,0.01375,0.01375,0,0,0,0
10/04/2006 00:00,0.001,0,15.54,63.8,311.4,0,193.3,0,3.879,0,250,250,0,0,2.1,0,0.01375,0.011,0.01375,0.01375,0,0,0,0
11/04/2006 00:00,0.001,0,19.08,56.9,289.4,0,193.3,0,3.565,0,250,250,0,0,1.9,0,0.01375,0.011,0.01375,0.01375,0,0,0,0
12/04/2006 00:00,0.001,0,21.81,49.9,274.2,0,193.3,0,3.25,0,250,250,0,0,1.8,0,0.01375,0.011,0.01375,0.01375,0,0,0,0
13/04/2006 00:00,0.001,0,17.04,43,301.7,0,193.3,0,2.935,0,250,250,0,0,1.6,0,0.01375,0.011,0.01375,0.01375,0,0,0,0
14/04/2006 00:00,0.001,0,19.34,41.4,287.8,0,193.3,0,2.831,0,250,250,0,0,1.5,0,0.01375,0.011,0.01375,0.01375,0,0,0,0
15/04/2006 00:00,0.001,0,14.71,39.7,317.1,0,193.3,0,2.726,0,250,250,0,0,1.5,0,0.01375,0.011,0.01375,0.01375,0,0,0,0
16/04/2006 00:00,0.001,0,10.55,38.1,348.2,0,193.3,0,2.621,0,250,250,0,0,1.4,0,0.01375,0.011,0.01375,0.01375,0,0,0,0
17/04/2006 00:00,0.001,0,14.35,36.4,319.5,0,193.3,0,2.516,0,250,250,0,0,1.4,0,0.01375,0.011,0.01375,0.01375,0,0,0,0
18/04/2006 00:00,0.001,0,18.93,34.8,290.2,0,193.3,0,2.411,0,250,250,0,0,1.3,0,0.01375,0.011,0.01375,0.01375,0,0,0,0
19/04/2006 00:00,0.001,0,21.25,33.1,277.2,0,193.3,0,2.306,0,250,250,0,0,1.2,0,0.01375,0.011,0.01375,0.01375,0,0,0,0
20/04/2006 00:00,0.002,0,19,31.5,289.8,0,193.3,0,2.202,0,250,250,0,0,1.2,0,0.01375,0.011,0.01375,0.01375,0,0,0,0
21/04/2006 00:00,0.002,0,13.18,29.9,327.9,0,193.3,0,2.097,0,250,250,0,0,1.1,0,0.01375,0.011,0.01375,0.01375,0,0,0,0
22/04/2006 00:00,0.002,0,10.83,28.2,345.9,0,193.3,0,1.992,0,250,250,0,0,1.1,0,0.01375,0.011,0.01375,0.01375,0,0,0,0
23/04/2006 00:00,0.002,0,10.94,26.6,345,0,193.3,0,1.887,0,250,250,0,0,1,0,0.01375,0.011,0.01375,0.01375,0,0,0,0
24/04/2006 00:00,0.002,0,11.48,24.9,340.8,0,193.3,0,1.782,0,250,250,0,0,1,0,0.01375,0.011,0.01375,0.01375,0,0,0,0
25/04/2006 00:00,0.002,0,11.94,23.3,337.2,0,193.3,0,1.677,0,250,250,0,0,0.9,0,0.01375,0.011,0.01375,0.01375,0,0,0,0
26/04/2006 00:00,0.002,0,13.48,21.6,325.8,0,193.3,0,1.573,0,250,250,0,0,0.8,0,0.01375,0.011,0.01375,0.01375,0,0,0,0
27/04/2006 00:00,0.003,0,11.54,20,340.3,0,193.3,0,1.468,0,250,250,0,0,0.8,0,0.01375,0.011,0.01375,0.01375,0,0,0,0
28/04/2006 00:00,0.003,0,14.74,22.6,316.8,0,193.3,0,1.498,0,250,250,0,0,0.8,0,0.01375,0.011,0.01375,0.01375,0,0,0,0
29/04/2006 00:00,0.003,0,14.22,25.1,320.5,0,193.3,0,1.528,0,250,250,0,0,0.8,0,0.01375,0.011,0.01375,0.01375,0,0,0,0
30/04/2006 00:00,0.003,0,15.19,27.7,313.8,0,193.3,0,1.558,0,250,250,0,0,0.8,0,0.01375,0.011,0.01375,0.01375,0,0,0,0
01/05/2006 00:00,0.004,0,14.62,30.3,317.7,0,193.3,0,1.588,0,250,250,0,0,0.9,0,0.01375,0.011,0.01375,0.01375,0,0,0,0
02/05/2006 00:00,0.004,0,13.55,32.9,325.2,0,193.3,0,1.618,0,250,250,0,0,0.9,0,0.01375,0.011,0.01375,0.01375,0,0,0,0
03/05/2006 00:00,0.004,0,14.91,35.4,315.7,0,193.3,0,1.647,0,250,250,0,0,0.9,0,0.01375,0.011,0.01375,0.01375,0,0,0,0
04/05/2006 00:00,0.005,0,14.42,38,319,0,193.3,0,1.677,0,250,250,0,0,0.9,0,0.01375,0.011,0.01375,0.01375,0,0,0,0
05/05/2006 00:00,0.005,0,14.23,40.6,320.4,0,193.3,0,1.707,0,250,250,0,0,0.9,0,0.01375,0.011,0.01375,0.01375,0,0,0,0
06/05/2006 00:00,0.005,0,13.65,43.1,324.5,0,193.3,0,1.737,0,250,250,0,0,0.9,0,0.01375,0.011,0.01375,0.01375,0,0,0,0
07/05/2006 00:00,0.005,0,13.92,45.7,322.5,0,193.3,0,1.767,0,250,250,0,0,1,0,0.01375,0.011,0.01375,0.01375,0,0,0,0
08/05/2006 00:00,0.006,0,9.47,48.3,357.2,0,193.3,0,1.797,0,250,250,0,0,1,0,0.01375,0.011,0.01375,0.01375,0,0,0,0
09/05/2006 00:00,0.006,0,10.32,50.9,350.1,0,193.3,0,1.827,0,250,250,0,0,1,0,0.01375,0.011,0.01375,0.01375,0,0,0,0
10/05/2006 00:00,0.006,0,12.97,53.4,329.4,0,193.3,0,1.857,0,250,250,0,0,1,0,0.01375,0.011,0.01375,0.01375,0,0,0,0
11/05/2006 00:00,0.007,0,11.63,56,339.6,0,193.3,0,1.887,0,250,250,0,0,1,0,0.01375,0.011,0.01375,0.01375,0,0,0,0
12/05/2006 00:00,0.007,0,10.02,55,352.5,0,193.3,0,1.812,0,250,250,0,0,1,0,0.01375,0.011,0.01375,0.01375,0,0,0,0
13/05/2006 00:00,0.007,0,12.22,54,335.1,0,193.3,0,1.737,0,250,250,0,0,0.9,0,0.01375,0.011,0.01375,0.01375,0,0,0,0
14/05/2006 00:00,0.008,0,12.15,53,335.6,0,193.3,0,1.662,0,250,250,0,0,0.9,0,0.01375,0.011,0.01375,0.01375,0,0,0,0
15/05/2006 00:00,0.008,0,11.85,52,337.9,0,193.3,0,1.588,0,250,250,0,0,0.9,0,0.01375,0.011,0.01375,0.01375,0,0,0,0
16/05/2006 00:00,0.008,0,12.31,51,334.4,0,193.3,0,1.513,0,250,250,0,0,0.8,0,0.01375,0.011,0.01375,0.01375,0,0,0,0
17/05/2006 00:00,0.009,0,12.27,50,334.6,0,193.3,0,1.438,0,250,250,0,0,0.8,0,0.01375,0.011,0.01375,0.01375,0,0,0,0
18/05/2006 00:00,0.009,0,11.51,49,340.5,0,193.3,0,1.363,0,250,250,0,0,0.7,0,0.01375,0.011,0.01375,0.01375,0,0,0,0
19/05/2006 00:00,0.01,0,15.19,48,313.8,0,193.3,8.62,1.288,0,250,250,2.2,0,0.7,0,0.01375,0.011,0.01375,0.01375,0,0,0,0
20/05/2006 00:00,0.01,0,13.53,47,325.3,0,193.3,20.46,1.213,0,250,250,5.1,0,0.7,0,0.01375,0.011,0.01375,0.01375,0,0,0,0
21/05/2006 00:00,0.01,0,12.04,46,336.4,0,193.3,32.3,1.138,0,250,250,8.1,0,0.6,0,0.01375,0.011,0.01375,0.01375,0,0,0,0
22/05/2006 00:00,0.011,0,9.29,45,358.6,0,193.3,44.13,1.063,0,250,250,11,0,0.6,0,0.01375,0.011,0.01375,0.01375,0,0,0,0
23/05/2006 00:00,0.011,0,8.94,44,361.7,0,193.3,55.97,0.988,0,250,250,14,0,0.5,0,0.01375,0.011,0.01375,0.01375,0,0,0,0
24/05/2006 00:00,0.011,0,12.9,43,329.9,0,193.3,67.81,0.914,0,250,250,17,0,0.5,0,0.01375,0.011,0.01375,0.01375,0,0,0,0
25/05/2006 00:00,0.012,0,11.8,42,338.2,0,193.3,79.64,0.839,0,250,250,19.9,0,0.5,0,0.01375,0.011,0.01375,0.01375,0,0,0,0
26/05/2006 00:00,0.012,0,11.1,41.1,343.8,0,193.3,75.97,0.854,0,250,250,19,0,0.5,0,0.01375,0.011,0.01375,0.01375,0,0,0,0
27/05/2006 00:00,0.013,0,10.39,40.1,349.5,0,193.3,72.3,0.869,0,250,250,18.1,0,0.5,0,0.01375,0.011,0.01375,0.01375,0,0,0,0
28/05/2006 00:00,0.013,0,9.49,39.2,357,0,193.3,68.62,0.884,0,250,250,17.2,0,0.5,0,0.01375,0.011,0.01375,0.01375,0,0,0,0
29/05/2006 00:00,0.014,0,8.96,38.3,361.5,0,193.3,64.95,0.899,0,250,250,16.2,0,0.5,0,0.01375,0.011,0.01375,0.01375,0,0,0,0
30/05/2006 00:00,0.014,0,8.97,37.4,361.5,0,193.3,61.28,0.914,0,250,250,15.3,0,0.5,0,0.01375,0.011,0.01375,0.01375,0,0,0,0
31/05/2006 00:00,0.014,0,10.23,36.4,350.8,0,193.3,57.6,0.929,0,250,250,14.4,0,0.5,0,0.01375,0.011,0.01375,0.01375,0,0,0,0
01/06/2006 00:00,0.015,0,10.29,35.5,350.3,0,193.3,53.93,0.944,0,250,250,13.5,0,0.5,0,0.01375,0.011,0.01375,0.01375,0,0,0,0
02/06/2006 00:00,0.015,0,8.93,34.6,361.8,0,193.3,50.26,0.959,0,250,250,12.6,0,0.5,0,0.01375,0.011,0.01375,0.01375,0,0,0,0
03/06/2006 00:00,0.016,0,10.53,33.6,348.3,0,193.3,46.58,0.974,0,250,250,11.6,0,0.5,0,0.01375,0.011,0.01375,0.01375,0,0,0,0
04/06/2006 00:00,0.016,0,9.38,32.7,357.9,0,193.3,42.91,0.988,0,250,250,10.7,0,0.5,0,0.01375,0.011,0.01375,0.01375,0,0,0,0
05/06/2006 00:00,0.017,0,9,31.8,361.1,0,193.3,39.23,1.003,0,250,250,9.8,0,0.5,0,0.01375,0.011,0.01375,0.01375,0,0,0,0
06/06/2006 00:00,0.017,0,9.76,30.9,354.7,0,193.3,35.56,1.018,0,250,250,8.9,0,0.5,0,0.01375,0.011,0.01375,0.01375,0,0,0,0
07/06/2006 00:00,0.018,0,11.08,29.9,343.9,0,193.3,31.89,1.033,0,250,250,8,0,0.6,0,0.01375,0.011,0.01375,0.01375,0,0,0,0
08/06/2006 00:00,0.018,0,10.29,29,350.3,0,193.3,28.21,1.048,0,250,250,7.1,0,0.6,0,0.01375,0.011,0.01375,0.01375,0,0,0,0
09/06/2006 00:00,0.017,0,10.8,31,346.1,0,193.3,32.7,1.333,0,250,250,8.2,0,0.7,0,0.01375,0.011,0.01375,0.01375,0,0,0,0
10/06/2006 00:00,0.017,0,11.07,33,344,0,193.3,37.19,1.618,0,250,250,9.3,0,0.9,0,0.01375,0.011,0.01375,0.01375,0,0,0,0
11/06/2006 00:00,0.016,0,7.96,35,370.4,0,193.3,41.68,1.902,0,250,250,10.4,0,1,0,0.01375,0.011,0.01375,0.01375,0,0,0,0
12/06/2006 00:00,0.015,0,6.04,37,388.6,0,193.3,46.17,2.187,0,250,250,11.5,0,1.2,0,0.01375,0.011,0.01375,0.01375,0,0,0,0
13/06/2006 00:00,0.014,0,8.29,39,367.4,0,193.3,50.66,2.471,0,250,250,12.7,0,1.3,0,0.01375,0.011,0.01375,0.01375,0,0,0,0
14/06/2006 00:00,0.014,0,7.21,41,377.3,0,193.3,55.15,2.756,0,250,250,13.8,0,1.5,0,0.01375,0.011,0.01375,0.01375,0,0,0,0
15/06/2006 00:00,0.013,0,6.93,43,379.9,0,193.3,59.64,3.04,0,250,250,14.9,0,1.6,0,0.01375,0.011,0.01375,0.01375,0,0,0,0
16/06/2006 00:00,0.012,0,7.89,45,371,0,193.3,64.13,3.325,0,250,250,16,0,1.8,0,0.01375,0.011,0.01375,0.01375,0,0,0,0
17/06/2006 00:00,0.011,0,7.11,47,378.3,0,193.3,68.62,3.609,0,250,250,17.2,0,1.9,0,0.01375,0.011,0.01375,0.01375,0,0,0,0
18/06/2006 00:00,0.011,0,7.39,49,375.6,0,193.3,73.11,3.894,0,250,250,18.3,0,2.1,0,0.01375,0.011,0.01375,0.01375,0,0,0,0
19/06/2006 00:00,0.01,0,7.69,51,372.8,0,193.3,77.6,4.179,0,250,250,19.4,0,2.3,0,0.01375,0.011,0.01375,0.01375,0,0,0,0
20/06/2006 00:00,0.009,0,10.53,53,348.3,0,193.3,82.09,4.463,0,250,250,20.5,0,2.4,0,0.01375,0.011,0.01375,0.01375,0,0,0,0
21/06/2006 00:00,0.008,0,10.87,55,345.6,0,193.3,86.58,4.748,0,250,250,21.6,0,2.6,0,0.01375,0.011,0.01375,0.01375,0,0,0,0
22/06/2006 00:00,0.008,0,11.25,57,342.5,0,193.3,91.07,5.032,0,250,250,22.8,0,2.7,0,0.01375,0.011,0.01375,0.01375,0,0,0,0
23/06/2006 00:00,0.007,0,10.97,60.8,344.8,0,193.3,92.7,4.987,0,250,250,23.2,0,2.7,0,0.01375,0.011,0.01375,0.01375,0,0,0,0
24/06/2006 00:00,0.007,0,9.62,64.6,355.9,0,193.3,94.34,4.942,0,250,250,23.6,0,2.7,0,0.01375,0.011,0.01375,0.01375,0,0,0,0
25/06/2006 00:00,0.007,0,7,68.4,379.2,0,193.3,95.97,4.897,0,250,250,24,0,2.6,0,0.01375,0.011,0.01375,0.01375,0,0,0,0
26/06/2006 00:00,0.007,0,6.91,72.1,380.1,0,193.3,97.6,4.853,0,250,250,24.4,0,2.6,0,0.01375,0.011,0.01375,0.01375,0,0,0,0
27/06/2006 00:00,0.007,0,7.32,75.9,376.2,0,193.3,99.23,4.808,0,250,250,24.8,0,2.6,0,0.01375,0.011,0.01375,0.01375,0,0,0,0
28/06/2006 00:00,0.007,0,6.25,79.7,386.4,0,193.3,100.87,4.763,0,250,250,25.2,0,2.6,0,0.01375,0.011,0.01375,0.01375,0,0,0,0
29/06/2006 00:00,0.007,0,9,83.5,361.2,0,193.3,102.5,4.718,0,250,250,25.6,0,2.5,0,0.01375,0.011,0.01375,0.01375,0,0,0,0
30/06/2006 00:00,0.007,0,8.31,87.3,367.2,0,193.3,104.13,4.673,0,250,250,26,0,2.5,0,0.01375,0.011,0.01375,0.01375,0,0,0,0
01/07/2006 00:00,0.007,0,10.32,91.1,350,0,193.3,105.77,4.628,0,250,250,26.4,0,2.5,0,0.01375,0.011,0.01375,0.01375,0,0,0,0
02/07/2006 00:00,0.007,0,9.94,94.9,353.2,0,193.3,107.4,4.583,0,250,250,26.8,0,2.5,0,0.01375,0.011,0.01375,0.01375,0,0,0,0
03/07/2006 00:00,0.007,0,9.68,98.6,355.3,0,193.3,109.03,4.538,0,250,250,27.3,0,2.4,0,0.01375,0.011,0.01375,0.01375,0,0,0,0
04/07/2006 00:00,0.007,0,10.83,102.4,345.9,0,193.3,110.66,4.493,0,250,250,27.7,0,2.4,0,0.01375,0.011,0.01375,0.01375,0,0,0,0
05/07/2006 00:00,0.006,0,9.09,106.2,360.4,0,193.3,112.3,4.448,0,250,250,28.1,0,2.4,0,0.01375,0.011,0.01375,0.01375,0,0,0,0
06/07/2006 00:00,0.006,0,9.92,110,353.3,0,193.3,113.93,4.403,0,250,250,28.5,0,2.4,0,0.01375,0.011,0.01375,0.01375,0,0,0,0
07/07/2006 00:00,0.008,0,7.34,106.8,376.1,0,193.3,110.26,4.523,0,250,250,27.6,0,2.4,0,0.01375,0.011,0.01375,0.01375,0,0,0,0
08/07/2006 00:00,0.009,0,6.97,103.6,379.6,0,193.3,106.58,4.643,0,250,250,26.6,0,2.5,0,0.01375,0.011,0.01375,0.01375,0,0,0,0
09/07/2006 00:00,0.01,0,6.44,100.4,384.6,0,193.3,102.91,4.763,0,250,250,25.7,0,2.6,0,0.01375,0.011,0.01375,0.01375,0,0,0,0
10/07/2006 00:00,0.012,0,8.86,97.1,362.4,0,193.3,99.23,4.882,0,250,250,24.8,0,2.6,0,0.01375,0.011,0.01375,0.01375,0,0,0,0
11/07/2006 00:00,0.013,0,14.06,93.9,321.6,0,193.3,95.56,5.002,0,250,250,23.9,0,2.7,0,0.01375,0.011,0.01375,0.01375,0,0,0,0
12/07/2006 00:00,0.014,0,10.09,90.7,351.9,0,193.3,91.89,5.122,0,250,250,23,0,2.8,0,0.01375,0.011,0.01375,0.01375,0,0,0,0
13/07/2006 00:00,0.016,0,6.28,87.5,386.1,0,193.3,88.21,5.242,0,250,250,22.1,0,2.8,0,0.01375,0.011,0.01375,0.01375,0,0,0,0
14/07/2006 00:00,0.017,0,9.03,84.3,360.9,0,193.3,84.54,5.362,0,250,250,21.1,0,2.9,0,0.01375,0.011,0.01375,0.01375,0,0,0,0
15/07/2006 00:00,0.018,0,11.13,81.1,343.5,0,193.3,80.87,5.482,0,250,250,20.2,0,3,0,0.01375,0.011,0.01375,0.01375,0,0,0,0
16/07/2006 00:00,0.02,0,10.53,77.9,348.3,0,193.3,77.19,5.601,0,250,250,19.3,0,3,0,0.01375,0.011,0.01375,0.01375,0,0,0,0
17/07/2006 00:00,0.021,0,10.8,74.6,346.1,0,193.3,73.52,5.721,0,250,250,18.4,0,3.1,0,0.01375,0.011,0.01375,0.01375,0,0,0,0
18/07/2006 00:00,0.023,0,9.85,71.4,353.9,0,193.3,69.85,5.841,0,250,250,17.5,0,3.1,0,0.01375,0.011,0.01375,0.01375,0,0,0,0
19/07/2006 00:00,0.024,0,7.87,68.2,371.2,0,193.3,66.17,5.961,0,250,250,16.5,0,3.2,0,0.01375,0.011,0.01375,0.01375,0,0,0,0
20/07/2006 00:00,0.025,0,7.95,65,370.4,0,193.3,62.5,6.081,0,250,250,15.6,0,3.3,0,0.01375,0.011,0.01375,0.01375,0,0,0,0
21/07/2006 00:00,0.025,0,9.99,62.2,352.7,0,193.3,60.05,5.991,0,250,250,15,0,3.2,0,0.01375,0.011,0.01375,0.01375,0,0,0,0
22/07/2006 00:00,0.025,0,9.25,59.4,359,0,193.3,57.6,5.901,0,250,250,14.4,0,3.2,0,0.01375,0.011,0.01375,0.01375,0,0,0,0
23/07/2006 00:00,0.024,0,9.85,56.6,353.9,0,193.3,55.15,5.811,0,250,250,13.8,0,3.1,0,0.01375,0.011,0.01375,0.01375,0,0,0,0
24/07/2006 00:00,0.024,0,9.68,53.9,355.3,0,193.3,52.7,5.721,0,250,250,13.2,0,3.1,0,0.01375,0.011,0.01375,0.01375,0,0,0,0
25/07/2006 00:00,0.024,0,10.87,51.1,345.6,0,193.3,50.26,5.631,0,250,250,12.6,0,3,0,0.01375,0.011,0.01375,0.01375,0,0,0,0
26/07/2006 00:00,0.023,0,10.06,48.3,352.2,0,193.3,47.81,5.541,0,250,250,12,0,3,0,0.01375,0.011,0.01375,0.01375,0,0,0,0
27/07/2006 00:00,0.023,0,10.39,45.5,349.5,0,193.3,45.36,5.452,0,250,250,11.3,0,2.9,0,0.01375,0.011,0.01375,0.01375,0,0,0,0
28/07/2006 00:00,0.023,0,10.69,42.7,347.1,0,193.3,42.91,5.362,0,250,250,10.7,0,2.9,0,0.01375,0.011,0.01375,0.01375,0,0,0,0
29/07/2006 00:00,0.022,0,11.72,39.9,338.9,0,193.3,40.46,5.272,0,250,250,10.1,0,2.8,0,0.01375,0.011,0.01375,0.01375,0,0,0,0
30/07/2006 00:00,0.022,0,9.8,37.1,354.3,0,193.3,38.01,5.182,0,250,250,9.5,0,2.8,0,0.01375,0.011,0.01375,0.01375,0,0,0,0
31/07/2006 00:00,0.022,0,9.87,34.4,353.8,0,193.3,35.56,5.092,0,250,250,8.9,0,2.7,0,0.01375,0.011,0.01375,0.01375,0,0,0,0
01/08/2006 00:00,0.022,0,9.24,31.6,359.1,0,193.3,33.11,5.002,0,250,250,8.3,0,2.7,0,0.01375,0.011,0.01375,0.01375,0,0,0,0
02/08/2006 00:00,0.021,0,7.85,28.8,371.3,0,193.3,30.66,4.912,0,250,250,7.7,0,2.6,0,0.01375,0.011,0.01375,0.01375,0,0,0,0
03/08/2006 00:00,0.021,0,8.88,26,362.2,0,193.3,28.21,4.823,0,250,250,7.1,0,2.6,0,0.01375,0.011,0.01375,0.01375,0,0,0,0
04/08/2006 00:00,0.02,0,8.36,25.3,366.8,0,193.3,30.66,4.628,0,250,250,7.7,0,2.5,0,0.01375,0.011,0.01375,0.01375,0,0,0,0
05/08/2006 00:00,0.02,0,9.33,24.6,358.4,0,193.3,33.11,4.433,0,250,250,8.3,0,2.4,0,0.01375,0.011,0.01375,0.01375,0,0,0,0
06/08/2006 00:00,0.019,0,10.62,23.9,347.6,0,193.3,35.56,4.238,0,250,250,8.9,0,2.3,0,0.01375,0.011,0.01375,0.01375,0,0,0,0
07/08/2006 00:00,0.018,0,9.67,23.1,355.5,0,193.3,38.01,4.044,0,250,250,9.5,0,2.2,0,0.01375,0.011,0.01375,0.01375,0,0,0,0
08/08/2006 00:00,0.018,0,9.79,22.4,354.4,0,193.3,40.46,3.849,0,250,250,10.1,0,2.1,0,0.01375,0.011,0.01375,0.01375,0,0,0,0
09/08/2006 00:00,0.017,0,11.89,21.7,337.6,0,193.3,42.91,3.654,0,250,250,10.7,0,2,0,0.01375,0.011,0.01375,0.01375,0,0,0,0
10/08/2006 00:00,0.016,0,9.43,21,357.5,0,193.3,45.36,3.46,0,250,250,11.3,0,1.9,0,0.01375,0.011,0.01375,0.01375,0,0,0,0
11/08/2006 00:00,0.016,0,9.93,20.3,353.3,0,193.3,47.81,3.265,0,250,250,12,0,1.8,0,0.01375,0.011,0.01375,0.01375,0,0,0,0
12/08/2006 00:00,0.015,0,9.37,19.6,358,0,193.3,50.26,3.07,0,250,250,12.6,0,1.7,0,0.01375,0.011,0.01375,0.01375,0,0,0,0
13/08/2006 00:00,0.015,0,10.54,18.9,348.2,0,193.3,52.7,2.876,0,250,250,13.2,0,1.5,0,0.01375,0.011,0.01375,0.01375,0,0,0,0
14/08/2006 00:00,0.014,0,11.37,18.1,341.6,0,193.3,55.15,2.681,0,250,250,13.8,0,1.4,0,0.01375,0.011,0.01375,0.01375,0,0,0,0
15/08/2006 00:00,0.013,0,11.21,17.4,342.9,0,193.3,57.6,2.486,0,250,250,14.4,0,1.3,0,0.01375,0.011,0.01375,0.01375,0,0,0,0
16/08/2006 00:00,0.013,0,12.25,16.7,334.8,0,193.3,60.05,2.291,0,250,250,15,0,1.2,0,0.01375,0.011,0.01375,0.01375,0,0,0,0
17/08/2006 00:00,0.012,0,14.69,16,317.2,0,193.3,62.5,2.097,0,250,250,15.6,0,1.1,0,0.01375,0.011,0.01375,0.01375,0,0,0,0
18/08/2006 00:00,0.012,0,11.75,15.1,338.7,0,193.3,63.32,2.022,0,250,250,15.8,0,1.1,0,0.01375,0.011,0.01375,0.01375,0,0,0,0
19/08/2006 00:00,0.013,0,10.11,14.3,351.8,0,193.3,64.13,1.947,0,250,250,16,0,1,0,0.01375,0.011,0.01375,0.01375,0,0,0,0
20/08/2006 00:00,0.013,0,9.79,13.4,354.4,0,193.3,64.95,1.872,0,250,250,16.2,0,1,0,0.01375,0.011,0.01375,0.01375,0,0,0,0
21/08/2006 00:00,0.013,0,10.68,12.6,347.1,0,193.3,65.77,1.797,0,250,250,16.4,0,1,0,0.01375,0.011,0.01375,0.01375,0,0,0,0
22/08/2006 00:00,0.014,0,13.01,11.7,329.1,0,193.3,66.58,1.722,0,250,250,16.6,0,0.9,0,0.01375,0.011,0.01375,0.01375,0,0,0,0
23/08/2006 00:00,0.014,0,11.91,10.9,337.4,0,193.3,67.4,1.647,0,250,250,16.8,0,0.9,0,0.01375,0.011,0.01375,0.01375,0,0,0,0
24/08/2006 00:00,0.014,0,13.46,10,325.9,0,193.3,68.21,1.573,0,250,250,17.1,0,0.8,0,0.01375,0.011,0.01375,0.01375,0,0,0,0
25/08/2006 00:00,0.014,0,12.15,9.1,335.5,0,193.3,69.03,1.498,0,250,250,17.3,0,0.8,0,0.01375,0.011,0.01375,0.01375,0,0,0,0
26/08/2006 00:00,0.015,0,9.46,8.3,357.2,0,193.3,69.85,1.423,0,250,250,17.5,0,0.8,0,0.01375,0.011,0.01375,0.01375,0,0,0,0
27/08/2006 00:00,0.015,0,13.07,7.4,328.7,0,193.3,70.66,1.348,0,250,250,17.7,0,0.7,0,0.01375,0.011,0.01375,0.01375,0,0,0,0
28/08/2006 00:00,0.015,0,12,6.6,336.7,0,193.3,71.48,1.273,0,250,250,17.9,0,0.7,0,0.01375,0.011,0.01375,0.01375,0,0,0,0
29/08/2006 00:00,0.016,0,11.69,5.7,339.1,0,193.3,72.3,1.198,0,250,250,18.1,0,0.6,0,0.01375,0.011,0.01375,0.01375,0,0,0,0
30/08/2006 00:00,0.016,0,12.08,4.9,336.1,0,193.3,73.11,1.123,0,250,250,18.3,0,0.6,0,0.01375,0.011,0.01375,0.01375,0,0,0,0
31/08/2006 00:00,0.016,0,13.77,4,323.7,0,193.3,73.93,1.048,0,250,250,18.5,0,0.6,0,0.01375,0.011,0.01375,0.01375,0,0,0,0
01/09/2006 00:00,0.02,0,17.11,4.3,301.3,0,193.3,80.87,1.168,0,250,250,20.2,0,0.6,0,0.01375,0.011,0.01375,0.01375,0,0,0,0
02/09/2006 00:00,0.023,0,18.77,4.6,291.2,0,193.3,87.81,1.288,0,250,250,22,0,0.7,0,0.01375,0.011,0.01375,0.01375,0,0,0,0
03/09/2006 00:00,0.027,0,18.81,4.9,290.9,0,193.3,94.75,1.408,0,250,250,23.7,0,0.8,0,0.01375,0.011,0.01375,0.01375,0,0,0,0
04/09/2006 00:00,0.03,0,11.64,5.1,339.5,0,193.3,101.68,1.528,0,250,250,25.4,0,0.8,0,0.01375,0.011,0.01375,0.01375,0,0,0,0
05/09/2006 00:00,0.034,0,12.74,5.4,331.1,0,193.3,108.62,1.647,0,250,250,27.2,0,0.9,0,0.01375,0.011,0.01375,0.01375,0,0,0,0
06/09/2006 00:00,0.038,0,11.73,5.7,338.8,0,193.3,115.56,1.767,0,250,250,28.9,0,1,0,0.01375,0.011,0.01375,0.01375,0,0,0,0
07/09/2006 00:00,0.041,0,9.85,6,353.9,0,193.3,122.5,1.887,0,250,250,30.6,0,1,0,0.01375,0.011,0.01375,0.01375,0,0,0,0
08/09/2006 00:00,0.045,0,11.38,6.3,341.5,0,193.3,129.44,2.007,0,250,250,32.4,0,1.1,0,0.01375,0.011,0.01375,0.01375,0,0,0,0
09/09/2006 00:00,0.048,0,9.79,6.6,354.4,0,193.3,136.38,2.127,0,250,250,34.1,0,1.1,0,0.01375,0.011,0.01375,0.01375,0,0,0,0
10/09/2006 00:00,0.052,0,9.52,6.9,356.7,0,193.3,143.32,2.247,0,250,250,35.8,0,1.2,0,0.01375,0.011,0.01375,0.01375,0,0,0,0
11/09/2006 00:00,0.055,0,10.13,7.1,351.6,0,193.3,150.26,2.366,0,250,250,37.6,0,1.3,0,0.01375,0.011,0.01375,0.01375,0,0,0,0
12/09/2006 00:00,0.059,0,11.03,7.4,344.3,0,193.3,157.19,2.486,0,250,250,39.3,0,1.3,0,0.01375,0.011,0.01375,0.01375,0,0,0,0
13/09/2006 00:00,0.062,0,12.57,7.7,332.4,0,193.3,164.13,2.606,0,250,250,41,0,1.4,0,0.01375,0.011,0.01375,0.01375,0,0,0,0
14/09/2006 00:00,0.066,0,14.44,8,318.9,0,193.3,171.07,2.726,0,250,250,42.8,0,1.5,0,0.01375,0.011,0.01375,0.01375,0,0,0,0
15/09/2006 00:00,0.062,0,13.74,11.9,323.8,0,193.3,153.52,2.861,0,250,250,38.4,0,1.5,0,0.01375,0.011,0.01375,0.01375,0,0,0,0
16/09/2006 00:00,0.058,0,13.4,15.7,326.3,0,193.3,135.97,2.995,0,250,250,34,0,1.6,0,0.01375,0.011,0.01375,0.01375,0,0,0,0
17/09/2006 00:00,0.054,0,15.22,19.6,313.6,0,193.3,118.42,3.13,0,250,250,29.6,0,1.7,0,0.01375,0.011,0.01375,0.01375,0,0,0,0
18/09/2006 00:00,0.05,0,17.86,23.4,296.7,0,193.3,100.87,3.265,0,250,250,25.2,0,1.8,0,0.01375,0.011,0.01375,0.01375,0,0,0,0
19/09/2006 00:00,0.046,0,20.37,27.3,282,0,193.3,83.32,3.4,0,250,250,20.8,0,1.8,0,0.01375,0.011,0.01375,0.01375,0,0,0,0
20/09/2006 00:00,0.042,0,19.79,31.1,285.3,0,193.3,65.77,3.535,0,250,250,16.4,0,1.9,0,0.01375,0.011,0.01375,0.01375,0,0,0,0
21/09/2006 00:00,0.038,0,16.03,35,308.2,0,193.3,48.21,3.669,0,250,250,12.1,0,2,0,0.01375,0.011,0.01375,0.01375,0,0,0,0
22/09/2006 00:00,0.034,0,20.6,38.9,280.8,0,193.3,30.66,3.804,0,250,250,7.7,0,2,0,0.01375,0.011,0.01375,0.01375,0,0,0,0
23/09/2006 00:00,0.03,0,21.32,42.7,276.8,0,193.3,13.11,3.939,0,250,250,3.3,0,2.1,0,0.01375,0.011,0.01375,0.01375,0,0,0,0
24/09/2006 00:00,0.026,0,22.42,46.6,271,0,193.3,0,4.074,0,250,250,0,0,2.2,0,0.01375,0.011,0.01375,0.01375,0,0,0,0
25/09/2006 00:00,0.022,0,11.22,50.4,342.8,0,193.3,0,4.209,0,250,250,0,0,2.3,0,0.01375,0.011,0.01375,0.01375,0,0,0,0
26/09/2006 00:00,0.018,0,12.35,54.3,334,0,193.3,0,4.343,0,250,250,0,0,2.3,0,0.01375,0.011,0.01375,0.01375,0,0,0,0
27/09/2006 00:00,0.014,0,17.34,58.1,299.9,0,193.3,0,4.478,0,250,250,0,0,2.4,0,0.01375,0.011,0.01375,0.01375,0,0,0,0
28/09/2006 00:00,0.01,0,15.02,62,315,0,193.3,0,4.613,0,250,250,0,0,2.5,0,0.01375,0.011,0.01375,0.01375,0,0,0,0
29/09/2006 00:00,0.01,0,18.33,64.7,293.8,0,193.3,0,5.092,0,250,250,0,0,2.7,0,0.01375,0.011,0.01375,0.01375,0,0,0,0
30/09/2006 00:00,0.01,0,12.34,67.4,334.1,0,193.3,0,5.571,0,250,250,0,0,3,0,0.01375,0.011,0.01375,0.01375,0,0,0,0
01/10/2006 00:00,0.01,0,14.01,70.1,322,0,193.3,0,6.051,0,250,250,0,0,3.3,0,0.01375,0.011,0.01375,0.01375,0,0,0,0
02/10/2006 00:00,0.01,0,18.61,72.9,292.2,0,193.3,0,6.53,0,250,250,0,0,3.5,0,0.01375,0.011,0.01375,0.01375,0,0,0,0
03/10/2006 00:00,0.01,0,12.37,75.6,333.9,0,193.3,0,7.009,0,250,250,0,0,3.8,0,0.01375,0.011,0.01375,0.01375,0,0,0,0
04/10/2006 00:00,0.01,0,14.92,78.3,315.6,0,193.3,0,7.488,0,250,250,0,0,4,0,0.01375,0.011,0.01375,0.01375,0,0,0,0
05/10/2006 00:00,0.01,0,20.03,81,283.9,0,193.3,0,7.968,0,250,250,0,0,4.3,0,0.01375,0.011,0.01375,0.01375,0,0,0,0
06/10/2006 00:00,0.01,0,12.64,83.7,331.9,0,193.3,0,8.447,0,250,250,0,0,4.5,0,0.01375,0.011,0.01375,0.01375,0,0,0,0
07/10/2006 00:00,0.01,0,18.52,86.4,292.7,0,193.3,0,8.926,0,250,250,0,0,4.8,0,0.01375,0.011,0.01375,0.01375,0,0,0,0
08/10/2006 00:00,0.01,0,18.66,89.1,291.9,0,193.3,0,9.406,0,250,250,0,0,5.1,0,0.01375,0.011,0.01375,0.01375,0,0,0,0
09/10/2006 00:00,0.01,0,10.63,91.9,347.5,0,193.3,0,9.885,0,250,250,0,0,5.3,0,0.01375,0.011,0.01375,0.01375,0,0,0,0
10/10/2006 00:00,0.01,0,11.83,94.6,338.1,0,193.3,0,10.364,0,250,250,0,0,5.6,0,0.01375,0.011,0.01375,0.01375,0,0,0,0
11/10/2006 00:00,0.01,0,16.88,97.3,302.8,0,193.3,0,10.843,0,250,250,0,0,5.8,0,0.01375,0.011,0.01375,0.01375,0,0,0,0
12/10/2006 00:00,0.01,0,22.25,100,271.9,0,193.3,0,11.323,0,250,250,0,0,6.1,0,0.01375,0.011,0.01375,0.01375,0,0,0,0
13/10/2006 00:00,0.009,0,25.61,98.5,255.3,0,193.3,0,11.517,0,250,250,0,0,6.2,0,0.01375,0.011,0.01375,0.01375,0,0,0,0
14/10/2006 00:00,0.009,0,26.84,97,249.7,0,193.3,0,11.712,0,250,250,0,0,6.3,0,0.01375,0.011,0.01375,0.01375,0,0,0,0
15/10/2006 00:00,0.008,0,16.85,95.5,302.9,0,193.3,0,11.907,0,250,250,0,0,6.4,0,0.01375,0.011,0.01375,0.01375,0,0,0,0
16/10/2006 00:00,0.008,0,12.37,94,333.9,0,193.3,0,12.101,0,250,250,0,0,6.5,0,0.01375,0.011,0.01375,0.01375,0,0,0,0
17/10/2006 00:00,0.007,0,14.67,92.5,317.3,0,193.3,0,12.296,0,250,250,0,0,6.6,0,0.01375,0.011,0.01375,0.01375,0,0,0,0
18/10/2006 00:00,0.006,0,23.06,91,267.7,0,193.3,0,12.491,0,250,250,0,0,6.7,0,0.01375,0.011,0.01375,0.01375,0,0,0,0
19/10/2006 00:00,0.006,0,20.88,89.5,279.2,0,193.3,0,12.685,0,250,250,0,0,6.8,0,0.01375,0.011,0.01375,0.01375,0,0,0,0
20/10/2006 00:00,0.005,0,17.92,88,296.3,0,193.3,0,12.88,0,250,250,0,0,6.9,0,0.01375,0.011,0.01375,0.01375,0,0,0,0
21/10/2006 00:00,0.004,0,11.1,86.5,343.8,0,193.3,0,13.075,0,250,250,0,0,7,0,0.01375,0.011,0.01375,0.01375,0,0,0,0
22/10/2006 00:00,0.004,0,9.87,85,353.7,0,193.3,0,13.27,0,250,250,0,0,7.1,0,0.01375,0.011,0.01375,0.01375,0,0,0,0
23/10/2006 00:00,0.003,0,12.18,83.5,335.3,0,193.3,0,13.464,0,250,250,0,0,7.3,0,0.01375,0.011,0.01375,0.01375,0,0,0,0
24/10/2006 00:00,0.003,0,16.27,82,306.7,0,193.3,0,13.659,0,250,250,0,0,7.4,0,0.01375,0.011,0.01375,0.01375,0,0,0,0
25/10/2006 00:00,0.002,0,20.48,80.5,281.4,0,193.3,0,13.854,0,250,250,0,0,7.5,0,0.01375,0.011,0.01375,0.01375,0,0,0,0
26/10/2006 00:00,0.001,0,15.41,79,312.3,0,193.3,0,14.048,0,250,250,0,0,7.6,0,0.01375,0.011,0.01375,0.01375,0,0,0,0
27/10/2006 00:00,0.003,0,19.12,78.7,289.1,0,193.3,0,13.599,0,250,250,0,0,7.3,0,0.01375,0.011,0.01375,0.01375,0,0,0,0
28/10/2006 00:00,0.005,0,11.11,78.4,343.6,0,193.3,0,13.15,0,250,250,0,0,7.1,0,0.01375,0.011,0.01375,0.01375,0,0,0,0
29/10/2006 00:00,0.007,0,8.64,78.1,364.3,0,193.3,0,12.7,0,250,250,0,0,6.8,0,0.01375,0.011,0.01375,0.01375,0,0,0,0
30/10/2006 00:00,0.009,0,11.4,77.9,341.3,0,193.3,0,12.251,0,250,250,0,0,6.6,0,0.01375,0.011,0.01375,0.01375,0,0,0,0
31/10/2006 00:00,0.011,0,18.93,77.6,290.2,0,193.3,0,11.802,0,250,250,0,0,6.4,0,0.01375,0.011,0.01375,0.01375,0,0,0,0
01/11/2006 00:00,0.013,0,19.02,77.3,289.7,0,193.3,0,11.353,0,250,250,0,0,6.1,0,0.01375,0.011,0.01375,0.01375,0,0,0,0
02/11/2006 00:00,0.015,0,19.41,77,287.5,0,193.3,0,10.903,0,250,250,0,0,5.9,0,0.01375,0.011,0.01375,0.01375,0,0,0,0
03/11/2006 00:00,0.017,0,18.39,76.7,293.4,0,193.3,0,10.454,0,250,250,0,0,5.6,0,0.01375,0.011,0.01375,0.01375,0,0,0,0
04/11/2006 00:00,0.019,0,14.72,76.4,317,0,193.3,0,10.005,0,250,250,0,0,5.4,0,0.01375,0.011,0.01375,0.01375,0,0,0,0
05/11/2006 00:00,0.021,0,13.85,76.1,323.1,0,193.3,0,9.555,0,250,250,0,0,5.1,0,0.01375,0.011,0.01375,0.01375,0,0,0,0
06/11/2006 00:00,0.022,0,14.37,75.9,319.4,0,193.3,0,9.106,0,250,250,0,0,4.9,0,0.01375,0.011,0.01375,0.01375,0,0,0,0
07/11/2006 00:00,0.024,0,14.46,75.6,318.8,0,193.3,0,8.657,0,250,250,0,0,4.7,0,0.01375,0.011,0.01375,0.01375,0,0,0,0
08/11/2006 00:00,0.026,0,13.25,75.3,327.4,0,193.3,0,8.207,0,250,250,0,0,4.4,0,0.01375,0.011,0.01375,0.01375,0,0,0,0
09/11/2006 00:00,0.028,0,13.49,75,325.7,0,193.3,0,7.758,0,250,250,0,0,4.2,0,0.01375,0.011,0.01375,0.01375,0,0,0,0
10/11/2006 00:00,0.027,0,16.91,78.9,302.6,0,193.3,0,8.297,0,250,250,0,0,4.5,0,0.01375,0.011,0.01375,0.01375,0,0,0,0
11/11/2006 00:00,0.025,0,21.39,82.9,276.4,0,193.3,0,8.836,0,250,250,0,0,4.8,0,0.01375,0.011,0.01375,0.01375,0,0,0,0
12/11/2006 00:00,0.023,0,23.73,86.8,264.3,0,193.3,0,9.376,0,250,250,0,0,5,0,0.01375,0.011,0.01375,0.01375,0,0,0,0
13/11/2006 00:00,0.022,0,20.24,90.7,282.8,0,193.3,0,9.915,0,250,250,0,0,5.3,0,0.01375,0.011,0.01375,0.01375,0,0,0,0
14/11/2006 00:00,0.02,0,17.01,94.6,301.9,0,193.3,0,10.454,0,250,250,0,0,5.6,0,0.01375,0.011,0.01375,0.01375,0,0,0,0
15/11/2006 00:00,0.018,0,15.12,98.6,314.3,0,193.3,0,10.993,0,250,250,0,0,5.9,0,0.01375,0.011,0.01375,0.01375,0,0,0,0
16/11/2006 00:00,0.017,0,9.62,102.5,355.9,0,193.3,0,11.532,0,250,250,0,0,6.2,0,0.01375,0.011,0.01375,0.01375,0,0,0,0
17/11/2006 00:00,0.015,0,11.7,106.4,339,0,193.3,0,12.071,0,250,250,0,0,6.5,0,0.01375,0.011,0.01375,0.01375,0,0,0,0
18/11/2006 00:00,0.013,0,16.63,110.4,304.3,0,193.3,0,12.611,0,250,250,0,0,6.8,0,0.01375,0.011,0.01375,0.01375,0,0,0,0
19/11/2006 00:00,0.012,0,18.43,114.3,293.2,0,193.3,0,13.15,0,250,250,0,0,7.1,0,0.01375,0.011,0.01375,0.01375,0,0,0,0
20/11/2006 00:00,0.01,0,22.32,118.2,271.5,0,193.3,0,13.689,0,250,250,0,0,7.4,0,0.01375,0.011,0.01375,0.01375,0,0,0,0
21/11/2006 00:00,0.008,0,28.31,122.1,243.3,0,193.3,0,14.228,0,250,250,0,0,7.7,0,0.01375,0.011,0.01375,0.01375,0,0,0,0
22/11/2006 00:00,0.007,0,27.44,126.1,247,0,193.3,0,14.767,0,250,250,0,0,8,0,0.01375,0.011,0.01375,0.01375,0,0,0,0
23/11/2006 00:00,0.005,0,21.52,130,275.8,0,193.3,0,15.306,0,250,250,0,0,8.2,0,0.01375,0.011,0.01375,0.01375,0,0,0,0
24/11/2006 00:00,0.005,0,19.04,130,289.6,0,193.3,0,15.711,0,250,250,0,0,8.5,0,0.01375,0.011,0.01375,0.01375,0,0,0,0
25/11/2006 00:00,0.005,0,23.17,130,267.2,0,193.3,0,16.115,0,250,250,0,0,8.7,0,0.01375,0.011,0.01375,0.01375,0,0,0,0
26/11/2006 00:00,0.005,0,18.09,130,295.2,0,193.3,0,16.52,0,250,250,0,0,8.9,0,0.01375,0.011,0.01375,0.01375,0,0,0,0
27/11/2006 00:00,0.004,0,18.81,130,290.9,0,193.3,0,16.924,0,250,250,0,0,9.1,0,0.01375,0.011,0.01375,0.01375,0,0,0,0
28/11/2006 00:00,0.004,0,26.92,130,249.3,0,193.3,0,17.328,0,250,250,0,0,9.3,0,0.01375,0.011,0.01375,0.01375,0,0,0,0
29/11/2006 00:00,0.004,0,21.83,130,274.1,0,193.3,0,17.733,0,250,250,0,0,9.5,0,0.01375,0.011,0.01375,0.01375,0,0,0,0
30/11/2006 00:00,0.004,0,17.09,130,301.4,0,193.3,0,18.137,0,250,250,0,0,9.8,0,0.01375,0.011,0.01375,0.01375,0,0,0,0
01/12/2006 00:00,0.004,0,26.83,130,249.7,0,193.3,0,18.541,0,250,250,0,0,10,0,0.01375,0.011,0.01375,0.01375,0,0,0,0
02/12/2006 00:00,0.004,0,22.07,130,272.8,0,193.3,0,18.946,0,250,250,0,0,10.2,0,0.01375,0.011,0.01375,0.01375,0,0,0,0
03/12/2006 00:00,0.004,0,13.65,130,324.5,0,193.3,0,19.35,0,250,250,0,0,10.4,0,0.01375,0.011,0.01375,0.01375,0,0,0,0
04/12/2006 00:00,0.004,0,14.07,130,321.5,0,193.3,0,19.755,0,250,250,0,0,10.6,0,0.01375,0.011,0.01375,0.01375,0,0,0,0
05/12/2006 00:00,0.004,0,16.66,130,304.2,0,193.3,0,20.159,0,250,250,0,0,10.9,0,0.01375,0.011,0.01375,0.01375,0,0,0,0
06/12/2006 00:00,0.004,0,21.59,130,275.3,0,193.3,0,20.563,0,250,250,0,0,11.1,0,0.01375,0.011,0.01375,0.01375,0,0,0,0
07/12/2006 00:00,0.003,0,21.41,130,276.3,0,193.3,0,20.968,0,250,250,0,0,11.3,0,0.01375,0.011,0.01375,0.01375,0,0,0,0
08/12/2006 00:00,0.003,0,20.15,122.6,283.3,0,193.3,0,19.71,0,250,250,0,0,10.6,0,0.01375,0.011,0.01375,0.01375,0,0,0,0
09/12/2006 00:00,0.003,0,19.83,115.3,285,0,193.3,0,18.452,0,250,250,0,0,9.9,0,0.01375,0.011,0.01375,0.01375,0,0,0,0
10/12/2006 00:00,0.003,0,21.29,107.9,277,0,193.3,0,17.194,0,250,250,0,0,9.3,0,0.01375,0.011,0.01375,0.01375,0,0,0,0
11/12/2006 00:00,0.003,0,24.61,100.6,260,0,193.3,0,15.935,0,250,250,0,0,8.6,0,0.01375,0.011,0.01375,0.01375,0,0,0,0
12/12/2006 00:00,0.002,0,13.76,93.2,323.7,0,193.3,0,14.677,0,250,250,0,0,7.9,0,0.01375,0.011,0.01375,0.01375,0,0,0,0
13/12/2006 00:00,0.002,0,18.13,85.9,295,0,193.3,0,13.419,0,250,250,0,0,7.2,0,0.01375,0.011,0.01375,0.01375,0,0,0,0
14/12/2006 00:00,0.002,0,26.57,78.5,250.9,0,193.3,0,12.161,0,250,250,0,0,6.5,0,0.01375,0.011,0.01375,0.01375,0,0,0,0
15/12/2006 00:00,0.002,0,15.92,71.1,308.9,0,193.3,0,10.903,0,250,250,0,0,5.9,0,0.01375,0.011,0.01375,0.01375,0,0,0,0
16/12/2006 00:00,0.002,0,14.56,63.8,318.1,0,193.3,0,9.645,0,250,250,0,0,5.2,0,0.01375,0.011,0.01375,0.01375,0,0,0,0
17/12/2006 00:00,0.001,0,15.93,56.4,308.9,0,193.3,0,8.387,0,250,250,0,0,4.5,0,0.01375,0.011,0.01375,0.01375,0,0,0,0
18/12/2006 00:00,0.001,0,18.77,49.1,291.2,0,193.3,0,7.129,0,250,250,0,0,3.8,0,0.01375,0.011,0.01375,0.01375,0,0,0,0
19/12/2006 00:00,0.001,0,18.35,41.7,293.7,0,193.3,0,5.871,0,250,250,0,0,3.2,0,0.01375,0.011,0.01375,0.01375,0,0,0,0
20/12/2006 00:00,0.001,0,17.62,34.4,298.1,0,193.3,0,4.613,0,250,250,0,0,2.5,0,0.01375,0.011,0.01375,0.01375,0,0,0,0
21/12/2006 00:00,0,0,19.35,27,287.8,0,193.3,5.36,3.355,0,250,250,1.3,0,1.8,0,0.01375,0.011,0.01375,0.01375,0,0,0,0
22/12/2006 00:00,0,0,21.09,27.4,278.1,0,193.3,0,3.594,0,250,250,0,0,1.9,0,0.01375,0.011,0.01375,0.01375,0,0,0,0
23/12/2006 00:00,0,0,22.64,27.7,269.9,0,193.3,0,3.834,0,250,250,0,0,2.1,0,0.01375,0.011,0.01375,0.01375,0,0,0,0
24/12/2006 00:00,0,0,21.27,28.1,277.1,0,193.3,0,4.074,0,250,250,0,0,2.2,0,0.01375,0.011,0.01375,0.01375,0,0,0,0
25/12/2006 00:00,0,0,17.85,28.4,296.7,0,193.3,0,4.313,0,250,250,0,0,2.3,0,0.01375,0.011,0.01375,0.01375,0,0,0,0
26/12/2006 00:00,0,0,14.03,28.8,321.8,0,193.3,0,4.553,0,250,250,0,0,2.5,0,0.01375,0.011,0.01375,0.01375,0,0,0,0
27/12/2006 00:00,0.001,0,17.96,29.1,296,0,193.3,0,4.793,0,250,250,0,0,2.6,0,0.01375,0.011,0.01375,0.01375,0,0,0,0
28/12/2006 00:00,0.001,0,20.05,29.5,283.8,0,193.3,0,5.032,0,250,250,0,0,2.7,0,0.01375,0.011,0.01375,0.01375,0,0,0,0
29/12/2006 00:00,0.001,0,19.9,29.9,284.6,0,193.3,0,5.272,0,250,250,0,0,2.8,0,0.01375,0.011,0.01375,0.01375,0,0,0,0
30/12/2006 00:00,0.001,0,17.51,30.2,298.8,0,193.3,0,5.512,0,250,250,0,0,3,0,0.01375,0.011,0.01375,0.01375,0,0,0,0
31/12/2006 00:00,0.001,0,17.88,30.6,296.6,0,193.3,0,5.751,0,250,250,0,0,3.1,0,0.01375,0.011,0.01375,0.01375,0,0,0,0
01/01/2007 00:00,0.001,0,18.26,30.9,294.2,0,193.3,0,5.991,0,250,250,0,0,3.2,0,0.01375,0.011,0.01375,0.01375,0,0,0,0
02/01/2007 00:00,0.001,0,17.49,31.3,298.9,0,193.3,0,6.23,0,250,250,0,0,3.4,0,0.01375,0.011,0.01375,0.01375,0,0,0,0
03/01/2007 00:00,0.001,0,16.22,31.6,306.9,0,193.3,0,6.47,0,250,250,0,0,3.5,0,0.01375,0.011,0.01375,0.01375,0,0,0,0
04/01/2007 00:00,0.001,0,17.98,32,295.9,0,193.3,0,6.71,0,250,250,0,0,3.6,0,0.01375,0.011,0.01375,0.01375,0,0,0,0
05/01/2007 00:00,0.001,0,18.95,31.8,290.1,0,193.3,0,6.695,0,250,250,0,0,3.6,0,0.01375,0.011,0.01375,0.01375,0,0,0,0
06/01/2007 00:00,0.001,0,22.65,31.6,269.8,0,193.3,0,6.68,0,250,250,0,0,3.6,0,0.01375,0.011,0.01375,0.01375,0,0,0,0
07/01/2007 00:00,0.001,0,22.63,31.4,269.9,0,193.3,0,6.665,0,250,250,0,0,3.6,0,0.01375,0.011,0.01375,0.01375,0,0,0,0
08/01/2007 00:00,0.001,0,18.99,31.1,289.9,0,193.3,0,6.65,0,250,250,0,0,3.6,0,0.01375,0.011,0.01375,0.01375,0,0,0,0
09/01/2007 00:00,0.001,0,18.21,30.9,294.5,0,193.3,0,6.635,0,250,250,0,0,3.6,0,0.01375,0.011,0.01375,0.01375,0,0,0,0
10/01/2007 00:00,0.001,0,21,30.7,278.6,0,193.3,0,6.62,0,250,250,0,0,3.6,0,0.01375,0.011,0.01375,0.01375,0,0,0,0
11/01/2007 00:00,0.001,0,24.9,30.5,258.7,0,193.3,0,6.605,0,250,250,0,0,3.6,0,0.01375,0.011,0.01375,0.01375,0,0,0,0
12/01/2007 00:00,0.001,0,27.41,30.3,247.2,0,193.3,0,6.59,0,250,250,0,0,3.5,0,0.01375,0.011,0.01375,0.01375,0,0,0,0
13/01/2007 00:00,0.001,0,20.89,30.1,279.2,0,193.3,0,6.575,0,250,250,0,0,3.5,0,0.01375,0.011,0.01375,0.01375,0,0,0,0
14/01/2007 00:00,0.001,0,19.22,29.9,288.6,0,193.3,0,6.56,0,250,250,0,0,3.5,0,0.01375,0.011,0.01375,0.01375,0,0,0,0
15/01/2007 00:00,0.001,0,19.17,29.6,288.8,0,193.3,0,6.545,0,250,250,0,0,3.5,0,0.01375,0.011,0.01375,0.01375,0,0,0,0
16/01/2007 00:00,0.001,0,21.02,29.4,278.4,0,193.3,0,6.53,0,250,250,0,0,3.5,0,0.01375,0.011,0.01375,0.01375,0,0,0,0
17/01/2007 00:00,0.001,0,23.19,29.2,267.1,0,193.3,0,6.515,0,250,250,0,0,3.5,0,0.01375,0.011,0.01375,0.01375,0,0,0,0
18/01/2007 00:00,0.001,0,22.98,29,268.1,0,193.3,0,6.5,0,250,250,0,0,3.5,0,0.01375,0.011,0.01375,0.01375,0,0,0,0
19/01/2007 00:00,0.001,0,23.42,27.3,265.9,0,193.3,0,6.425,0,250,250,0,0,3.5,0,0.01375,0.011,0.01375,0.01375,0,0,0,0
20/01/2007 00:00,0.001,0,25.09,25.6,257.8,0,193.3,0,6.35,0,250,250,0,0,3.4,0,0.01375,0.011,0.01375,0.01375,0,0,0,0
21/01/2007 00:00,0.001,0,28.96,23.9,240.5,0,193.3,0,6.275,0,250,250,0,0,3.4,0,0.01375,0.011,0.01375,0.01375,0,0,0,0
22/01/2007 00:00,0.001,0,22.66,22.1,269.8,0,193.3,0,6.2,0,250,250,0,0,3.3,0,0.01375,0.011,0.01375,0.01375,0,0,0,0
23/01/2007 00:00,0.001,0,24.34,20.4,261.4,0,193.3,0,6.126,0,250,250,0,0,3.3,0,0.01375,0.011,0.01375,0.01375,0,0,0,0
24/01/2007 00:00,0.001,0,24.31,18.7,261.5,0,193.3,7.81,6.051,0,250,250,2,0,3.3,0,0.01375,0.011,0.01375,0.01375,0,0,0,0
25/01/2007 00:00,0.001,0,22.24,17,271.9,0,193.3,16.79,5.976,0,250,250,4.2,0,3.2,0,0.01375,0.011,0.01375,0.01375,0,0,0,0
26/01/2007 00:00,0.001,0,23.24,15.3,266.8,0,193.3,25.77,5.901,0,250,250,6.4,0,3.2,0,0.01375,0.011,0.01375,0.01375,0,0,0,0
27/01/2007 00:00,0.001,0,22.19,13.6,272.2,0,193.3,34.74,5.826,0,250,250,8.7,0,3.1,0,0.01375,0.011,0.01375,0.01375,0,0,0,0
28/01/2007 00:00,0.001,0,20.24,11.9,282.7,0,193.3,43.72,5.751,0,250,250,10.9,0,3.1,0,0.01375,0.011,0.01375,0.01375,0,0,0,0
29/01/2007 00:00,0.001,0,21.11,10.1,278,0,193.3,52.7,5.676,0,250,250,13.2,0,3.1,0,0.01375,0.011,0.01375,0.01375,0,0,0,0
30/01/2007 00:00,0.001,0,25.07,8.4,257.8,0,193.3,61.68,5.601,0,250,250,15.4,0,3,0,0.01375,0.011,0.01375,0.01375,0,0,0,0
31/01/2007 00:00,0.002,0,19.97,6.7,284.3,0,193.3,70.66,5.526,0,250,250,17.7,0,3,0,0.01375,0.011,0.01375,0.01375,0,0,0,0
01/02/2007 00:00,0.002,0,17.96,5,296,0,193.3,79.64,5.452,0,250,250,19.9,0,2.9,0,0.01375,0.011,0.01375,0.01375,0,0,0,0
02/02/2007 00:00,0.005,0,20.86,5.6,279.3,0,193.3,65.77,5.601,0,250,250,16.4,0,3,0,0.01375,0.011,0.01375,0.01375,0,0,0,0
03/02/2007 00:00,0.008,0,22.43,6.1,270.9,0,193.3,51.89,5.751,0,250,250,13,0,3.1,0,0.01375,0.011,0.01375,0.01375,0,0,0,0
04/02/2007 00:00,0.012,0,20.95,6.7,278.8,0,193.3,38.01,5.901,0,250,250,9.5,0,3.2,0,0.01375,0.011,0.01375,0.01375,0,0,0,0
05/02/2007 00:00,0.015,0,21.04,7.3,278.3,0,193.3,24.13,6.051,0,250,250,6,0,3.3,0,0.01375,0.011,0.01375,0.01375,0,0,0,0
06/02/2007 00:00,0.018,0,20.05,7.9,283.8,0,193.3,10.26,6.2,0,250,250,2.6,0,3.3,0,0.01375,0.011,0.01375,0.01375,0,0,0,0
07/02/2007 00:00,0.022,0,18.16,8.4,294.8,0,193.3,0,6.35,0,250,250,0,0,3.4,0,0.01375,0.011,0.01375,0.01375,0,0,0,0
08/02/2007 00:00,0.025,0,18.77,9,291.2,0,193.3,0,6.5,0,250,250,0,0,3.5,0,0.01375,0.011,0.01375,0.01375,0,0,0,0
09/02/2007 00:00,0.028,0,20.11,9.6,283.5,0,193.3,0,6.65,0,250,250,0,0,3.6,0,0.01375,0.011,0.01375,0.01375,0,0,0,0
10/02/2007 00:00,0.032,0,21.53,10.1,275.7,0,193.3,0,6.8,0,250,250,0,0,3.7,0,0.01375,0.011,0.01375,0.01375,0,0,0,0
11/02/2007 00:00,0.035,0,18.86,10.7,290.7,0,193.3,0,6.949,0,250,250,0,0,3.7,0,0.01375,0.011,0.01375,0.01375,0,0,0,0
12/02/2007 00:00,0.039,0,17.46,11.3,299.1,0,193.3,0,7.099,0,250,250,0,0,3.8,0,0.01375,0.011,0.01375,0.01375,0,0,0,0
13/02/2007 00:00,0.042,0,17.5,11.9,298.9,0,193.3,0,7.249,0,250,250,0,0,3.9,0,0.01375,0.011,0.01375,0.01375,0,0,0,0
14/02/2007 00:00,0.045,0,18.7,12.4,291.6,0,193.3,0,7.399,0,250,250,0,0,4,0,0.01375,0.011,0.01375,0.01375,0,0,0,0
15/02/2007 00:00,0.049,0,18.8,13,291,0,193.3,0,7.548,0,250,250,0,0,4.1,0,0.01375,0.011,0.01375,0.01375,0,0,0,0
16/02/2007 00:00,0.046,0,20.55,15.4,281,0,193.3,0,7.728,0,250,250,0,0,4.2,0,0.01375,0.011,0.01375,0.01375,0,0,0,0
17/02/2007 00:00,0.044,0,20.13,17.9,283.4,0,193.3,0,7.908,0,250,250,0,0,4.3,0,0.01375,0.011,0.01375,0.01375,0,0,0,0
18/02/2007 00:00,0.041,0,20.46,20.3,281.5,0,193.3,0,8.088,0,250,250,0,0,4.4,0,0.01375,0.011,0.01375,0.01375,0,0,0,0
19/02/2007 00:00,0.039,0,21.63,22.7,275.1,0,193.3,0,8.267,0,250,250,0,0,4.5,0,0.01375,0.011,0.01375,0.01375,0,0,0,0
20/02/2007 00:00,0.036,0,20.06,25.1,283.7,0,193.3,0,8.447,0,250,250,0,0,4.5,0,0.01375,0.011,0.01375,0.01375,0,0,0,0
21/02/2007 00:00,0.034,0,20.56,27.6,280.9,0,193.3,0,8.627,0,250,250,0,0,4.6,0,0.01375,0.011,0.01375,0.01375,0,0,0,0
22/02/2007 00:00,0.032,0,21.24,30,277.2,0,193.3,0,8.806,0,250,250,0,0,4.7,0,0.01375,0.011,0.01375,0.01375,0,0,0,0
23/02/2007 00:00,0.029,0,23.43,32.4,265.9,0,193.3,0,8.986,0,250,250,0,0,4.8,0,0.01375,0.011,0.01375,0.01375,0,0,0,0
24/02/2007 00:00,0.027,0,23.76,34.9,264.2,0,193.3,0,9.166,0,250,250,0,0,4.9,0,0.01375,0.011,0.01375,0.01375,0,0,0,0
25/02/2007 00:00,0.024,0,18.78,37.3,291.2,0,193.3,0,9.346,0,250,250,0,0,5,0,0.01375,0.011,0.01375,0.01375,0,0,0,0
26/02/2007 00:00,0.022,0,18.62,39.7,292.1,0,193.3,0,9.525,0,250,250,0,0,5.1,0,0.01375,0.011,0.01375,0.01375,0,0,0,0
27/02/2007 00:00,0.019,0,19.11,42.1,289.2,0,193.3,0,9.705,0,250,250,0,0,5.2,0,0.01375,0.011,0.01375,0.01375,0,0,0,0
28/02/2007 00:00,0.017,0,19.94,44.6,284.4,0,193.3,0,9.885,0,250,250,0,0,5.3,0,0.01375,0.011,0.01375,0.01375,0,0,0,0
01/03/2007 00:00,0.015,0,19.78,47,285.3,0,193.3,0,10.065,0,250,250,0,0,5.4,0,0.01375,0.011,0.01375,0.01375,0,0,0,0
02/03/2007 00:00,0.016,0,20.55,49.1,281,0,193.3,0,9.99,0,250,250,0,0,5.4,0,0.01375,0.011,0.01375,0.01375,0,0,0,0
03/03/2007 00:00,0.016,0,25.22,51.3,257.2,0,193.3,0,9.915,0,250,250,0,0,5.3,0,0.01375,0.011,0.01375,0.01375,0,0,0,0
04/03/2007 00:00,0.017,0,26.88,53.4,249.5,0,193.3,0,9.84,0,250,250,0,0,5.3,0,0.01375,0.011,0.01375,0.01375,0,0,0,0
05/03/2007 00:00,0.018,0,21.85,55.6,274,0,193.3,0,9.765,0,250,250,0,0,5.3,0,0.01375,0.011,0.01375,0.01375,0,0,0,0
06/03/2007 00:00,0.019,0,16.65,57.7,304.2,0,193.3,0,9.69,0,250,250,0,0,5.2,0,0.01375,0.011,0.01375,0.01375,0,0,0,0
07/03/2007 00:00,0.02,0,18.62,59.9,292.1,0,193.3,0,9.615,0,250,250,0,0,5.2,0,0.01375,0.011,0.01375,0.01375,0,0,0,0
08/03/2007 00:00,0.021,0,21.37,62,276.6,0,193.3,0,9.54,0,250,250,0,0,5.1,0,0.01375,0.011,0.01375,0.01375,0,0,0,0
09/03/2007 00:00,0.022,0,18.22,64.1,294.5,0,193.3,0,9.465,0,250,250,0,0,5.1,0,0.01375,0.011,0.01375,0.01375,0,0,0,0
10/03/2007 00:00,0.023,0,17.75,66.3,297.3,0,193.3,0,9.391,0,250,250,0,0,5.1,0,0.01375,0.011,0.01375,0.01375,0,0,0,0
11/03/2007 00:00,0.024,0,22.53,68.4,270.4,0,193.3,0,9.316,0,250,250,0,0,5,0,0.01375,0.011,0.01375,0.01375,0,0,0,0
12/03/2007 00:00,0.025,0,18.43,70.6,293.2,0,193.3,0,9.241,0,250,250,0,0,5,0,0.01375,0.011,0.01375,0.01375,0,0,0,0
13/03/2007 00:00,0.026,0,16.03,72.7,308.2,0,193.3,0,9.166,0,250,250,0,0,4.9,0,0.01375,0.011,0.01375,0.01375,0,0,0,0
14/03/2007 00:00,0.027,0,17.81,74.9,297,0,193.3,0,9.091,0,250,250,0,0,4.9,0,0.01375,0.011,0.01375,0.01375,0,0,0,0
15/03/2007 00:00,0.028,0,21.2,77,277.5,0,193.3,0,9.016,0,250,250,0,0,4.9,0,0.01375,0.011,0.01375,0.01375,0,0,0,0
16/03/2007 00:00,0.028,0,25.2,73.8,257.2,0,193.3,0,8.657,0,250,250,0,0,4.7,0,0.01375,0.011,0.01375,0.01375,0,0,0,0
17/03/2007 00:00,0.028,0,21.48,70.6,275.9,0,193.3,0,8.297,0,250,250,0,0,4.5,0,0.01375,0.011,0.01375,0.01375,0,0,0,0
18/03/2007 00:00,0.027,0,17.61,67.4,298.2,0,193.3,0,7.938,0,250,250,0,0,4.3,0,0.01375,0.011,0.01375,0.01375,0,0,0,0
19/03/2007 00:00,0.027,0,18.83,64.1,290.8,0,193.3,0,7.578,0,250,250,0,0,4.1,0,0.01375,0.011,0.01375,0.01375,0,0,0,0
20/03/2007 00:00,0.027,0,23.68,60.9,264.6,0,193.3,0,7.219,0,250,250,0,0,3.9,0,0.01375,0.011,0.01375,0.01375,0,0,0,0
21/03/2007 00:00,0.027,0,22.68,57.7,269.6,0,193.3,0,6.859,0,250,250,0,0,3.7,0,0.01375,0.011,0.01375,0.01375,0,0,0,0
22/03/2007 00:00,0.026,0,22.97,54.5,268.1,0,193.3,0,6.5,0,250,250,0,0,3.5,0,0.01375,0.011,0.01375,0.01375,0,0,0,0
23/03/2007 00:00,0.026,0,22.8,51.3,269.1,0,193.3,0,6.141,0,250,250,0,0,3.3,0,0.01375,0.011,0.01375,0.01375,0,0,0,0
24/03/2007 00:00,0.026,0,22.11,48.1,272.6,0,193.3,0,5.781,0,250,250,0,0,3.1,0,0.01375,0.011,0.01375,0.01375,0,0,0,0
25/03/2007 00:00,0.026,0,14.22,44.9,320.4,0,193.3,0,5.422,0,250,250,0,0,2.9,0,0.01375,0.011,0.01375,0.01375,0,0,0,0
26/03/2007 00:00,0.026,0,15.16,41.6,314,0,193.3,0,5.062,0,250,250,0,0,2.7,0,0.01375,0.011,0.01375,0.01375,0,0,0,0
27/03/2007 00:00,0.025,0,15.14,38.4,314.1,0,193.3,0,4.703,0,250,250,0,0,2.5,0,0.01375,0.011,0.01375,0.01375,0,0,0,0
28/03/2007 00:00,0.025,0,17.88,35.2,296.5,0,193.3,0,4.343,0,250,250,0,0,2.3,0,0.01375,0.011,0.01375,0.01375,0,0,0,0
29/03/2007 00:00,0.025,0,19.08,32,289.4,0,193.3,0,3.984,0,250,250,0,0,2.1,0,0.01375,0.011,0.01375,0.01375,0,0,0,0
30/03/2007 00:00,0.024,0,15.75,32,310.1,0,193.3,0,3.939,0,250,250,0,0,2.1,0,0.01375,0.011,0.01375,0.01375,0,0,0,0
31/03/2007 00:00,0.024,0,14.04,32,321.7,0,193.3,0,3.894,0,250,250,0,0,2.1,0,0.01375,0.011,0.01375,0.01375,0,0,0,0
01/04/2007 00:00,0.023,0,15.56,32,311.3,0,193.3,0,3.849,0,250,250,0,0,2.1,0,0.01375,0.011,0.01375,0.01375,0,0,0,0
02/04/2007 00:00,0.022,0,17.96,32,296,0,193.3,0,3.804,0,250,250,0,0,2,0,0.01375,0.011,0.01375,0.01375,0,0,0,0
03/04/2007 00:00,0.022,0,18.97,32,290,0,193.3,0,3.759,0,250,250,0,0,2,0,0.01375,0.011,0.01375,0.01375,0,0,0,0
04/04/2007 00:00,0.021,0,17.57,32,298.4,0,193.3,0,3.714,0,250,250,0,0,2,0,0.01375,0.011,0.01375,0.01375,0,0,0,0
05/04/2007 00:00,0.02,0,18.34,32,293.7,0,193.3,0,3.669,0,250,250,0,0,2,0,0.01375,0.011,0.01375,0.01375,0,0,0,0
06/04/2007 00:00,0.02,0,13.7,32,324.1,0,193.3,0,3.624,0,250,250,0,0,2,0,0.01375,0.011,0.01375,0.01375,0,0,0,0
07/04/2007 00:00,0.019,0,14.13,32,321.1,0,193.3,0,3.579,0,250,250,0,0,1.9,0,0.01375,0.011,0.01375,0.01375,0,0,0,0
08/04/2007 00:00,0.018,0,15.88,32,309.2,0,193.3,0,3.535,0,250,250,0,0,1.9,0,0.01375,0.011,0.01375,0.01375,0,0,0,0
09/04/2007 00:00,0.018,0,14.6,32,317.8,0,193.3,0,3.49,0,250,250,0,0,1.9,0,0.01375,0.011,0.01375,0.01375,0,0,0,0
10/04/2007 00:00,0.017,0,16.03,32,308.2,0,193.3,0,3.445,0,250,250,0,0,1.9,0,0.01375,0.011,0.01375,0.01375,0,0,0,0
11/04/2007 00:00,0.017,0,17.13,32,301.2,0,193.3,0,3.4,0,250,250,0,0,1.8,0,0.01375,0.011,0.01375,0.01375,0,0,0,0
12/04/2007 00:00,0.016,0,17.27,32,300.3,0,193.3,0,3.355,0,250,250,0,0,1.8,0,0.01375,0.011,0.01375,0.01375,0,0,0,0
13/04/2007 00:00,0.018,0,15.01,30.8,315,0,193.3,0,3.28,0,250,250,0,0,1.8,0,0.01375,0.011,0.01375,0.01375,0,0,0,0
14/04/2007 00:00,0.02,0,16.46,29.6,305.4,0,193.3,0,3.205,0,250,250,0,0,1.7,0,0.01375,0.011,0.01375,0.01375,0,0,0,0
15/04/2007 00:00,0.022,0,18.82,28.4,290.9,0,193.3,0,3.13,0,250,250,0,0,1.7,0,0.01375,0.011,0.01375,0.01375,0,0,0,0
16/04/2007 00:00,0.024,0,17.88,27.1,296.5,0,193.3,0,3.055,0,250,250,0,0,1.6,0,0.01375,0.011,0.01375,0.01375,0,0,0,0
17/04/2007 00:00,0.026,0,15.58,25.9,311.1,0,193.3,0,2.98,0,250,250,0,0,1.6,0,0.01375,0.011,0.01375,0.01375,0,0,0,0
18/04/2007 00:00,0.028,0,17.13,24.7,301.1,0,193.3,0,2.906,0,250,250,0,0,1.6,0,0.01375,0.011,0.01375,0.01375,0,0,0,0
19/04/2007 00:00,0.03,0,17.45,23.5,299.2,0,193.3,0,2.831,0,250,250,0,0,1.5,0,0.01375,0.011,0.01375,0.01375,0,0,0,0
20/04/2007 00:00,0.032,0,16.93,22.3,302.4,0,193.3,0,2.756,0,250,250,0,0,1.5,0,0.01375,0.011,0.01375,0.01375,0,0,0,0
21/04/2007 00:00,0.034,0,15.75,21.1,310,0,193.3,0,2.681,0,250,250,0,0,1.4,0,0.01375,0.011,0.01375,0.01375,0,0,0,0
22/04/2007 00:00,0.036,0,15.71,19.9,310.3,0,193.3,0,2.606,0,250,250,0,0,1.4,0,0.01375,0.011,0.01375,0.01375,0,0,0,0
23/04/2007 00:00,0.038,0,14.86,18.6,316,0,193.3,0,2.531,0,250,250,0,0,1.4,0,0.01375,0.011,0.01375,0.01375,0,0,0,0
24/04/2007 00:00,0.04,0,14.02,17.4,321.9,0,193.3,0,2.456,0,250,250,0,0,1.3,0,0.01375,0.011,0.01375,0.01375,0,0,0,0
25/04/2007 00:00,0.042,0,13.59,16.2,324.9,0,193.3,0,2.381,0,250,250,0,0,1.3,0,0.01375,0.011,0.01375,0.01375,0,0,0,0
26/04/2007 00:00,0.044,0,13.44,15,326,0,193.3,0,2.306,0,250,250,0,0,1.2,0,0.01375,0.011,0.01375,0.01375,0,0,0,0
27/04/2007 00:00,0.042,0,13.62,15.9,324.7,0,193.3,0,2.546,0,250,250,0,0,1.4,0,0.01375,0.011,0.01375,0.01375,0,0,0,0
28/04/2007 00:00,0.04,0,14.41,16.7,319.1,0,193.3,0,2.786,0,250,250,0,0,1.5,0,0.01375,0.011,0.01375,0.01375,0,0,0,0
29/04/2007 00:00,0.038,0,15.9,17.6,309.1,0,193.3,0,3.025,0,250,250,0,0,1.6,0,0.01375,0.011,0.01375,0.01375,0,0,0,0
30/04/2007 00:00,0.036,0,15.54,18.4,311.4,0,193.3,0,3.265,0,250,250,0,0,1.8,0,0.01375,0.011,0.01375,0.01375,0,0,0,0
01/05/2007 00:00,0.034,0,15.07,19.3,314.6,0,193.3,0,3.505,0,250,250,0,0,1.9,0,0.01375,0.011,0.01375,0.01375,0,0,0,0
02/05/2007 00:00,0.032,0,16.74,20.1,303.6,0,193.3,0,3.744,0,250,250,0,0,2,0,0.01375,0.011,0.01375,0.01375,0,0,0,0
03/05/2007 00:00,0.03,0,18.94,21,290.2,0,193.3,0,3.984,0,250,250,0,0,2.1,0,0.01375,0.011,0.01375,0.01375,0,0,0,0
04/05/2007 00:00,0.028,0,18.23,21.9,294.4,0,193.3,0,4.224,0,250,250,0,0,2.3,0,0.01375,0.011,0.01375,0.01375,0,0,0,0
05/05/2007 00:00,0.026,0,15.49,22.7,311.8,0,193.3,0,4.463,0,250,250,0,0,2.4,0,0.01375,0.011,0.01375,0.01375,0,0,0,0
06/05/2007 00:00,0.024,0,15.29,23.6,313.1,0,193.3,0,4.703,0,250,250,0,0,2.5,0,0.01375,0.011,0.01375,0.01375,0,0,0,0
07/05/2007 00:00,0.022,0,15.93,24.4,308.9,0,193.3,0,4.942,0,250,250,0,0,2.7,0,0.01375,0.011,0.01375,0.01375,0,0,0,0
08/05/2007 00:00,0.02,0,17.76,25.3,297.3,0,193.3,0,5.182,0,250,250,0,0,2.8,0,0.01375,0.011,0.01375,0.01375,0,0,0,0
09/05/2007 00:00,0.018,0,17.96,26.1,296,0,193.3,0,5.422,0,250,250,0,0,2.9,0,0.01375,0.011,0.01375,0.01375,0,0,0,0
10/05/2007 00:00,0.016,0,13.54,27,325.3,0,193.3,0,5.661,0,250,250,0,0,3,0,0.01375,0.011,0.01375,0.01375,0,0,0,0
11/05/2007 00:00,0.017,0,11.93,28,337.3,0,193.3,0,5.437,0,250,250,0,0,2.9,0,0.01375,0.011,0.01375,0.01375,0,0,0,0
12/05/2007 00:00,0.017,0,13.76,29,323.7,0,193.3,0,5.212,0,250,250,0,0,2.8,0,0.01375,0.011,0.01375,0.01375,0,0,0,0
13/05/2007 00:00,0.018,0,15.41,30,312.3,0,193.3,0,4.987,0,250,250,0,0,2.7,0,0.01375,0.011,0.01375,0.01375,0,0,0,0
14/05/2007 00:00,0.018,0,15.44,31,312.1,0,193.3,0,4.763,0,250,250,0,0,2.6,0,0.01375,0.011,0.01375,0.01375,0,0,0,0
15/05/2007 00:00,0.019,0,15.25,32,313.4,0,193.3,0,4.538,0,250,250,0,0,2.4,0,0.01375,0.011,0.01375,0.01375,0,0,0,0
16/05/2007 00:00,0.019,0,15.76,33,310,0,193.3,0,4.313,0,250,250,0,0,2.3,0,0.01375,0.011,0.01375,0.01375,0,0,0,0
17/05/2007 00:00,0.02,0,16.11,34,307.7,0,193.3,0,4.089,0,250,250,0,0,2.2,0,0.01375,0.011,0.01375,0.01375,0,0,0,0
18/05/2007 00:00,0.02,0,15.18,35,313.9,0,193.3,0,3.864,0,250,250,0,0,2.1,0,0.01375,0.011,0.01375,0.01375,0,0,0,0
19/05/2007 00:00,0.021,0,13.77,36,323.6,0,193.3,0,3.639,0,250,250,0,0,2,0,0.01375,0.011,0.01375,0.01375,0,0,0,0
20/05/2007 00:00,0.021,0,12.54,37,332.7,0,193.3,0,3.415,0,250,250,0,0,1.8,0,0.01375,0.011,0.01375,0.01375,0,0,0,0
21/05/2007 00:00,0.022,0,12.08,38,336.1,0,193.3,0,3.19,0,250,250,0,0,1.7,0,0.01375,0.011,0.01375,0.01375,0,0,0,0
22/05/2007 00:00,0.023,0,10.45,39,349,0,193.3,0,2.965,0,250,250,0,0,1.6,0,0.01375,0.011,0.01375,0.01375,0,0,0,0
23/05/2007 00:00,0.023,0,10.43,40,349.2,0,193.3,0,2.741,0,250,250,0,0,1.5,0,0.01375,0.011,0.01375,0.01375,0,0,0,0
24/05/2007 00:00,0.024,0,9.76,41,354.7,0,193.3,0,2.516,0,250,250,0,0,1.4,0,0.01375,0.011,0.01375,0.01375,0,0,0,0
25/05/2007 00:00,0.023,0,9.44,40.8,357.4,0,193.3,0,2.561,0,250,250,0,0,1.4,0,0.01375,0.011,0.01375,0.01375,0,0,0,0
26/05/2007 00:00,0.023,0,10.62,40.6,347.6,0,193.3,0,2.606,0,250,250,0,0,1.4,0,0.01375,0.011,0.01375,0.01375,0,0,0,0
27/05/2007 00:00,0.022,0,12.11,40.4,335.9,0,193.3,0,2.651,0,250,250,0,0,1.4,0,0.01375,0.011,0.01375,0.01375,0,0,0,0
28/05/2007 00:00,0.022,0,13.9,40.1,322.7,0,193.3,0,2.696,0,250,250,0,0,1.5,0,0.01375,0.011,0.01375,0.01375,0,0,0,0
29/05/2007 00:00,0.021,0,16.85,39.9,302.9,0,193.3,0,2.741,0,250,250,0,0,1.5,0,0.01375,0.011,0.01375,0.01375,0,0,0,0
30/05/2007 00:00,0.021,0,12.27,39.7,334.7,0,193.3,0,2.786,0,250,250,0,0,1.5,0,0.01375,0.011,0.01375,0.01375,0,0,0,0
31/05/2007 00:00,0.021,0,8.23,39.5,367.9,0,193.3,0,2.831,0,250,250,0,0,1.5,0,0.01375,0.011,0.01375,0.01375,0,0,0,0
01/06/2007 00:00,0.02,0,9.76,39.3,354.7,0,193.3,0,2.876,0,250,250,0,0,1.5,0,0.01375,0.011,0.01375,0.01375,0,0,0,0
02/06/2007 00:00,0.02,0,10.47,39.1,348.8,0,193.3,0,2.921,0,250,250,0,0,1.6,0,0.01375,0.011,0.01375,0.01375,0,0,0,0
03/06/2007 00:00,0.019,0,11.67,38.9,339.2,0,193.3,0,2.965,0,250,250,0,0,1.6,0,0.01375,0.011,0.01375,0.01375,0,0,0,0
04/06/2007 00:00,0.019,0,10.48,38.6,348.7,0,193.3,0,3.01,0,250,250,0,0,1.6,0,0.01375,0.011,0.01375,0.01375,0,0,0,0
05/06/2007 00:00,0.018,0,10.11,38.4,351.8,0,193.3,0,3.055,0,250,250,0,0,1.6,0,0.01375,0.011,0.01375,0.01375,0,0,0,0
06/06/2007 00:00,0.018,0,11.18,38.2,343.1,0,193.3,0,3.1,0,250,250,0,0,1.7,0,0.01375,0.011,0.01375,0.01375,0,0,0,0
07/06/2007 00:00,0.017,0,11.33,38,341.9,0,193.3,0,3.145,0,250,250,0,0,1.7,0,0.01375,0.011,0.01375,0.01375,0,0,0,0
08/06/2007 00:00,0.024,0,10.86,37.4,345.7,0,193.3,0,3.639,0,250,250,0,0,2,0,0.01375,0.011,0.01375,0.01375,0,0,0,0
09/06/2007 00:00,0.03,0,11.14,36.7,343.4,0,193.3,0,4.134,0,250,250,0,0,2.2,0,0.01375,0.011,0.01375,0.01375,0,0,0,0
10/06/2007 00:00,0.036,0,11.3,36.1,342.1,0,193.3,23.72,4.628,0,250,250,5.9,0,2.5,0,0.01375,0.011,0.01375,0.01375,0,0,0,0
11/06/2007 00:00,0.042,0,9.31,35.4,358.5,0,193.3,58.42,5.122,0,250,250,14.6,0,2.8,0,0.01375,0.011,0.01375,0.01375,0,0,0,0
12/06/2007 00:00,0.048,0,8.1,34.8,369.1,0,193.3,93.11,5.616,0,250,250,23.3,0,3,0,0.01375,0.011,0.01375,0.01375,0,0,0,0
13/06/2007 00:00,0.055,0,6.6,34.1,383.1,0,193.3,127.81,6.111,0,250,250,32,0,3.3,0,0.01375,0.011,0.01375,0.01375,0,0,0,0
14/06/2007 00:00,0.061,0,7.26,33.5,376.8,0,193.3,162.5,6.605,0,250,250,40.6,0,3.6,0,0.01375,0.011,0.01375,0.01375,0,0,0,0
15/06/2007 00:00,0.067,0,10.03,32.9,352.5,0,193.3,197.19,7.099,0,250,250,49.3,0,3.8,0,0.01375,0.011,0.01375,0.01375,0,0,0,0
16/06/2007 00:00,0.073,0,11,32.2,344.5,0,193.3,231.89,7.593,0,250,250,58,0,4.1,0,0.01375,0.011,0.01375,0.01375,0,0,0,0
17/06/2007 00:00,0.08,0,11.03,31.6,344.3,0,193.3,266.58,8.088,0,250,250,66.6,0,4.4,0,0.01375,0.011,0.01375,0.01375,0,0,0,0
18/06/2007 00:00,0.086,0,10.64,30.9,347.5,0,193.3,301.28,8.582,0,250,250,75.3,0,4.6,0,0.01375,0.011,0.01375,0.01375,0,0,0,0
19/06/2007 00:00,0.092,0,7.23,30.3,377.1,0,193.3,335.97,9.076,0,250,250,84,0,4.9,0,0.01375,0.011,0.01375,0.01375,0,0,0,0
20/06/2007 00:00,0.098,0,7.32,29.6,376.3,0,193.3,370.66,9.57,0,250,250,92.7,0,5.2,0,0.01375,0.011,0.01375,0.01375,0,0,0,0
21/06/2007 00:00,0.104,0,7.32,29,376.3,0,193.3,405.36,10.065,0,250,250,101.3,0,5.4,0,0.01375,0.011,0.01375,0.01375,0,0,0,0
22/06/2007 00:00,0.1,0,5.43,28.4,394.6,0,193.3,394.34,9.54,0,250,250,98.6,0,5.1,0,0.01375,0.011,0.01375,0.01375,0,0,0,0
23/06/2007 00:00,0.096,0,6.38,27.9,385.2,0,193.3,383.32,9.016,0,250,250,95.8,0,4.9,0,0.01375,0.011,0.01375,0.01375,0,0,0,0
24/06/2007 00:00,0.091,0,8.4,27.3,366.4,0,193.3,372.3,8.492,0,250,250,93.1,0,4.6,0,0.01375,0.011,0.01375,0.01375,0,0,0,0
25/06/2007 00:00,0.087,0,11.32,26.7,342,0,193.3,361.28,7.968,0,250,250,90.3,0,4.3,0,0.01375,0.011,0.01375,0.01375,0,0,0,0
26/06/2007 00:00,0.082,0,10.79,26.1,346.2,0,193.3,350.26,7.444,0,250,250,87.6,0,4,0,0.01375,0.011,0.01375,0.01375,0,0,0,0
27/06/2007 00:00,0.078,0,7.6,25.6,373.7,0,193.3,339.24,6.919,0,250,250,84.8,0,3.7,0,0.01375,0.011,0.01375,0.01375,0,0,0,0
28/06/2007 00:00,0.073,0,7.88,25,371.1,0,193.3,328.21,6.395,0,250,250,82.1,0,3.4,0,0.01375,0.011,0.01375,0.01375,0,0,0,0
29/06/2007 00:00,0.069,0,10.65,24.4,347.3,0,193.3,317.19,5.871,0,250,250,79.3,0,3.2,0,0.01375,0.011,0.01375,0.01375,0,0,0,0
30/06/2007 00:00,0.065,0,8.98,23.9,361.3,0,193.3,306.17,5.347,0,250,250,76.5,0,2.9,0,0.01375,0.011,0.01375,0.01375,0,0,0,0
01/07/2007 00:00,0.06,0,9.15,23.3,359.9,0,193.3,295.15,4.823,0,250,250,73.8,0,2.6,0,0.01375,0.011,0.01375,0.01375,0,0,0,0
02/07/2007 00:00,0.056,0,11.14,22.7,343.4,0,193.3,284.13,4.298,0,250,250,71,0,2.3,0,0.01375,0.011,0.01375,0.01375,0,0,0,0
03/07/2007 00:00,0.051,0,14.23,22.1,320.3,0,193.3,273.11,3.774,0,250,250,68.3,0,2,0,0.01375,0.011,0.01375,0.01375,0,0,0,0
04/07/2007 00:00,0.047,0,13.99,21.6,322.1,0,193.3,262.09,3.25,0,250,250,65.5,0,1.8,0,0.01375,0.011,0.01375,0.01375,0,0,0,0
05/07/2007 00:00,0.043,0,9.9,21,353.5,0,193.3,251.07,2.726,0,250,250,62.8,0,1.5,0,0.01375,0.011,0.01375,0.01375,0,0,0,0
06/07/2007 00:00,0.042,0,8.92,20.9,361.8,0,193.3,238.01,2.621,0,250,250,59.5,0,1.4,0,0.01375,0.011,0.01375,0.01375,0,0,0,0
07/07/2007 00:00,0.041,0,9.18,20.7,359.7,0,193.3,224.95,2.516,0,250,250,56.2,0,1.4,0,0.01375,0.011,0.01375,0.01375,0,0,0,0
08/07/2007 00:00,0.04,0,7.5,20.6,374.5,0,193.3,211.89,2.411,0,250,250,53,0,1.3,0,0.01375,0.011,0.01375,0.01375,0,0,0,0
09/07/2007 00:00,0.039,0,9.52,20.4,356.7,0,193.3,198.83,2.306,0,250,250,49.7,0,1.2,0,0.01375,0.011,0.01375,0.01375,0,0,0,0
10/07/2007 00:00,0.038,0,8.65,20.3,364.2,0,193.3,185.76,2.202,0,250,250,46.4,0,1.2,0,0.01375,0.011,0.01375,0.01375,0,0,0,0
11/07/2007 00:00,0.037,0,8.79,20.1,362.9,0,193.3,172.7,2.097,0,250,250,43.2,0,1.1,0,0.01375,0.011,0.01375,0.01375,0,0,0,0
12/07/2007 00:00,0.036,0,7.33,20,376.1,0,193.3,159.64,1.992,0,250,250,39.9,0,1.1,0,0.01375,0.011,0.01375,0.01375,0,0,0,0
13/07/2007 00:00,0.035,0,7.96,19.9,370.4,0,193.3,146.58,1.887,0,250,250,36.6,0,1,0,0.01375,0.011,0.01375,0.01375,0,0,0,0
14/07/2007 00:00,0.034,0,7.04,19.7,378.9,0,193.3,133.52,1.782,0,250,250,33.4,0,1,0,0.01375,0.011,0.01375,0.01375,0,0,0,0
15/07/2007 00:00,0.033,0,5.39,19.6,395,0,193.3,120.46,1.677,0,250,250,30.1,0,0.9,0,0.01375,0.011,0.01375,0.01375,0,0,0,0
16/07/2007 00:00,0.032,0,5.1,19.4,398,0,193.3,107.4,1.573,0,250,250,26.8,0,0.8,0,0.01375,0.011,0.01375,0.01375,0,0,0,0
17/07/2007 00:00,0.031,0,5.81,19.3,390.8,0,193.3,94.34,1.468,0,250,250,23.6,0,0.8,0,0.01375,0.011,0.01375,0.01375,0,0,0,0
18/07/2007 00:00,0.03,0,5.57,19.1,393.2,0,193.3,81.28,1.363,0,250,250,20.3,0,0.7,0,0.01375,0.011,0.01375,0.01375,0,0,0,0
19/07/2007 00:00,0.03,0,6.63,19,382.7,0,193.3,68.21,1.258,0,250,250,17.1,0,0.7,0,0.01375,0.011,0.01375,0.01375,0,0,0,0
20/07/2007 00:00,0.029,0,8.11,19.9,369,0,193.3,56.79,1.348,0,250,250,14.2,0,0.7,0,0.01375,0.011,0.01375,0.01375,0,0,0,0
21/07/2007 00:00,0.028,0,7.39,20.7,375.6,0,193.3,45.36,1.438,0,250,250,11.3,0,0.8,0,0.01375,0.011,0.01375,0.01375,0,0,0,0
22/07/2007 00:00,0.027,0,7.32,21.6,376.3,0,193.3,33.93,1.528,0,250,250,8.5,0,0.8,0,0.01375,0.011,0.01375,0.01375,0,0,0,0
23/07/2007 00:00,0.027,0,8.56,22.4,365,0,193.3,22.5,1.618,0,250,250,5.6,0,0.9,0,0.01375,0.011,0.01375,0.01375,0,0,0,0
24/07/2007 00:00,0.026,0,10.35,23.3,349.8,0,193.3,11.07,1.707,0,250,250,2.8,0,0.9,0,0.01375,0.011,0.01375,0.01375,0,0,0,0
25/07/2007 00:00,0.025,0,11.54,24.1,340.3,0,193.3,0,1.797,0,250,250,0,0,1,0,0.01375,0.011,0.01375,0.01375,0,0,0,0
26/07/2007 00:00,0.025,0,12.6,25,332.1,0,193.3,0,1.887,0,250,250,0,0,1,0,0.01375,0.011,0.01375,0.01375,0,0,0,0
27/07/2007 00:00,0.024,0,12.95,25.9,329.6,0,193.3,0,1.977,0,250,250,0,0,1.1,0,0.01375,0.011,0.01375,0.01375,0,0,0,0
28/07/2007 00:00,0.023,0,9.71,26.7,355.1,0,193.3,0,2.067,0,250,250,0,0,1.1,0,0.01375,0.011,0.01375,0.01375,0,0,0,0
29/07/2007 00:00,0.023,0,8.68,27.6,364,0,193.3,0,2.157,0,250,250,0,0,1.2,0,0.01375,0.011,0.01375,0.01375,0,0,0,0
30/07/2007 00:00,0.022,0,8.19,28.4,368.3,0,193.3,0,2.247,0,250,250,0,0,1.2,0,0.01375,0.011,0.01375,0.01375,0,0,0,0
31/07/2007 00:00,0.021,0,10.97,29.3,344.8,0,193.3,0,2.336,0,250,250,0,0,1.3,0,0.01375,0.011,0.01375,0.01375,0,0,0,0
01/08/2007 00:00,0.021,0,15.83,30.1,309.5,0,193.3,0,2.426,0,250,250,0,0,1.3,0,0.01375,0.011,0.01375,0.01375,0,0,0,0
02/08/2007 00:00,0.02,0,16.58,31,304.6,0,193.3,0,2.516,0,250,250,0,0,1.4,0,0.01375,0.011,0.01375,0.01375,0,0,0,0
03/08/2007 00:00,0.02,0,10.73,30.5,346.7,0,193.3,0,2.456,0,250,250,0,0,1.3,0,0.01375,0.011,0.01375,0.01375,0,0,0,0
04/08/2007 00:00,0.021,0,7.98,30,370.2,0,193.3,0,2.396,0,250,250,0,0,1.3,0,0.01375,0.011,0.01375,0.01375,0,0,0,0
05/08/2007 00:00,0.021,0,9.66,29.5,355.5,0,193.3,0,2.336,0,250,250,0,0,1.3,0,0.01375,0.011,0.01375,0.01375,0,0,0,0
06/08/2007 00:00,0.021,0,10.44,29,349,0,193.3,0,2.276,0,250,250,0,0,1.2,0,0.01375,0.011,0.01375,0.01375,0,0,0,0
07/08/2007 00:00,0.022,0,10.59,28.5,347.8,0,193.3,0,2.217,0,250,250,0,0,1.2,0,0.01375,0.011,0.01375,0.01375,0,0,0,0
08/08/2007 00:00,0.022,0,12.52,28,332.8,0,193.3,0,2.157,0,250,250,0,0,1.2,0,0.01375,0.011,0.01375,0.01375,0,0,0,0
09/08/2007 00:00,0.023,0,14.46,27.5,318.8,0,193.3,0,2.097,0,250,250,0,0,1.1,0,0.01375,0.011,0.01375,0.01375,0,0,0,0
10/08/2007 00:00,0.023,0,15.56,27,311.3,0,193.3,6.17,2.037,0,250,250,1.5,0,1.1,0,0.01375,0.011,0.01375,0.01375,0,0,0,0
11/08/2007 00:00,0.023,0,17.09,26.5,301.4,0,193.3,18.42,1.977,0,250,250,4.6,0,1.1,0,0.01375,0.011,0.01375,0.01375,0,0,0,0
12/08/2007 00:00,0.024,0,15.07,26,314.6,0,193.3,30.66,1.917,0,250,250,7.7,0,1,0,0.01375,0.011,0.01375,0.01375,0,0,0,0
13/08/2007 00:00,0.024,0,9.08,25.5,360.5,0,193.3,42.91,1.857,0,250,250,10.7,0,1,0,0.01375,0.011,0.01375,0.01375,0,0,0,0
14/08/2007 00:00,0.024,0,8.07,25,369.4,0,193.3,55.15,1.797,0,250,250,13.8,0,1,0,0.01375,0.011,0.01375,0.01375,0,0,0,0
15/08/2007 00:00,0.025,0,10.9,24.5,345.3,0,193.3,67.4,1.737,0,250,250,16.8,0,0.9,0,0.01375,0.011,0.01375,0.01375,0,0,0,0
16/08/2007 00:00,0.025,0,10.95,24,344.9,0,193.3,79.64,1.677,0,250,250,19.9,0,0.9,0,0.01375,0.011,0.01375,0.01375,0,0,0,0
17/08/2007 00:00,0.026,0,12.56,24.6,332.5,0,193.3,82.91,1.812,0,250,250,20.7,0,1,0,0.01375,0.011,0.01375,0.01375,0,0,0,0
18/08/2007 00:00,0.028,0,11.51,25.3,340.5,0,193.3,86.17,1.947,0,250,250,21.5,0,1,0,0.01375,0.011,0.01375,0.01375,0,0,0,0
19/08/2007 00:00,0.029,0,10.45,25.9,348.9,0,193.3,89.44,2.082,0,250,250,22.4,0,1.1,0,0.01375,0.011,0.01375,0.01375,0,0,0,0
20/08/2007 00:00,0.03,0,11.07,26.6,344,0,193.3,92.7,2.217,0,250,250,23.2,0,1.2,0,0.01375,0.011,0.01375,0.01375,0,0,0,0
21/08/2007 00:00,0.032,0,10.55,27.2,348.2,0,193.3,95.97,2.351,0,250,250,24,0,1.3,0,0.01375,0.011,0.01375,0.01375,0,0,0,0
22/08/2007 00:00,0.033,0,9.88,27.9,353.7,0,193.3,99.23,2.486,0,250,250,24.8,0,1.3,0,0.01375,0.011,0.01375,0.01375,0,0,0,0
23/08/2007 00:00,0.034,0,10.46,28.5,348.9,0,193.3,102.5,2.621,0,250,250,25.6,0,1.4,0,0.01375,0.011,0.01375,0.01375,0,0,0,0
24/08/2007 00:00,0.035,0,11.64,29.1,339.5,0,193.3,105.77,2.756,0,250,250,26.4,0,1.5,0,0.01375,0.011,0.01375,0.01375,0,0,0,0
25/08/2007 00:00,0.037,0,12.42,29.8,333.5,0,193.3,109.03,2.891,0,250,250,27.3,0,1.6,0,0.01375,0.011,0.01375,0.01375,0,0,0,0
26/08/2007 00:00,0.038,0,14.22,30.4,320.5,0,193.3,112.3,3.025,0,250,250,28.1,0,1.6,0,0.01375,0.011,0.01375,0.01375,0,0,0,0
27/08/2007 00:00,0.039,0,16.14,31.1,307.5,0,193.3,115.56,3.16,0,250,250,28.9,0,1.7,0,0.01375,0.011,0.01375,0.01375,0,0,0,0
28/08/2007 00:00,0.041,0,16.91,31.7,302.5,0,193.3,118.83,3.295,0,250,250,29.7,0,1.8,0,0.01375,0.011,0.01375,0.01375,0,0,0,0
29/08/2007 00:00,0.042,0,14.67,32.4,317.3,0,193.3,122.09,3.43,0,250,250,30.5,0,1.8,0,0.01375,0.011,0.01375,0.01375,0,0,0,0
30/08/2007 00:00,0.043,0,16.74,33,303.6,0,193.3,125.36,3.565,0,250,250,31.3,0,1.9,0,0.01375,0.011,0.01375,0.01375,0,0,0,0
31/08/2007 00:00,0.042,0,17.25,32.9,300.4,0,193.3,109.85,3.505,0,250,250,27.5,0,1.9,0,0.01375,0.011,0.01375,0.01375,0,0,0,0
01/09/2007 00:00,0.041,0,12.98,32.9,329.4,0,193.3,94.34,3.445,0,250,250,23.6,0,1.9,0,0.01375,0.011,0.01375,0.01375,0,0,0,0
02/09/2007 00:00,0.039,0,15.91,32.8,309,0,193.3,78.83,3.385,0,250,250,19.7,0,1.8,0,0.01375,0.011,0.01375,0.01375,0,0,0,0
03/09/2007 00:00,0.038,0,15.19,32.7,313.8,0,193.3,63.32,3.325,0,250,250,15.8,0,1.8,0,0.01375,0.011,0.01375,0.01375,0,0,0,0
04/09/2007 00:00,0.037,0,10.42,32.6,349.3,0,193.3,47.81,3.265,0,250,250,12,0,1.8,0,0.01375,0.011,0.01375,0.01375,0,0,0,0
05/09/2007 00:00,0.035,0,10.11,32.6,351.8,0,193.3,32.3,3.205,0,250,250,8.1,0,1.7,0,0.01375,0.011,0.01375,0.01375,0,0,0,0
06/09/2007 00:00,0.034,0,11.33,32.5,342,0,193.3,16.79,3.145,0,250,250,4.2,0,1.7,0,0.01375,0.011,0.01375,0.01375,0,0,0,0
07/09/2007 00:00,0.033,0,10.75,32.4,346.5,0,193.3,1.28,3.085,0,250,250,0.3,0,1.7,0,0.01375,0.011,0.01375,0.01375,0,0,0,0
08/09/2007 00:00,0.031,0,11.54,32.4,340.2,0,193.3,0,3.025,0,250,250,0,0,1.6,0,0.01375,0.011,0.01375,0.01375,0,0,0,0
09/09/2007 00:00,0.03,0,10.76,32.3,346.4,0,193.3,0,2.965,0,250,250,0,0,1.6,0,0.01375,0.011,0.01375,0.01375,0,0,0,0
10/09/2007 00:00,0.029,0,13.58,32.2,325,0,193.3,0,2.906,0,250,250,0,0,1.6,0,0.01375,0.011,0.01375,0.01375,0,0,0,0
11/09/2007 00:00,0.028,0,13.29,32.1,327.1,0,193.3,0,2.846,0,250,250,0,0,1.5,0,0.01375,0.011,0.01375,0.01375,0,0,0,0
12/09/2007 00:00,0.026,0,13.16,32.1,328,0,193.3,0,2.786,0,250,250,0,0,1.5,0,0.01375,0.011,0.01375,0.01375,0,0,0,0
13/09/2007 00:00,0.025,0,14.66,32,317.4,0,193.3,0,2.726,0,250,250,0,0,1.5,0,0.01375,0.011,0.01375,0.01375,0,0,0,0
14/09/2007 00:00,0.024,0,16.81,31.1,303.2,0,193.3,0,2.801,0,250,250,0,0,1.5,0,0.01375,0.011,0.01375,0.01375,0,0,0,0
15/09/2007 00:00,0.024,0,13.46,30.3,325.9,0,193.3,0,2.876,0,250,250,0,0,1.5,0,0.01375,0.011,0.01375,0.01375,0,0,0,0
16/09/2007 00:00,0.023,0,13.75,29.4,323.8,0,193.3,0,2.95,0,250,250,0,0,1.6,0,0.01375,0.011,0.01375,0.01375,0,0,0,0
17/09/2007 00:00,0.022,0,11.68,28.6,339.2,0,193.3,0,3.025,0,250,250,0,0,1.6,0,0.01375,0.011,0.01375,0.01375,0,0,0,0
18/09/2007 00:00,0.022,0,12.56,27.7,332.5,0,193.3,0,3.1,0,250,250,0,0,1.7,0,0.01375,0.011,0.01375,0.01375,0,0,0,0
19/09/2007 00:00,0.021,0,17.3,26.9,300.1,0,193.3,0,3.175,0,250,250,0,0,1.7,0,0.01375,0.011,0.01375,0.01375,0,0,0,0
20/09/2007 00:00,0.021,0,13.5,26,325.6,0,193.3,0,3.25,0,250,250,0,0,1.8,0,0.01375,0.011,0.01375,0.01375,0,0,0,0
21/09/2007 00:00,0.02,0,12.72,25.1,331.3,0,193.3,0,3.325,0,250,250,0,0,1.8,0,0.01375,0.011,0.01375,0.01375,0,0,0,0
22/09/2007 00:00,0.019,0,9.68,24.3,355.4,0,193.3,0,3.4,0,250,250,0,0,1.8,0,0.01375,0.011,0.01375,0.01375,0,0,0,0
23/09/2007 00:00,0.019,0,10.63,23.4,347.5,0,193.3,0,3.475,0,250,250,0,0,1.9,0,0.01375,0.011,0.01375,0.01375,0,0,0,0
24/09/2007 00:00,0.018,0,16.79,22.6,303.3,0,193.3,0,3.55,0,250,250,0,0,1.9,0,0.01375,0.011,0.01375,0.01375,0,0,0,0
25/09/2007 00:00,0.017,0,14.33,21.7,319.7,0,193.3,0,3.624,0,250,250,0,0,2,0,0.01375,0.011,0.01375,0.01375,0,0,0,0
26/09/2007 00:00,0.017,0,13.6,20.9,324.8,0,193.3,0,3.699,0,250,250,0,0,2,0,0.01375,0.011,0.01375,0.01375,0,0,0,0
27/09/2007 00:00,0.016,0,17.05,20,301.6,0,193.3,0,3.774,0,250,250,0,0,2,0,0.01375,0.011,0.01375,0.01375,0,0,0,0
28/09/2007 00:00,0.015,0,19.96,19.2,284.3,0,193.3,0,3.954,0,250,250,0,0,2.1,0,0.01375,0.011,0.01375,0.01375,0,0,0,0
29/09/2007 00:00,0.014,0,12.99,18.4,329.3,0,193.3,0,4.134,0,250,250,0,0,2.2,0,0.01375,0.011,0.01375,0.01375,0,0,0,0
30/09/2007 00:00,0.013,0,17.62,17.6,298.1,0,193.3,0,4.313,0,250,250,0,0,2.3,0,0.01375,0.011,0.01375,0.01375,0,0,0,0
01/10/2007 00:00,0.012,0,21.59,16.9,275.4,0,193.3,0,4.493,0,250,250,0,0,2.4,0,0.01375,0.011,0.01375,0.01375,0,0,0,0
02/10/2007 00:00,0.011,0,17.75,16.1,297.3,0,193.3,0,4.673,0,250,250,0,0,2.5,0,0.01375,0.011,0.01375,0.01375,0,0,0,0
03/10/2007 00:00,0.01,0,22.7,15.3,269.6,0,193.3,0,4.853,0,250,250,0,0,2.6,0,0.01375,0.011,0.01375,0.01375,0,0,0,0
04/10/2007 00:00,0.009,0,15.47,14.5,311.9,0,193.3,7.07,5.032,0,250,250,1.8,0,2.7,0,0.01375,0.011,0.01375,0.01375,0,0,0,0
05/10/2007 00:00,0.007,0,18.05,13.7,295.5,0,193.3,23.97,5.212,0,250,250,6,0,2.8,0,0.01375,0.011,0.01375,0.01375,0,0,0,0
06/10/2007 00:00,0.006,0,20.15,12.9,283.2,0,193.3,40.87,5.392,0,250,250,10.2,0,2.9,0,0.01375,0.011,0.01375,0.01375,0,0,0,0
07/10/2007 00:00,0.005,0,15.94,12.1,308.8,0,193.3,57.77,5.571,0,250,250,14.4,0,3,0,0.01375,0.011,0.01375,0.01375,0,0,0,0
08/10/2007 00:00,0.004,0,15.46,11.4,312,0,193.3,74.66,5.751,0,250,250,18.7,0,3.1,0,0.01375,0.011,0.01375,0.01375,0,0,0,0
09/10/2007 00:00,0.003,0,14.99,10.6,315.1,0,193.3,91.56,5.931,0,250,250,22.9,0,3.2,0,0.01375,0.011,0.01375,0.01375,0,0,0,0
10/10/2007 00:00,0.002,0,12.83,9.8,330.5,0,193.3,108.46,6.111,0,250,250,27.1,0,3.3,0,0.01375,0.011,0.01375,0.01375,0,0,0,0
11/10/2007 00:00,0.001,0,20.79,9,279.7,0,193.3,125.36,6.29,0,250,250,31.3,0,3.4,0,0.01375,0.011,0.01375,0.01375,0,0,0,0
12/10/2007 00:00,0.001,0,17.26,12,300.3,0,193.3,109.32,6.455,0,250,250,27.3,0,3.5,0,0.01375,0.011,0.01375,0.01375,0,0,0,0
13/10/2007 00:00,0.001,0,11.36,15,341.7,0,193.3,93.28,6.62,0,250,250,23.3,0,3.6,0,0.01375,0.011,0.01375,0.01375,0,0,0,0
14/10/2007 00:00,0.002,0,15.69,18,310.5,0,193.3,77.23,6.785,0,250,250,19.3,0,3.7,0,0.01375,0.011,0.01375,0.01375,0,0,0,0
15/10/2007 00:00,0.002,0,21.39,21,276.5,0,193.3,61.19,6.949,0,250,250,15.3,0,3.7,0,0.01375,0.011,0.01375,0.01375,0,0,0,0
16/10/2007 00:00,0.002,0,20.02,24,283.9,0,193.3,45.15,7.114,0,250,250,11.3,0,3.8,0,0.01375,0.011,0.01375,0.01375,0,0,0,0
17/10/2007 00:00,0.002,0,10.06,27,352.2,0,193.3,29.11,7.279,0,250,250,7.3,0,3.9,0,0.01375,0.011,0.01375,0.01375,0,0,0,0
18/10/2007 00:00,0.003,0,10.38,30,349.6,0,193.3,13.07,7.444,0,250,250,3.3,0,4,0,0.01375,0.011,0.01375,0.01375,0,0,0,0
19/10/2007 00:00,0.003,0,18.31,33,293.9,0,193.3,0,7.608,0,250,250,0,0,4.1,0,0.01375,0.011,0.01375,0.01375,0,0,0,0
20/10/2007 00:00,0.003,0,18.48,36,292.9,0,193.3,0,7.773,0,250,250,0,0,4.2,0,0.01375,0.011,0.01375,0.01375,0,0,0,0
21/10/2007 00:00,0.003,0,22.79,39,269.1,0,193.3,0,7.938,0,250,250,0,0,4.3,0,0.01375,0.011,0.01375,0.01375,0,0,0,0
22/10/2007 00:00,0.004,0,22.99,42,268.1,0,193.3,0,8.103,0,250,250,0,0,4.4,0,0.01375,0.011,0.01375,0.01375,0,0,0,0
23/10/2007 00:00,0.004,0,19.38,45,287.6,0,193.3,0,8.267,0,250,250,0,0,4.5,0,0.01375,0.011,0.01375,0.01375,0,0,0,0
24/10/2007 00:00,0.004,0,16.99,48,302.1,0,193.3,0,8.432,0,250,250,0,0,4.5,0,0.01375,0.011,0.01375,0.01375,0,0,0,0
25/10/2007 00:00,0.004,0,15.85,51,309.4,0,193.3,0,8.597,0,250,250,0,0,4.6,0,0.01375,0.011,0.01375,0.01375,0,0,0,0
26/10/2007 00:00,0.006,0,16.87,52.3,302.8,0,193.3,0,8.552,0,250,250,0,0,4.6,0,0.01375,0.011,0.01375,0.01375,0,0,0,0
27/10/2007 00:00,0.008,0,18.11,53.6,295.1,0,193.3,0,8.507,0,250,250,0,0,4.6,0,0.01375,0.011,0.01375,0.01375,0,0,0,0
28/10/2007 00:00,0.01,0,20.76,54.9,279.9,0,193.3,0,8.462,0,250,250,0,0,4.6,0,0.01375,0.011,0.01375,0.01375,0,0,0,0
29/10/2007 00:00,0.011,0,22.19,56.1,272.2,0,193.3,0,8.417,0,250,250,0,0,4.5,0,0.01375,0.011,0.01375,0.01375,0,0,0,0
30/10/2007 00:00,0.013,0,19.35,57.4,287.8,0,193.3,0,8.372,0,250,250,0,0,4.5,0,0.01375,0.011,0.01375,0.01375,0,0,0,0
31/10/2007 00:00,0.015,0,17.31,58.7,300,0,193.3,0,8.327,0,250,250,0,0,4.5,0,0.01375,0.011,0.01375,0.01375,0,0,0,0
01/11/2007 00:00,0.017,0,17.59,60,298.3,0,193.3,0,8.282,0,250,250,0,0,4.5,0,0.01375,0.011,0.01375,0.01375,0,0,0,0
02/11/2007 00:00,0.019,0,21.13,61.3,277.8,0,193.3,0,8.237,0,250,250,0,0,4.4,0,0.01375,0.011,0.01375,0.01375,0,0,0,0
03/11/2007 00:00,0.02,0,18.7,62.6,291.6,0,193.3,0,8.192,0,250,250,0,0,4.4,0,0.01375,0.011,0.01375,0.01375,0,0,0,0
04/11/2007 00:00,0.022,0,18.28,63.9,294.1,0,193.3,0,8.147,0,250,250,0,0,4.4,0,0.01375,0.011,0.01375,0.01375,0,0,0,0
05/11/2007 00:00,0.024,0,11.33,65.1,341.9,0,193.3,0,8.103,0,250,250,0,0,4.4,0,0.01375,0.011,0.01375,0.01375,0,0,0,0
06/11/2007 00:00,0.026,0,11.86,66.4,337.8,0,193.3,0,8.058,0,250,250,0,0,4.3,0,0.01375,0.011,0.01375,0.01375,0,0,0,0
07/11/2007 00:00,0.027,0,11.88,67.7,337.7,0,193.3,0,8.013,0,250,250,0,0,4.3,0,0.01375,0.011,0.01375,0.01375,0,0,0,0
08/11/2007 00:00,0.029,0,12.84,69,330.4,0,193.3,0,7.968,0,250,250,0,0,4.3,0,0.01375,0.011,0.01375,0.01375,0,0,0,0
09/11/2007 00:00,0.027,0,13.88,65.2,322.8,0,193.3,0,8.537,0,250,250,0,0,4.6,0,0.01375,0.011,0.01375,0.01375,0,0,0,0
10/11/2007 00:00,0.026,0,14.2,61.4,320.6,0,193.3,0,9.106,0,250,250,0,0,4.9,0,0.01375,0.011,0.01375,0.01375,0,0,0,0
11/11/2007 00:00,0.024,0,16.11,57.6,307.7,0,193.3,0,9.675,0,250,250,0,0,5.2,0,0.01375,0.011,0.01375,0.01375,0,0,0,0
12/11/2007 00:00,0.022,0,17.27,53.9,300.3,0,193.3,0,10.244,0,250,250,0,0,5.5,0,0.01375,0.011,0.01375,0.01375,0,0,0,0
13/11/2007 00:00,0.02,0,18,50.1,295.8,0,193.3,0,10.813,0,250,250,0,0,5.8,0,0.01375,0.011,0.01375,0.01375,0,0,0,0
14/11/2007 00:00,0.019,0,22.62,46.3,270,0,193.3,0,11.382,0,250,250,0,0,6.1,0,0.01375,0.011,0.01375,0.01375,0,0,0,0
15/11/2007 00:00,0.017,0,21.2,42.5,277.5,0,193.3,0,11.952,0,250,250,0,0,6.4,0,0.01375,0.011,0.01375,0.01375,0,0,0,0
16/11/2007 00:00,0.015,0,21.4,38.7,276.4,0,193.3,0,12.521,0,250,250,0,0,6.7,0,0.01375,0.011,0.01375,0.01375,0,0,0,0
17/11/2007 00:00,0.014,0,21.01,34.9,278.5,0,193.3,0,13.09,0,250,250,0,0,7,0,0.01375,0.011,0.01375,0.01375,0,0,0,0
18/11/2007 00:00,0.012,0,20.33,31.1,282.3,0,193.3,0,13.659,0,250,250,0,0,7.4,0,0.01375,0.011,0.01375,0.01375,0,0,0,0
19/11/2007 00:00,0.01,0,20.47,27.4,281.4,0,193.3,0,14.228,0,250,250,0,0,7.7,0,0.01375,0.011,0.01375,0.01375,0,0,0,0
20/11/2007 00:00,0.008,0,19.62,23.6,286.3,0,193.3,0,14.797,0,250,250,0,0,8,0,0.01375,0.011,0.01375,0.01375,0,0,0,0
21/11/2007 00:00,0.007,0,21.89,19.8,273.8,0,193.3,0,15.366,0,250,250,0,0,8.3,0,0.01375,0.011,0.01375,0.01375,0,0,0,0
22/11/2007 00:00,0.005,0,16.99,16,302.1,0,193.3,0,15.935,0,250,250,0,0,8.6,0,0.01375,0.011,0.01375,0.01375,0,0,0,0
23/11/2007 00:00,0.006,0,15.52,16.1,311.6,0,193.3,0,15.291,0,250,250,0,0,8.2,0,0.01375,0.011,0.01375,0.01375,0,0,0,0
24/11/2007 00:00,0.008,0,16.37,16.1,306,0,193.3,0,14.647,0,250,250,0,0,7.9,0,0.01375,0.011,0.01375,0.01375,0,0,0,0
25/11/2007 00:00,0.01,0,19.86,16.2,284.9,0,193.3,0,14.003,0,250,250,0,0,7.5,0,0.01375,0.011,0.01375,0.01375,0,0,0,0
26/11/2007 00:00,0.011,0,19.46,16.3,287.1,0,193.3,0,13.359,0,250,250,0,0,7.2,0,0.01375,0.011,0.01375,0.01375,0,0,0,0
27/11/2007 00:00,0.013,0,16.64,16.4,304.3,0,193.3,0,12.715,0,250,250,0,0,6.8,0,0.01375,0.011,0.01375,0.01375,0,0,0,0
28/11/2007 00:00,0.014,0,19.97,16.4,284.3,0,193.3,0,12.071,0,250,250,0,0,6.5,0,0.01375,0.011,0.01375,0.01375,0,0,0,0
29/11/2007 00:00,0.016,0,19.4,16.5,287.5,0,193.3,0,11.427,0,250,250,0,0,6.2,0,0.01375,0.011,0.01375,0.01375,0,0,0,0
30/11/2007 00:00,0.017,0,18.06,16.6,295.4,0,193.3,0,10.783,0,250,250,0,0,5.8,0,0.01375,0.011,0.01375,0.01375,0,0,0,0
01/12/2007 00:00,0.019,0,17.05,16.6,301.6,0,193.3,0,10.139,0,250,250,0,0,5.5,0,0.01375,0.011,0.01375,0.01375,0,0,0,0
02/12/2007 00:00,0.02,0,18.3,16.7,294,0,193.3,0,9.495,0,250,250,0,0,5.1,0,0.01375,0.011,0.01375,0.01375,0,0,0,0
03/12/2007 00:00,0.022,0,19.83,16.8,285.1,0,193.3,0,8.851,0,250,250,0,0,4.8,0,0.01375,0.011,0.01375,0.01375,0,0,0,0
04/12/2007 00:00,0.024,0,21.02,16.9,278.4,0,193.3,0,8.207,0,250,250,0,0,4.4,0,0.01375,0.011,0.01375,0.01375,0,0,0,0
05/12/2007 00:00,0.025,0,18.41,16.9,293.3,0,193.3,0,7.563,0,250,250,0,0,4.1,0,0.01375,0.011,0.01375,0.01375,0,0,0,0
06/12/2007 00:00,0.027,0,19.59,17,286.4,0,193.3,0,6.919,0,250,250,0,0,3.7,0,0.01375,0.011,0.01375,0.01375,0,0,0,0
07/12/2007 00:00,0.028,0,21.51,17.1,275.8,0,193.3,0,6.65,0,250,250,0,0,3.6,0,0.01375,0.011,0.01375,0.01375,0,0,0,0
08/12/2007 00:00,0.029,0,20.72,17.1,280.1,0,193.3,0,6.38,0,250,250,0,0,3.4,0,0.01375,0.011,0.01375,0.01375,0,0,0,0
09/12/2007 00:00,0.03,0,24.96,17.2,258.4,0,193.3,0,6.111,0,250,250,0,0,3.3,0,0.01375,0.011,0.01375,0.01375,0,0,0,0
10/12/2007 00:00,0.031,0,19.7,17.3,285.8,0,193.3,0,5.841,0,250,250,0,0,3.1,0,0.01375,0.011,0.01375,0.01375,0,0,0,0
11/12/2007 00:00,0.032,0,14.72,17.4,317,0,193.3,0,5.571,0,250,250,0,0,3,0,0.01375,0.011,0.01375,0.01375,0,0,0,0
12/12/2007 00:00,0.033,0,15.65,17.4,310.7,0,193.3,0,5.302,0,250,250,0,0,2.9,0,0.01375,0.011,0.01375,0.01375,0,0,0,0
13/12/2007 00:00,0.034,0,14.84,17.5,316.2,0,193.3,0,5.032,0,250,250,0,0,2.7,0,0.01375,0.011,0.01375,0.01375,0,0,0,0
14/12/2007 00:00,0.035,0,16.83,17.6,303.1,0,193.3,0,4.763,0,250,250,0,0,2.6,0,0.01375,0.011,0.01375,0.01375,0,0,0,0
15/12/2007 00:00,0.036,0,22.24,17.6,271.9,0,193.3,0,4.493,0,250,250,0,0,2.4,0,0.01375,0.011,0.01375,0.01375,0,0,0,0
16/12/2007 00:00,0.037,0,20.36,17.7,282.1,0,193.3,0,4.224,0,250,250,0,0,2.3,0,0.01375,0.011,0.01375,0.01375,0,0,0,0
17/12/2007 00:00,0.038,0,16.39,17.8,305.9,0,193.3,0,3.954,0,250,250,0,0,2.1,0,0.01375,0.011,0.01375,0.01375,0,0,0,0
18/12/2007 00:00,0.039,0,17.02,17.9,301.9,0,193.3,0,3.684,0,250,250,0,0,2,0,0.01375,0.011,0.01375,0.01375,0,0,0,0
19/12/2007 00:00,0.04,0,18.49,17.9,292.9,0,193.3,0,3.415,0,250,250,0,0,1.8,0,0.01375,0.011,0.01375,0.01375,0,0,0,0
20/12/2007 00:00,0.041,0,19.24,18,288.4,0,193.3,0,3.145,0,250,250,0,0,1.7,0,0.01375,0.011,0.01375,0.01375,0,0,0,0
21/12/2007 00:00,0.039,0,24.28,18.1,261.7,0,193.3,0,3.894,0,250,250,0,0,2.1,0,0.01375,0.011,0.01375,0.01375,0,0,0,0
22/12/2007 00:00,0.036,0,21.09,18.3,278,0,193.3,0,4.643,0,250,250,0,0,2.5,0,0.01375,0.011,0.01375,0.01375,0,0,0,0
23/12/2007 00:00,0.034,0,16.9,18.4,302.6,0,193.3,0,5.392,0,250,250,0,0,2.9,0,0.01375,0.011,0.01375,0.01375,0,0,0,0
24/12/2007 00:00,0.031,0,17.78,18.6,297.2,0,193.3,0,6.141,0,250,250,0,0,3.3,0,0.01375,0.011,0.01375,0.01375,0,0,0,0
25/12/2007 00:00,0.029,0,15.2,18.7,313.7,0,193.3,0,6.889,0,250,250,0,0,3.7,0,0.01375,0.011,0.01375,0.01375,0,0,0,0
26/12/2007 00:00,0.026,0,17.77,18.9,297.2,0,193.3,0,7.638,0,250,250,0,0,4.1,0,0.01375,0.011,0.01375,0.01375,0,0,0,0
27/12/2007 00:00,0.024,0,20.87,19,279.2,0,193.3,0,8.387,0,250,250,0,0,4.5,0,0.01375,0.011,0.01375,0.01375,0,0,0,0
28/12/2007 00:00,0.021,0,20.54,19.1,281.1,0,193.3,0,9.136,0,250,250,0,0,4.9,0,0.01375,0.011,0.01375,0.01375,0,0,0,0
29/12/2007 00:00,0.019,0,20.49,19.3,281.4,0,193.3,0,9.885,0,250,250,0,0,5.3,0,0.01375,0.011,0.01375,0.01375,0,0,0,0
30/12/2007 00:00,0.016,0,19.8,19.4,285.2,0,193.3,0,10.634,0,250,250,0,0,5.7,0,0.01375,0.011,0.01375,0.01375,0,0,0,0
31/12/2007 00:00,0.014,0,18.81,19.6,290.9,0,193.3,0,11.382,0,250,250,0,0,6.1,0,0.01375,0.011,0.01375,0.01375,0,0,0,0
01/01/2008 00:00,0.012,0,13.23,19.7,327.5,0,193.3,0,12.131,0,250,250,0,0,6.5,0,0.01375,0.011,0.01375,0.01375,0,0,0,0
